interval_start,load_kwh
2025-12-18T00:00:00Z,0.401
2025-12-18T00:30:00Z,0.425
2025-12-18T01:00:00Z,0.232
2025-12-18T01:30:00Z,0.056
2025-12-18T02:00:00Z,0.046
2025-12-18T02:30:00Z,0.037
2025-12-18T03:00:00Z,0.042
2025-12-18T03:30:00Z,0.052
2025-12-18T04:00:00Z,0.061
2025-12-18T04:30:00Z,0.058
2025-12-18T05:00:00Z,0.053
2025-12-18T05:30:00Z,0.057
2025-12-18T06:00:00Z,0.045
2025-12-18T06:30:00Z,0.036
2025-12-18T07:00:00Z,0.054
2025-12-18T07:30:00Z,0.062
2025-12-18T08:00:00Z,0.054
2025-12-18T08:30:00Z,0.054
2025-12-18T09:00:00Z,0.088
2025-12-18T09:30:00Z,0.12
2025-12-18T10:00:00Z,0.163
2025-12-18T10:30:00Z,0.208
2025-12-18T11:00:00Z,0.147
2025-12-18T11:30:00Z,0.364
2025-12-18T12:00:00Z,0.336
2025-12-18T12:30:00Z,0.528
2025-12-18T13:00:00Z,0.129
2025-12-18T13:30:00Z,0.102
2025-12-18T14:00:00Z,0.095
2025-12-18T14:30:00Z,0.107
2025-12-18T15:00:00Z,0.087
2025-12-18T15:30:00Z,0.084
2025-12-18T16:00:00Z,0.124
2025-12-18T16:30:00Z,0.51
2025-12-18T17:00:00Z,0.203
2025-12-18T17:30:00Z,0.09
2025-12-18T18:00:00Z,0.104
2025-12-18T18:30:00Z,0.123
2025-12-18T19:00:00Z,0.134
2025-12-18T19:30:00Z,0.125
2025-12-18T20:00:00Z,0.138
2025-12-18T20:30:00Z,0.566
2025-12-18T21:00:00Z,0.409
2025-12-18T21:30:00Z,0.082
2025-12-18T22:00:00Z,0.518
2025-12-18T22:30:00Z,0.035
2025-12-18T23:00:00Z,0.052
2025-12-18T23:30:00Z,0.056
2025-12-19T00:00:00Z,0.107
2025-12-19T00:30:00Z,0.105
2025-12-19T01:00:00Z,0.092
2025-12-19T01:30:00Z,0.09
2025-12-19T02:00:00Z,0.088
2025-12-19T02:30:00Z,0.075
2025-12-19T03:00:00Z,0.073
2025-12-19T03:30:00Z,0.075
2025-12-19T04:00:00Z,0.075
2025-12-19T04:30:00Z,0.06
2025-12-19T05:00:00Z,0.057
2025-12-19T05:30:00Z,0.075
2025-12-19T06:00:00Z,0.062
2025-12-19T06:30:00Z,0.072
2025-12-19T07:00:00Z,0.093
2025-12-19T07:30:00Z,0.167
2025-12-19T08:00:00Z,0.171
2025-12-19T08:30:00Z,0.237
2025-12-19T09:00:00Z,0.531
2025-12-19T09:30:00Z,0.181
2025-12-19T10:00:00Z,0.185
2025-12-19T10:30:00Z,0.215
2025-12-19T11:00:00Z,0.79
2025-12-19T11:30:00Z,0.177
2025-12-19T12:00:00Z,0.169
2025-12-19T12:30:00Z,0.17
2025-12-19T13:00:00Z,0.186
2025-12-19T13:30:00Z,0.598
2025-12-19T14:00:00Z,0.222
2025-12-19T14:30:00Z,0.192
2025-12-19T15:00:00Z,0.149
2025-12-19T15:30:00Z,0.149
2025-12-19T16:00:00Z,0.143
2025-12-19T16:30:00Z,0.136
2025-12-19T17:00:00Z,0.149
2025-12-19T17:30:00Z,0.145
2025-12-19T18:00:00Z,0.125
2025-12-19T18:30:00Z,0.114
2025-12-19T19:00:00Z,0.411
2025-12-19T19:30:00Z,0.561
2025-12-19T20:00:00Z,0.53
2025-12-19T20:30:00Z,0.533
2025-12-19T21:00:00Z,0.386
2025-12-19T21:30:00Z,0.127
2025-12-19T22:00:00Z,0.144
2025-12-19T22:30:00Z,0.167
2025-12-19T23:00:00Z,0.158
2025-12-19T23:30:00Z,0.156
2025-12-20T00:00:00Z,0.054
2025-12-20T00:30:00Z,0.056
2025-12-20T01:00:00Z,0.04
2025-12-20T01:30:00Z,0.044
2025-12-20T02:00:00Z,0.046
2025-12-20T02:30:00Z,0.058
2025-12-20T03:00:00Z,0.033
2025-12-20T03:30:00Z,0.043
2025-12-20T04:00:00Z,0.044
2025-12-20T04:30:00Z,0.052
2025-12-20T05:00:00Z,0.047
2025-12-20T05:30:00Z,0.036
2025-12-20T06:00:00Z,0.044
2025-12-20T06:30:00Z,0.064
2025-12-20T07:00:00Z,0.071
2025-12-20T07:30:00Z,0.074
2025-12-20T08:00:00Z,0.066
2025-12-20T08:30:00Z,0.055
2025-12-20T09:00:00Z,0.059
2025-12-20T09:30:00Z,0.109
2025-12-20T10:00:00Z,0.289
2025-12-20T10:30:00Z,0.126
2025-12-20T11:00:00Z,0.107
2025-12-20T11:30:00Z,0.108
2025-12-20T12:00:00Z,0.106
2025-12-20T12:30:00Z,0.098
2025-12-20T13:00:00Z,0.086
2025-12-20T13:30:00Z,0.094
2025-12-20T14:00:00Z,0.085
2025-12-20T14:30:00Z,0.056
2025-12-20T15:00:00Z,0.05
2025-12-20T15:30:00Z,0.053
2025-12-20T16:00:00Z,0.051
2025-12-20T16:30:00Z,0.065
2025-12-20T17:00:00Z,0.073
2025-12-20T17:30:00Z,0.076
2025-12-20T18:00:00Z,0.096
2025-12-20T18:30:00Z,0.079
2025-12-20T19:00:00Z,0.093
2025-12-20T19:30:00Z,0.101
2025-12-20T20:00:00Z,0.061
2025-12-20T20:30:00Z,0.065
2025-12-20T21:00:00Z,0.091
2025-12-20T21:30:00Z,0.673
2025-12-20T22:00:00Z,0.218
2025-12-20T22:30:00Z,0.515
2025-12-20T23:00:00Z,0.047
2025-12-20T23:30:00Z,0.045
2025-12-21T00:00:00Z,0.057
2025-12-21T00:30:00Z,0.052
2025-12-21T01:00:00Z,0.063
2025-12-21T01:30:00Z,0.073
2025-12-21T02:00:00Z,0.072
2025-12-21T02:30:00Z,0.086
2025-12-21T03:00:00Z,0.086
2025-12-21T03:30:00Z,0.083
2025-12-21T04:00:00Z,0.076
2025-12-21T04:30:00Z,0.072
2025-12-21T05:00:00Z,0.062
2025-12-21T05:30:00Z,0.065
2025-12-21T06:00:00Z,0.072
2025-12-21T06:30:00Z,0.053
2025-12-21T07:00:00Z,0.069
2025-12-21T07:30:00Z,0.067
2025-12-21T08:00:00Z,0.075
2025-12-21T08:30:00Z,0.063
2025-12-21T09:00:00Z,0.166
2025-12-21T09:30:00Z,0.372
2025-12-21T10:00:00Z,0.193
2025-12-21T10:30:00Z,0.209
2025-12-21T11:00:00Z,0.26
2025-12-21T11:30:00Z,0.134
2025-12-21T12:00:00Z,0.097
2025-12-21T12:30:00Z,0.121
2025-12-21T13:00:00Z,0.123
2025-12-21T13:30:00Z,0.138
2025-12-21T14:00:00Z,0.151
2025-12-21T14:30:00Z,0.12
2025-12-21T15:00:00Z,0.154
2025-12-21T15:30:00Z,0.183
2025-12-21T16:00:00Z,0.151
2025-12-21T16:30:00Z,0.129
2025-12-21T17:00:00Z,0.147
2025-12-21T17:30:00Z,0.087
2025-12-21T18:00:00Z,0.072
2025-12-21T18:30:00Z,0.06
2025-12-21T19:00:00Z,0.079
2025-12-21T19:30:00Z,0.073
2025-12-21T20:00:00Z,0.048
2025-12-21T20:30:00Z,0.054
2025-12-21T21:00:00Z,0.056
2025-12-21T21:30:00Z,0.072
2025-12-21T22:00:00Z,0.111
2025-12-21T22:30:00Z,0.076
2025-12-21T23:00:00Z,0.06
2025-12-21T23:30:00Z,0.058
2025-12-22T00:00:00Z,0.058
2025-12-22T00:30:00Z,0.056
2025-12-22T01:00:00Z,0.06
2025-12-22T01:30:00Z,0.06
2025-12-22T02:00:00Z,0.06
2025-12-22T02:30:00Z,0.075
2025-12-22T03:00:00Z,0.095
2025-12-22T03:30:00Z,0.094
2025-12-22T04:00:00Z,0.093
2025-12-22T04:30:00Z,0.076
2025-12-22T05:00:00Z,0.056
2025-12-22T05:30:00Z,0.058
2025-12-22T06:00:00Z,0.063
2025-12-22T06:30:00Z,0.074
2025-12-22T07:00:00Z,0.06
2025-12-22T07:30:00Z,0.099
2025-12-22T08:00:00Z,0.315
2025-12-22T08:30:00Z,0.208
2025-12-22T09:00:00Z,0.218
2025-12-22T09:30:00Z,0.332
2025-12-22T10:00:00Z,0.172
2025-12-22T10:30:00Z,0.169
2025-12-22T11:00:00Z,0.141
2025-12-22T11:30:00Z,0.178
2025-12-22T12:00:00Z,0.173
2025-12-22T12:30:00Z,0.16
2025-12-22T13:00:00Z,0.21
2025-12-22T13:30:00Z,0.405
2025-12-22T14:00:00Z,0.129
2025-12-22T14:30:00Z,0.138
2025-12-22T15:00:00Z,0.128
2025-12-22T15:30:00Z,0.14
2025-12-22T16:00:00Z,0.161
2025-12-22T16:30:00Z,0.124
2025-12-22T17:00:00Z,0.15
2025-12-22T17:30:00Z,0.186
2025-12-22T18:00:00Z,0.123
2025-12-22T18:30:00Z,0.114
2025-12-22T19:00:00Z,0.139
2025-12-22T19:30:00Z,0.133
2025-12-22T20:00:00Z,0.119
2025-12-22T20:30:00Z,0.109
2025-12-22T21:00:00Z,0.179
2025-12-22T21:30:00Z,0.142
2025-12-22T22:00:00Z,0.12
2025-12-22T22:30:00Z,0.103
2025-12-22T23:00:00Z,0.098
2025-12-22T23:30:00Z,0.111
2025-12-23T00:00:00Z,0.92
2025-12-23T00:30:00Z,0.057
2025-12-23T01:00:00Z,0.043
2025-12-23T01:30:00Z,0.033
2025-12-23T02:00:00Z,0.032
2025-12-23T02:30:00Z,0.035
2025-12-23T03:00:00Z,0.045
2025-12-23T03:30:00Z,0.054
2025-12-23T04:00:00Z,0.047
2025-12-23T04:30:00Z,0.032
2025-12-23T05:00:00Z,0.028
2025-12-23T05:30:00Z,0.036
2025-12-23T06:00:00Z,0.037
2025-12-23T06:30:00Z,0.076
2025-12-23T07:00:00Z,0.105
2025-12-23T07:30:00Z,0.083
2025-12-23T08:00:00Z,0.07
2025-12-23T08:30:00Z,0.048
2025-12-23T09:00:00Z,0.081
2025-12-23T09:30:00Z,0.044
2025-12-23T10:00:00Z,0.048
2025-12-23T10:30:00Z,0.049
2025-12-23T11:00:00Z,0.065
2025-12-23T11:30:00Z,0.066
2025-12-23T12:00:00Z,0.036
2025-12-23T12:30:00Z,0.041
2025-12-23T13:00:00Z,0.063
2025-12-23T13:30:00Z,0.051
2025-12-23T14:00:00Z,0.044
2025-12-23T14:30:00Z,0.032
2025-12-23T15:00:00Z,0.032
2025-12-23T15:30:00Z,0.039
2025-12-23T16:00:00Z,0.054
2025-12-23T16:30:00Z,0.051
2025-12-23T17:00:00Z,0.038
2025-12-23T17:30:00Z,0.029
2025-12-23T18:00:00Z,0.04
2025-12-23T18:30:00Z,0.091
2025-12-23T19:00:00Z,0.071
2025-12-23T19:30:00Z,0.15
2025-12-23T20:00:00Z,0.063
2025-12-23T20:30:00Z,0.062
2025-12-23T21:00:00Z,0.108
2025-12-23T21:30:00Z,0.117
2025-12-23T22:00:00Z,0.083
2025-12-23T22:30:00Z,0.051
2025-12-23T23:00:00Z,0.057
2025-12-23T23:30:00Z,0.079
2025-12-24T00:00:00Z,0.063
2025-12-24T00:30:00Z,0.072
2025-12-24T01:00:00Z,0.059
2025-12-24T01:30:00Z,0.048
2025-12-24T02:00:00Z,0.045
2025-12-24T02:30:00Z,0.044
2025-12-24T03:00:00Z,0.05
2025-12-24T03:30:00Z,0.057
2025-12-24T04:00:00Z,0.057
2025-12-24T04:30:00Z,0.047
2025-12-24T05:00:00Z,0.048
2025-12-24T05:30:00Z,0.045
2025-12-24T06:00:00Z,0.061
2025-12-24T06:30:00Z,0.063
2025-12-24T07:00:00Z,0.078
2025-12-24T07:30:00Z,0.079
2025-12-24T08:00:00Z,0.076
2025-12-24T08:30:00Z,0.08
2025-12-24T09:00:00Z,0.186
2025-12-24T09:30:00Z,0.112
2025-12-24T10:00:00Z,0.094
2025-12-24T10:30:00Z,0.079
2025-12-24T11:00:00Z,0.127
2025-12-24T11:30:00Z,0.306
2025-12-24T12:00:00Z,0.42
2025-12-24T12:30:00Z,0.141
2025-12-24T13:00:00Z,0.103
2025-12-24T13:30:00Z,0.106
2025-12-24T14:00:00Z,0.069
2025-12-24T14:30:00Z,0.061
2025-12-24T15:00:00Z,0.088
2025-12-24T15:30:00Z,0.107
2025-12-24T16:00:00Z,0.117
2025-12-24T16:30:00Z,0.122
2025-12-24T17:00:00Z,0.088
2025-12-24T17:30:00Z,0.086
2025-12-24T18:00:00Z,0.1
2025-12-24T18:30:00Z,0.102
2025-12-24T19:00:00Z,0.099
2025-12-24T19:30:00Z,0.084
2025-12-24T20:00:00Z,0.078
2025-12-24T20:30:00Z,0.075
2025-12-24T21:00:00Z,0.057
2025-12-24T21:30:00Z,0.081
2025-12-24T22:00:00Z,0.112
2025-12-24T22:30:00Z,0.128
2025-12-24T23:00:00Z,0.068
2025-12-24T23:30:00Z,0.062
2025-12-25T00:00:00Z,0.089
2025-12-25T00:30:00Z,0.082
2025-12-25T01:00:00Z,0.074
2025-12-25T01:30:00Z,0.067
2025-12-25T02:00:00Z,0.059
2025-12-25T02:30:00Z,0.048
2025-12-25T03:00:00Z,0.053
2025-12-25T03:30:00Z,0.072
2025-12-25T04:00:00Z,0.074
2025-12-25T04:30:00Z,0.066
2025-12-25T05:00:00Z,0.055
2025-12-25T05:30:00Z,0.074
2025-12-25T06:00:00Z,0.09
2025-12-25T06:30:00Z,0.091
2025-12-25T07:00:00Z,0.088
2025-12-25T07:30:00Z,0.078
2025-12-25T08:00:00Z,0.076
2025-12-25T08:30:00Z,0.237
2025-12-25T09:00:00Z,0.186
2025-12-25T09:30:00Z,0.155
2025-12-25T10:00:00Z,0.132
2025-12-25T10:30:00Z,0.184
2025-12-25T11:00:00Z,0.187
2025-12-25T11:30:00Z,0.197
2025-12-25T12:00:00Z,0.209
2025-12-25T12:30:00Z,0.238
2025-12-25T13:00:00Z,0.252
2025-12-25T13:30:00Z,0.426
2025-12-25T14:00:00Z,0.169
2025-12-25T14:30:00Z,0.19
2025-12-25T15:00:00Z,0.221
2025-12-25T15:30:00Z,0.211
2025-12-25T16:00:00Z,0.717
2025-12-25T16:30:00Z,0.502
2025-12-25T17:00:00Z,0.219
2025-12-25T17:30:00Z,0.644
2025-12-25T18:00:00Z,0.172
2025-12-25T18:30:00Z,0.135
2025-12-25T19:00:00Z,0.13
2025-12-25T19:30:00Z,0.142
2025-12-25T20:00:00Z,0.139
2025-12-25T20:30:00Z,0.173
2025-12-25T21:00:00Z,0.123
2025-12-25T21:30:00Z,0.123
2025-12-25T22:00:00Z,0.105
2025-12-25T22:30:00Z,0.114
2025-12-25T23:00:00Z,0.086
2025-12-25T23:30:00Z,0.06
2025-12-26T00:00:00Z,0.054
2025-12-26T00:30:00Z,0.053
2025-12-26T01:00:00Z,0.044
2025-12-26T01:30:00Z,0.067
2025-12-26T02:00:00Z,0.07
2025-12-26T02:30:00Z,0.073
2025-12-26T03:00:00Z,0.069
2025-12-26T03:30:00Z,0.045
2025-12-26T04:00:00Z,0.057
2025-12-26T04:30:00Z,0.055
2025-12-26T05:00:00Z,0.049
2025-12-26T05:30:00Z,0.038
2025-12-26T06:00:00Z,0.036
2025-12-26T06:30:00Z,0.041
2025-12-26T07:00:00Z,0.053
2025-12-26T07:30:00Z,0.05
2025-12-26T08:00:00Z,0.059
2025-12-26T08:30:00Z,0.075
2025-12-26T09:00:00Z,0.19
2025-12-26T09:30:00Z,0.27
2025-12-26T10:00:00Z,0.168
2025-12-26T10:30:00Z,0.074
2025-12-26T11:00:00Z,0.258
2025-12-26T11:30:00Z,0.269
2025-12-26T12:00:00Z,0.192
2025-12-26T12:30:00Z,0.176
2025-12-26T13:00:00Z,0.11
2025-12-26T13:30:00Z,0.083
2025-12-26T14:00:00Z,0.063
2025-12-26T14:30:00Z,0.068
2025-12-26T15:00:00Z,0.082
2025-12-26T15:30:00Z,0.095
2025-12-26T16:00:00Z,0.445
2025-12-26T16:30:00Z,0.134
2025-12-26T17:00:00Z,0.129
2025-12-26T17:30:00Z,0.089
2025-12-26T18:00:00Z,0.504
2025-12-26T18:30:00Z,0.053
2025-12-26T19:00:00Z,0.091
2025-12-26T19:30:00Z,0.107
2025-12-26T20:00:00Z,0.102
2025-12-26T20:30:00Z,0.088
2025-12-26T21:00:00Z,0.104
2025-12-26T21:30:00Z,0.104
2025-12-26T22:00:00Z,0.112
2025-12-26T22:30:00Z,0.112
2025-12-26T23:00:00Z,0.148
2025-12-26T23:30:00Z,0.114
2025-12-27T00:00:00Z,0.357
2025-12-27T00:30:00Z,0.441
2025-12-27T01:00:00Z,0.406
2025-12-27T01:30:00Z,0.497
2025-12-27T02:00:00Z,0.078
2025-12-27T02:30:00Z,0.077
2025-12-27T03:00:00Z,0.055
2025-12-27T03:30:00Z,0.044
2025-12-27T04:00:00Z,0.045
2025-12-27T04:30:00Z,0.074
2025-12-27T05:00:00Z,0.075
2025-12-27T05:30:00Z,0.075
2025-12-27T06:00:00Z,0.069
2025-12-27T06:30:00Z,0.059
2025-12-27T07:00:00Z,0.052
2025-12-27T07:30:00Z,0.03
2025-12-27T08:00:00Z,0.048
2025-12-27T08:30:00Z,0.067
2025-12-27T09:00:00Z,0.338
2025-12-27T09:30:00Z,0.117
2025-12-27T10:00:00Z,0.064
2025-12-27T10:30:00Z,0.056
2025-12-27T11:00:00Z,0.044
2025-12-27T11:30:00Z,0.044
2025-12-27T12:00:00Z,0.044
2025-12-27T12:30:00Z,0.041
2025-12-27T13:00:00Z,0.04
2025-12-27T13:30:00Z,0.04
2025-12-27T14:00:00Z,0.049
2025-12-27T14:30:00Z,0.07
2025-12-27T15:00:00Z,0.075
2025-12-27T15:30:00Z,0.076
2025-12-27T16:00:00Z,0.066
2025-12-27T16:30:00Z,0.04
2025-12-27T17:00:00Z,0.042
2025-12-27T17:30:00Z,0.06
2025-12-27T18:00:00Z,0.054
2025-12-27T18:30:00Z,0.043
2025-12-27T19:00:00Z,0.06
2025-12-27T19:30:00Z,0.045
2025-12-27T20:00:00Z,0.052
2025-12-27T20:30:00Z,0.053
2025-12-27T21:00:00Z,0.08
2025-12-27T21:30:00Z,0.085
2025-12-27T22:00:00Z,0.103
2025-12-27T22:30:00Z,0.07
2025-12-27T23:00:00Z,0.047
2025-12-27T23:30:00Z,0.043
2025-12-28T00:00:00Z,0.063
2025-12-28T00:30:00Z,0.081
2025-12-28T01:00:00Z,0.081
2025-12-28T01:30:00Z,0.081
2025-12-28T02:00:00Z,0.056
2025-12-28T02:30:00Z,0.05
2025-12-28T03:00:00Z,0.045
2025-12-28T03:30:00Z,0.071
2025-12-28T04:00:00Z,0.069
2025-12-28T04:30:00Z,0.049
2025-12-28T05:00:00Z,0.048
2025-12-28T05:30:00Z,0.051
2025-12-28T06:00:00Z,0.061
2025-12-28T06:30:00Z,0.066
2025-12-28T07:00:00Z,0.056
2025-12-28T07:30:00Z,0.055
2025-12-28T08:00:00Z,0.085
2025-12-28T08:30:00Z,0.08
2025-12-28T09:00:00Z,0.092
2025-12-28T09:30:00Z,0.34
2025-12-28T10:00:00Z,0.159
2025-12-28T10:30:00Z,0.576
2025-12-28T11:00:00Z,0.239
2025-12-28T11:30:00Z,0.181
2025-12-28T12:00:00Z,0.133
2025-12-28T12:30:00Z,0.728
2025-12-28T13:00:00Z,0.211
2025-12-28T13:30:00Z,0.214
2025-12-28T14:00:00Z,0.189
2025-12-28T14:30:00Z,0.185
2025-12-28T15:00:00Z,0.145
2025-12-28T15:30:00Z,0.16
2025-12-28T16:00:00Z,0.182
2025-12-28T16:30:00Z,0.178
2025-12-28T17:00:00Z,0.172
2025-12-28T17:30:00Z,0.172
2025-12-28T18:00:00Z,0.161
2025-12-28T18:30:00Z,0.195
2025-12-28T19:00:00Z,0.203
2025-12-28T19:30:00Z,0.197
2025-12-28T20:00:00Z,0.195
2025-12-28T20:30:00Z,0.261
2025-12-28T21:00:00Z,0.238
2025-12-28T21:30:00Z,0.125
2025-12-28T22:00:00Z,0.105
2025-12-28T22:30:00Z,0.1
2025-12-28T23:00:00Z,0.099
2025-12-28T23:30:00Z,0.095
2025-12-29T00:00:00Z,0.06
2025-12-29T00:30:00Z,0.033
2025-12-29T01:00:00Z,0.036
2025-12-29T01:30:00Z,0.049
2025-12-29T02:00:00Z,0.044
2025-12-29T02:30:00Z,0.038
2025-12-29T03:00:00Z,0.037
2025-12-29T03:30:00Z,0.038
2025-12-29T04:00:00Z,0.047
2025-12-29T04:30:00Z,0.057
2025-12-29T05:00:00Z,0.048
2025-12-29T05:30:00Z,0.038
2025-12-29T06:00:00Z,0.037
2025-12-29T06:30:00Z,0.056
2025-12-29T07:00:00Z,0.073
2025-12-29T07:30:00Z,0.071
2025-12-29T08:00:00Z,0.059
2025-12-29T08:30:00Z,0.422
2025-12-29T09:00:00Z,0.633
2025-12-29T09:30:00Z,0.285
2025-12-29T10:00:00Z,0.589
2025-12-29T10:30:00Z,0.096
2025-12-29T11:00:00Z,0.096
2025-12-29T11:30:00Z,0.262
2025-12-29T12:00:00Z,0.233
2025-12-29T12:30:00Z,0.095
2025-12-29T13:00:00Z,0.3
2025-12-29T13:30:00Z,0.108
2025-12-29T14:00:00Z,0.139
2025-12-29T14:30:00Z,0.128
2025-12-29T15:00:00Z,0.481
2025-12-29T15:30:00Z,0.163
2025-12-29T16:00:00Z,0.125
2025-12-29T16:30:00Z,0.066
2025-12-29T17:00:00Z,0.051
2025-12-29T17:30:00Z,0.064
2025-12-29T18:00:00Z,0.069
2025-12-29T18:30:00Z,0.061
2025-12-29T19:00:00Z,0.045
2025-12-29T19:30:00Z,0.053
2025-12-29T20:00:00Z,0.053
2025-12-29T20:30:00Z,0.052
2025-12-29T21:00:00Z,0.067
2025-12-29T21:30:00Z,0.062
2025-12-29T22:00:00Z,0.071
2025-12-29T22:30:00Z,0.056
2025-12-29T23:00:00Z,0.041
2025-12-29T23:30:00Z,0.248
2025-12-30T00:00:00Z,0.079
2025-12-30T00:30:00Z,0.071
2025-12-30T01:00:00Z,0.047
2025-12-30T01:30:00Z,0.043
2025-12-30T02:00:00Z,0.041
2025-12-30T02:30:00Z,0.044
2025-12-30T03:00:00Z,0.051
2025-12-30T03:30:00Z,0.057
2025-12-30T04:00:00Z,0.043
2025-12-30T04:30:00Z,0.051
2025-12-30T05:00:00Z,0.059
2025-12-30T05:30:00Z,0.041
2025-12-30T06:00:00Z,0.04
2025-12-30T06:30:00Z,0.06
2025-12-30T07:00:00Z,0.055
2025-12-30T07:30:00Z,0.043
2025-12-30T08:00:00Z,0.067
2025-12-30T08:30:00Z,0.072
2025-12-30T09:00:00Z,0.102
2025-12-30T09:30:00Z,0.298
2025-12-30T10:00:00Z,0.167
2025-12-30T10:30:00Z,0.075
2025-12-30T11:00:00Z,0.086
2025-12-30T11:30:00Z,0.078
2025-12-30T12:00:00Z,0.08
2025-12-30T12:30:00Z,0.089
2025-12-30T13:00:00Z,0.08
2025-12-30T13:30:00Z,0.075
2025-12-30T14:00:00Z,0.093
2025-12-30T14:30:00Z,0.106
2025-12-30T15:00:00Z,0.108
2025-12-30T15:30:00Z,0.089
2025-12-30T16:00:00Z,0.084
2025-12-30T16:30:00Z,0.086
2025-12-30T17:00:00Z,0.088
2025-12-30T17:30:00Z,0.09
2025-12-30T18:00:00Z,0.111
2025-12-30T18:30:00Z,0.381
2025-12-30T19:00:00Z,0.232
2025-12-30T19:30:00Z,0.101
2025-12-30T20:00:00Z,0.089
2025-12-30T20:30:00Z,0.066
2025-12-30T21:00:00Z,0.069
2025-12-30T21:30:00Z,0.062
2025-12-30T22:00:00Z,0.051
2025-12-30T22:30:00Z,0.061
2025-12-30T23:00:00Z,0.105
2025-12-30T23:30:00Z,0.473
2025-12-31T00:00:00Z,0.062
2025-12-31T00:30:00Z,0.066
2025-12-31T01:00:00Z,0.114
2025-12-31T01:30:00Z,0.162
2025-12-31T02:00:00Z,0.186
2025-12-31T02:30:00Z,0.139
2025-12-31T03:00:00Z,0.132
2025-12-31T03:30:00Z,0.133
2025-12-31T04:00:00Z,0.139
2025-12-31T04:30:00Z,0.144
2025-12-31T05:00:00Z,0.132
2025-12-31T05:30:00Z,0.105
2025-12-31T06:00:00Z,0.068
2025-12-31T06:30:00Z,0.083
2025-12-31T07:00:00Z,0.072
2025-12-31T07:30:00Z,0.08
2025-12-31T08:00:00Z,0.052
2025-12-31T08:30:00Z,0.052
2025-12-31T09:00:00Z,0.052
2025-12-31T09:30:00Z,0.07
2025-12-31T10:00:00Z,0.084
2025-12-31T10:30:00Z,0.582
2025-12-31T11:00:00Z,0.263
2025-12-31T11:30:00Z,0.195
2025-12-31T12:00:00Z,0.544
2025-12-31T12:30:00Z,0.171
2025-12-31T13:00:00Z,0.189
2025-12-31T13:30:00Z,0.409
2025-12-31T14:00:00Z,0.341
2025-12-31T14:30:00Z,0.114
2025-12-31T15:00:00Z,0.088
2025-12-31T15:30:00Z,0.102
2025-12-31T16:00:00Z,0.115
2025-12-31T16:30:00Z,0.109
2025-12-31T17:00:00Z,0.182
2025-12-31T17:30:00Z,0.142
2025-12-31T18:00:00Z,0.134
2025-12-31T18:30:00Z,0.131
2025-12-31T19:00:00Z,0.121
2025-12-31T19:30:00Z,0.213
2025-12-31T20:00:00Z,0.421
2025-12-31T20:30:00Z,0.475
2025-12-31T21:00:00Z,0.41
2025-12-31T21:30:00Z,0.295
2025-12-31T22:00:00Z,0.061
2025-12-31T22:30:00Z,0.061
2025-12-31T23:00:00Z,0.07
2025-12-31T23:30:00Z,0.072
2026-01-01T00:00:00Z,0.069
2026-01-01T00:30:00Z,0.068
2026-01-01T01:00:00Z,0.067
2026-01-01T01:30:00Z,0.065
2026-01-01T02:00:00Z,0.074
2026-01-01T02:30:00Z,0.066
2026-01-01T03:00:00Z,0.058
2026-01-01T03:30:00Z,0.073
2026-01-01T04:00:00Z,0.073
2026-01-01T04:30:00Z,0.061
2026-01-01T05:00:00Z,0.06
2026-01-01T05:30:00Z,0.062
2026-01-01T06:00:00Z,0.085
2026-01-01T06:30:00Z,0.276
2026-01-01T07:00:00Z,0.231
2026-01-01T07:30:00Z,0.114
2026-01-01T08:00:00Z,0.143
2026-01-01T08:30:00Z,0.1
2026-01-01T09:00:00Z,0.153
2026-01-01T09:30:00Z,0.1
2026-01-01T10:00:00Z,0.111
2026-01-01T10:30:00Z,0.1
2026-01-01T11:00:00Z,0.105
2026-01-01T11:30:00Z,0.1
2026-01-01T12:00:00Z,0.204
2026-01-01T12:30:00Z,0.097
2026-01-01T13:00:00Z,0.108
2026-01-01T13:30:00Z,0.097
2026-01-01T14:00:00Z,0.119
2026-01-01T14:30:00Z,0.075
2026-01-01T15:00:00Z,0.055
2026-01-01T15:30:00Z,0.14
2026-01-01T16:00:00Z,0.63
2026-01-01T16:30:00Z,0.504
2026-01-01T17:00:00Z,0.492
2026-01-01T17:30:00Z,0.331
2026-01-01T18:00:00Z,0.153
2026-01-01T18:30:00Z,0.158
2026-01-01T19:00:00Z,0.15
2026-01-01T19:30:00Z,0.111
2026-01-01T20:00:00Z,0.1
2026-01-01T20:30:00Z,0.1
2026-01-01T21:00:00Z,0.103
2026-01-01T21:30:00Z,0.105
2026-01-01T22:00:00Z,0.105
2026-01-01T22:30:00Z,0.111
2026-01-01T23:00:00Z,0.094
2026-01-01T23:30:00Z,0.11
2026-01-02T00:00:00Z,0.095
2026-01-02T00:30:00Z,0.072
2026-01-02T01:00:00Z,0.065
2026-01-02T01:30:00Z,0.074
2026-01-02T02:00:00Z,0.076
2026-01-02T02:30:00Z,0.071
2026-01-02T03:00:00Z,0.097
2026-01-02T03:30:00Z,0.105
2026-01-02T04:00:00Z,0.094
2026-01-02T04:30:00Z,0.07
2026-01-02T05:00:00Z,0.086
2026-01-02T05:30:00Z,0.074
2026-01-02T06:00:00Z,0.073
2026-01-02T06:30:00Z,0.065
2026-01-02T07:00:00Z,0.074
2026-01-02T07:30:00Z,0.076
2026-01-02T08:00:00Z,0.497
2026-01-02T08:30:00Z,0.39
2026-01-02T09:00:00Z,0.183
2026-01-02T09:30:00Z,0.129
2026-01-02T10:00:00Z,0.115
2026-01-02T10:30:00Z,0.119
2026-01-02T11:00:00Z,0.142
2026-01-02T11:30:00Z,0.15
2026-01-02T12:00:00Z,0.398
2026-01-02T12:30:00Z,0.273
2026-01-02T13:00:00Z,0.222
2026-01-02T13:30:00Z,0.159
2026-01-02T14:00:00Z,0.175
2026-01-02T14:30:00Z,0.164
2026-01-02T15:00:00Z,0.15
2026-01-02T15:30:00Z,0.14
2026-01-02T16:00:00Z,0.162
2026-01-02T16:30:00Z,0.156
2026-01-02T17:00:00Z,0.155
2026-01-02T17:30:00Z,0.173
2026-01-02T18:00:00Z,0.201
2026-01-02T18:30:00Z,0.206
2026-01-02T19:00:00Z,0.199
2026-01-02T19:30:00Z,0.187
2026-01-02T20:00:00Z,0.133
2026-01-02T20:30:00Z,0.236
2026-01-02T21:00:00Z,0.485
2026-01-02T21:30:00Z,0.164
2026-01-02T22:00:00Z,0.106
2026-01-02T22:30:00Z,0.116
2026-01-02T23:00:00Z,0.478
2026-01-02T23:30:00Z,0.071
2026-01-03T00:00:00Z,0.094
2026-01-03T00:30:00Z,0.084
2026-01-03T01:00:00Z,0.066
2026-01-03T01:30:00Z,0.059
2026-01-03T02:00:00Z,0.063
2026-01-03T02:30:00Z,0.078
2026-01-03T03:00:00Z,0.078
2026-01-03T03:30:00Z,0.063
2026-01-03T04:00:00Z,0.072
2026-01-03T04:30:00Z,0.068
2026-01-03T05:00:00Z,0.072
2026-01-03T05:30:00Z,0.078
2026-01-03T06:00:00Z,0.068
2026-01-03T06:30:00Z,0.063
2026-01-03T07:00:00Z,0.057
2026-01-03T07:30:00Z,0.078
2026-01-03T08:00:00Z,0.069
2026-01-03T08:30:00Z,0.233
2026-01-03T09:00:00Z,0.318
2026-01-03T09:30:00Z,0.231
2026-01-03T10:00:00Z,0.144
2026-01-03T10:30:00Z,0.111
2026-01-03T11:00:00Z,0.17
2026-01-03T11:30:00Z,0.129
2026-01-03T12:00:00Z,0.086
2026-01-03T12:30:00Z,0.083
2026-01-03T13:00:00Z,0.066
2026-01-03T13:30:00Z,0.059
2026-01-03T14:00:00Z,0.064
2026-01-03T14:30:00Z,0.062
2026-01-03T15:00:00Z,0.075
2026-01-03T15:30:00Z,0.077
2026-01-03T16:00:00Z,0.059
2026-01-03T16:30:00Z,0.062
2026-01-03T17:00:00Z,0.068
2026-01-03T17:30:00Z,0.258
2026-01-03T18:00:00Z,0.509
2026-01-03T18:30:00Z,0.357
2026-01-03T19:00:00Z,0.48
2026-01-03T19:30:00Z,0.209
2026-01-03T20:00:00Z,0.148
2026-01-03T20:30:00Z,0.17
2026-01-03T21:00:00Z,0.148
2026-01-03T21:30:00Z,0.141
2026-01-03T22:00:00Z,0.119
2026-01-03T22:30:00Z,0.136
2026-01-03T23:00:00Z,0.128
2026-01-03T23:30:00Z,0.169
2026-01-04T00:00:00Z,0.097
2026-01-04T00:30:00Z,0.073
2026-01-04T01:00:00Z,0.071
2026-01-04T01:30:00Z,0.072
2026-01-04T02:00:00Z,0.091
2026-01-04T02:30:00Z,0.1
2026-01-04T03:00:00Z,0.097
2026-01-04T03:30:00Z,0.077
2026-01-04T04:00:00Z,0.073
2026-01-04T04:30:00Z,0.078
2026-01-04T05:00:00Z,0.084
2026-01-04T05:30:00Z,0.089
2026-01-04T06:00:00Z,0.067
2026-01-04T06:30:00Z,0.072
2026-01-04T07:00:00Z,0.075
2026-01-04T07:30:00Z,0.075
2026-01-04T08:00:00Z,0.085
2026-01-04T08:30:00Z,0.109
2026-01-04T09:00:00Z,0.244
2026-01-04T09:30:00Z,0.133
2026-01-04T10:00:00Z,0.203
2026-01-04T10:30:00Z,0.221
2026-01-04T11:00:00Z,0.244
2026-01-04T11:30:00Z,0.214
2026-01-04T12:00:00Z,0.193
2026-01-04T12:30:00Z,0.381
2026-01-04T13:00:00Z,0.643
2026-01-04T13:30:00Z,0.529
2026-01-04T14:00:00Z,0.619
2026-01-04T14:30:00Z,0.223
2026-01-04T15:00:00Z,0.133
2026-01-04T15:30:00Z,0.117
2026-01-04T16:00:00Z,0.115
2026-01-04T16:30:00Z,0.13
2026-01-04T17:00:00Z,0.142
2026-01-04T17:30:00Z,0.147
2026-01-04T18:00:00Z,0.102
2026-01-04T18:30:00Z,0.161
2026-01-04T19:00:00Z,0.213
2026-01-04T19:30:00Z,0.409
2026-01-04T20:00:00Z,0.312
2026-01-04T20:30:00Z,0.187
2026-01-04T21:00:00Z,0.6
2026-01-04T21:30:00Z,0.158
2026-01-04T22:00:00Z,0.175
2026-01-04T22:30:00Z,0.181
2026-01-04T23:00:00Z,0.163
2026-01-04T23:30:00Z,0.152
2026-01-05T00:00:00Z,0.061
2026-01-05T00:30:00Z,0.053
2026-01-05T01:00:00Z,0.05
2026-01-05T01:30:00Z,0.057
2026-01-05T02:00:00Z,0.06
2026-01-05T02:30:00Z,0.062
2026-01-05T03:00:00Z,0.055
2026-01-05T03:30:00Z,0.075
2026-01-05T04:00:00Z,0.058
2026-01-05T04:30:00Z,0.049
2026-01-05T05:00:00Z,0.053
2026-01-05T05:30:00Z,0.057
2026-01-05T06:00:00Z,0.057
2026-01-05T06:30:00Z,0.059
2026-01-05T07:00:00Z,0.135
2026-01-05T07:30:00Z,0.166
2026-01-05T08:00:00Z,0.166
2026-01-05T08:30:00Z,0.094
2026-01-05T09:00:00Z,0.146
2026-01-05T09:30:00Z,0.096
2026-01-05T10:00:00Z,0.089
2026-01-05T10:30:00Z,0.084
2026-01-05T11:00:00Z,0.084
2026-01-05T11:30:00Z,0.085
2026-01-05T12:00:00Z,0.194
2026-01-05T12:30:00Z,0.139
2026-01-05T13:00:00Z,0.072
2026-01-05T13:30:00Z,0.073
2026-01-05T14:00:00Z,0.062
2026-01-05T14:30:00Z,0.07
2026-01-05T15:00:00Z,0.06
2026-01-05T15:30:00Z,0.081
2026-01-05T16:00:00Z,0.099
2026-01-05T16:30:00Z,0.551
2026-01-05T17:00:00Z,0.815
2026-01-05T17:30:00Z,0.151
2026-01-05T18:00:00Z,0.147
2026-01-05T18:30:00Z,0.105
2026-01-05T19:00:00Z,0.093
2026-01-05T19:30:00Z,0.082
2026-01-05T20:00:00Z,0.095
2026-01-05T20:30:00Z,0.247
2026-01-05T21:00:00Z,0.161
2026-01-05T21:30:00Z,0.142
2026-01-05T22:00:00Z,0.483
2026-01-05T22:30:00Z,0.164
2026-01-05T23:00:00Z,0.194
2026-01-05T23:30:00Z,0.143
2026-01-06T00:00:00Z,0.068
2026-01-06T00:30:00Z,0.063
2026-01-06T01:00:00Z,0.066
2026-01-06T01:30:00Z,0.065
2026-01-06T02:00:00Z,0.071
2026-01-06T02:30:00Z,0.065
2026-01-06T03:00:00Z,0.053
2026-01-06T03:30:00Z,0.066
2026-01-06T04:00:00Z,0.066
2026-01-06T04:30:00Z,0.056
2026-01-06T05:00:00Z,0.067
2026-01-06T05:30:00Z,0.057
2026-01-06T06:00:00Z,0.053
2026-01-06T06:30:00Z,0.063
2026-01-06T07:00:00Z,0.095
2026-01-06T07:30:00Z,0.101
2026-01-06T08:00:00Z,0.305
2026-01-06T08:30:00Z,0.681
2026-01-06T09:00:00Z,0.415
2026-01-06T09:30:00Z,0.391
2026-01-06T10:00:00Z,0.473
2026-01-06T10:30:00Z,0.629
2026-01-06T11:00:00Z,0.566
2026-01-06T11:30:00Z,0.481
2026-01-06T12:00:00Z,0.157
2026-01-06T12:30:00Z,0.07
2026-01-06T13:00:00Z,0.072
2026-01-06T13:30:00Z,0.134
2026-01-06T14:00:00Z,0.186
2026-01-06T14:30:00Z,0.147
2026-01-06T15:00:00Z,0.163
2026-01-06T15:30:00Z,0.168
2026-01-06T16:00:00Z,0.142
2026-01-06T16:30:00Z,0.162
2026-01-06T17:00:00Z,0.148
2026-01-06T17:30:00Z,0.29
2026-01-06T18:00:00Z,0.647
2026-01-06T18:30:00Z,0.457
2026-01-06T19:00:00Z,0.26
2026-01-06T19:30:00Z,0.169
2026-01-06T20:00:00Z,0.162
2026-01-06T20:30:00Z,0.169
2026-01-06T21:00:00Z,0.169
2026-01-06T21:30:00Z,0.481
2026-01-06T22:00:00Z,0.132
2026-01-06T22:30:00Z,0.132
2026-01-06T23:00:00Z,0.142
2026-01-06T23:30:00Z,0.607
2026-01-07T00:00:00Z,0.113
2026-01-07T00:30:00Z,0.097
2026-01-07T01:00:00Z,0.097
2026-01-07T01:30:00Z,0.085
2026-01-07T02:00:00Z,0.07
2026-01-07T02:30:00Z,0.054
2026-01-07T03:00:00Z,0.084
2026-01-07T03:30:00Z,0.09
2026-01-07T04:00:00Z,0.095
2026-01-07T04:30:00Z,0.088
2026-01-07T05:00:00Z,0.053
2026-01-07T05:30:00Z,0.061
2026-01-07T06:00:00Z,0.061
2026-01-07T06:30:00Z,0.058
2026-01-07T07:00:00Z,0.084
2026-01-07T07:30:00Z,0.161
2026-01-07T08:00:00Z,0.24
2026-01-07T08:30:00Z,0.258
2026-01-07T09:00:00Z,0.12
2026-01-07T09:30:00Z,0.108
2026-01-07T10:00:00Z,0.14
2026-01-07T10:30:00Z,0.142
2026-01-07T11:00:00Z,0.146
2026-01-07T11:30:00Z,0.4
2026-01-07T12:00:00Z,0.334
2026-01-07T12:30:00Z,0.131
2026-01-07T13:00:00Z,0.127
2026-01-07T13:30:00Z,0.126
2026-01-07T14:00:00Z,0.107
2026-01-07T14:30:00Z,0.084
2026-01-07T15:00:00Z,0.077
2026-01-07T15:30:00Z,0.116
2026-01-07T16:00:00Z,0.212
2026-01-07T16:30:00Z,0.194
2026-01-07T17:00:00Z,0.157
2026-01-07T17:30:00Z,0.152
2026-01-07T18:00:00Z,0.507
2026-01-07T18:30:00Z,0.25
2026-01-07T19:00:00Z,0.171
2026-01-07T19:30:00Z,0.195
2026-01-07T20:00:00Z,0.142
2026-01-07T20:30:00Z,0.12
2026-01-07T21:00:00Z,0.105
2026-01-07T21:30:00Z,0.126
2026-01-07T22:00:00Z,0.118
2026-01-07T22:30:00Z,0.11
2026-01-07T23:00:00Z,0.11
2026-01-07T23:30:00Z,0.096
2026-01-08T00:00:00Z,0.117
2026-01-08T00:30:00Z,0.082
2026-01-08T01:00:00Z,0.068
2026-01-08T01:30:00Z,0.066
2026-01-08T02:00:00Z,0.066
2026-01-08T02:30:00Z,0.063
2026-01-08T03:00:00Z,0.063
2026-01-08T03:30:00Z,0.063
2026-01-08T04:00:00Z,0.053
2026-01-08T04:30:00Z,0.052
2026-01-08T05:00:00Z,0.08
2026-01-08T05:30:00Z,0.107
2026-01-08T06:00:00Z,0.108
2026-01-08T06:30:00Z,0.089
2026-01-08T07:00:00Z,0.067
2026-01-08T07:30:00Z,0.066
2026-01-08T08:00:00Z,0.068
2026-01-08T08:30:00Z,0.08
2026-01-08T09:00:00Z,0.179
2026-01-08T09:30:00Z,0.135
2026-01-08T10:00:00Z,0.162
2026-01-08T10:30:00Z,0.245
2026-01-08T11:00:00Z,0.16
2026-01-08T11:30:00Z,0.295
2026-01-08T12:00:00Z,0.402
2026-01-08T12:30:00Z,0.31
2026-01-08T13:00:00Z,0.183
2026-01-08T13:30:00Z,0.1
2026-01-08T14:00:00Z,0.112
2026-01-08T14:30:00Z,0.125
2026-01-08T15:00:00Z,0.263
2026-01-08T15:30:00Z,0.27
2026-01-08T16:00:00Z,0.182
2026-01-08T16:30:00Z,0.189
2026-01-08T17:00:00Z,0.173
2026-01-08T17:30:00Z,0.144
2026-01-08T18:00:00Z,0.176
2026-01-08T18:30:00Z,0.318
2026-01-08T19:00:00Z,0.135
2026-01-08T19:30:00Z,0.28
2026-01-08T20:00:00Z,0.11
2026-01-08T20:30:00Z,0.128
2026-01-08T21:00:00Z,0.47
2026-01-08T21:30:00Z,0.133
2026-01-08T22:00:00Z,0.173
2026-01-08T22:30:00Z,0.179
2026-01-08T23:00:00Z,0.63
2026-01-08T23:30:00Z,0.101
2026-01-09T00:00:00Z,0.074
2026-01-09T00:30:00Z,0.068
2026-01-09T01:00:00Z,0.071
2026-01-09T01:30:00Z,0.078
2026-01-09T02:00:00Z,0.064
2026-01-09T02:30:00Z,0.056
2026-01-09T03:00:00Z,0.056
2026-01-09T03:30:00Z,0.075
2026-01-09T04:00:00Z,0.084
2026-01-09T04:30:00Z,0.071
2026-01-09T05:00:00Z,0.063
2026-01-09T05:30:00Z,0.065
2026-01-09T06:00:00Z,0.102
2026-01-09T06:30:00Z,0.286
2026-01-09T07:00:00Z,0.292
2026-01-09T07:30:00Z,0.162
2026-01-09T08:00:00Z,0.157
2026-01-09T08:30:00Z,0.182
2026-01-09T09:00:00Z,0.126
2026-01-09T09:30:00Z,0.119
2026-01-09T10:00:00Z,0.12
2026-01-09T10:30:00Z,0.107
2026-01-09T11:00:00Z,0.098
2026-01-09T11:30:00Z,0.377
2026-01-09T12:00:00Z,0.09
2026-01-09T12:30:00Z,0.164
2026-01-09T13:00:00Z,0.161
2026-01-09T13:30:00Z,0.258
2026-01-09T14:00:00Z,0.107
2026-01-09T14:30:00Z,0.19
2026-01-09T15:00:00Z,0.084
2026-01-09T15:30:00Z,0.097
2026-01-09T16:00:00Z,0.103
2026-01-09T16:30:00Z,0.273
2026-01-09T17:00:00Z,0.279
2026-01-09T17:30:00Z,0.333
2026-01-09T18:00:00Z,0.14
2026-01-09T18:30:00Z,0.111
2026-01-09T19:00:00Z,0.119
2026-01-09T19:30:00Z,0.103
2026-01-09T20:00:00Z,0.084
2026-01-09T20:30:00Z,0.128
2026-01-09T21:00:00Z,0.114
2026-01-09T21:30:00Z,0.44
2026-01-09T22:00:00Z,0.121
2026-01-09T22:30:00Z,0.102
2026-01-09T23:00:00Z,0.158
2026-01-09T23:30:00Z,0.422
2026-01-10T00:00:00Z,0.095
2026-01-10T00:30:00Z,0.505
2026-01-10T01:00:00Z,0.053
2026-01-10T01:30:00Z,0.06
2026-01-10T02:00:00Z,0.076
2026-01-10T02:30:00Z,0.079
2026-01-10T03:00:00Z,0.098
2026-01-10T03:30:00Z,0.101
2026-01-10T04:00:00Z,0.098
2026-01-10T04:30:00Z,0.097
2026-01-10T05:00:00Z,0.095
2026-01-10T05:30:00Z,0.103
2026-01-10T06:00:00Z,0.1
2026-01-10T06:30:00Z,0.104
2026-01-10T07:00:00Z,0.104
2026-01-10T07:30:00Z,0.098
2026-01-10T08:00:00Z,0.095
2026-01-10T08:30:00Z,0.095
2026-01-10T09:00:00Z,0.082
2026-01-10T09:30:00Z,0.109
2026-01-10T10:00:00Z,0.107
2026-01-10T10:30:00Z,0.148
2026-01-10T11:00:00Z,0.153
2026-01-10T11:30:00Z,0.136
2026-01-10T12:00:00Z,0.157
2026-01-10T12:30:00Z,0.174
2026-01-10T13:00:00Z,0.16
2026-01-10T13:30:00Z,0.307
2026-01-10T14:00:00Z,0.18
2026-01-10T14:30:00Z,0.139
2026-01-10T15:00:00Z,0.133
2026-01-10T15:30:00Z,0.14
2026-01-10T16:00:00Z,0.139
2026-01-10T16:30:00Z,0.133
2026-01-10T17:00:00Z,0.118
2026-01-10T17:30:00Z,0.107
2026-01-10T18:00:00Z,0.115
2026-01-10T18:30:00Z,0.178
2026-01-10T19:00:00Z,0.153
2026-01-10T19:30:00Z,0.161
2026-01-10T20:00:00Z,0.225
2026-01-10T20:30:00Z,0.15
2026-01-10T21:00:00Z,0.15
2026-01-10T21:30:00Z,0.143
2026-01-10T22:00:00Z,0.341
2026-01-10T22:30:00Z,0.503
2026-01-10T23:00:00Z,0.515
2026-01-10T23:30:00Z,0.478
2026-01-11T00:00:00Z,0.079
2026-01-11T00:30:00Z,0.083
2026-01-11T01:00:00Z,0.083
2026-01-11T01:30:00Z,0.079
2026-01-11T02:00:00Z,0.069
2026-01-11T02:30:00Z,0.081
2026-01-11T03:00:00Z,0.081
2026-01-11T03:30:00Z,0.074
2026-01-11T04:00:00Z,0.08
2026-01-11T04:30:00Z,0.079
2026-01-11T05:00:00Z,0.079
2026-01-11T05:30:00Z,0.078
2026-01-11T06:00:00Z,0.072
2026-01-11T06:30:00Z,0.096
2026-01-11T07:00:00Z,0.098
2026-01-11T07:30:00Z,0.087
2026-01-11T08:00:00Z,0.099
2026-01-11T08:30:00Z,0.08
2026-01-11T09:00:00Z,0.068
2026-01-11T09:30:00Z,0.067
2026-01-11T10:00:00Z,0.087
2026-01-11T10:30:00Z,0.217
2026-01-11T11:00:00Z,0.229
2026-01-11T11:30:00Z,0.225
2026-01-11T12:00:00Z,0.233
2026-01-11T12:30:00Z,0.246
2026-01-11T13:00:00Z,0.214
2026-01-11T13:30:00Z,0.168
2026-01-11T14:00:00Z,0.217
2026-01-11T14:30:00Z,0.246
2026-01-11T15:00:00Z,0.235
2026-01-11T15:30:00Z,0.178
2026-01-11T16:00:00Z,0.178
2026-01-11T16:30:00Z,0.178
2026-01-11T17:00:00Z,0.181
2026-01-11T17:30:00Z,0.19
2026-01-11T18:00:00Z,0.157
2026-01-11T18:30:00Z,0.15
2026-01-11T19:00:00Z,0.163
2026-01-11T19:30:00Z,0.17
2026-01-11T20:00:00Z,0.153
2026-01-11T20:30:00Z,0.283
2026-01-11T21:00:00Z,0.259
2026-01-11T21:30:00Z,0.189
2026-01-11T22:00:00Z,0.596
2026-01-11T22:30:00Z,0.475
2026-01-11T23:00:00Z,0.191
2026-01-11T23:30:00Z,0.547
2026-01-12T00:00:00Z,0.059
2026-01-12T00:30:00Z,0.068
2026-01-12T01:00:00Z,0.075
2026-01-12T01:30:00Z,0.06
2026-01-12T02:00:00Z,0.061
2026-01-12T02:30:00Z,0.062
2026-01-12T03:00:00Z,0.059
2026-01-12T03:30:00Z,0.061
2026-01-12T04:00:00Z,0.055
2026-01-12T04:30:00Z,0.072
2026-01-12T05:00:00Z,0.101
2026-01-12T05:30:00Z,0.092
2026-01-12T06:00:00Z,0.093
2026-01-12T06:30:00Z,0.328
2026-01-12T07:00:00Z,0.151
2026-01-12T07:30:00Z,0.165
2026-01-12T08:00:00Z,0.167
2026-01-12T08:30:00Z,0.099
2026-01-12T09:00:00Z,0.305
2026-01-12T09:30:00Z,0.116
2026-01-12T10:00:00Z,0.113
2026-01-12T10:30:00Z,0.113
2026-01-12T11:00:00Z,0.102
2026-01-12T11:30:00Z,0.117
2026-01-12T12:00:00Z,0.667
2026-01-12T12:30:00Z,0.409
2026-01-12T13:00:00Z,0.157
2026-01-12T13:30:00Z,0.178
2026-01-12T14:00:00Z,0.094
2026-01-12T14:30:00Z,0.085
2026-01-12T15:00:00Z,0.07
2026-01-12T15:30:00Z,0.07
2026-01-12T16:00:00Z,0.104
2026-01-12T16:30:00Z,0.109
2026-01-12T17:00:00Z,0.316
2026-01-12T17:30:00Z,0.561
2026-01-12T18:00:00Z,0.186
2026-01-12T18:30:00Z,0.163
2026-01-12T19:00:00Z,0.113
2026-01-12T19:30:00Z,0.237
2026-01-12T20:00:00Z,0.495
2026-01-12T20:30:00Z,0.448
2026-01-12T21:00:00Z,0.408
2026-01-12T21:30:00Z,0.36
2026-01-12T22:00:00Z,0.327
2026-01-12T22:30:00Z,0.371
2026-01-12T23:00:00Z,0.212
2026-01-12T23:30:00Z,0.088
2026-01-13T00:00:00Z,0.154
2026-01-13T00:30:00Z,0.157
2026-01-13T01:00:00Z,0.135
2026-01-13T01:30:00Z,0.121
2026-01-13T02:00:00Z,0.109
2026-01-13T02:30:00Z,0.079
2026-01-13T03:00:00Z,0.066
2026-01-13T03:30:00Z,0.064
2026-01-13T04:00:00Z,0.067
2026-01-13T04:30:00Z,0.067
2026-01-13T05:00:00Z,0.089
2026-01-13T05:30:00Z,0.111
2026-01-13T06:00:00Z,0.113
2026-01-13T06:30:00Z,0.114
2026-01-13T07:00:00Z,0.1
2026-01-13T07:30:00Z,0.087
2026-01-13T08:00:00Z,0.078
2026-01-13T08:30:00Z,0.063
2026-01-13T09:00:00Z,0.097
2026-01-13T09:30:00Z,0.133
2026-01-13T10:00:00Z,0.127
2026-01-13T10:30:00Z,0.204
2026-01-13T11:00:00Z,0.113
2026-01-13T11:30:00Z,0.083
2026-01-13T12:00:00Z,0.076
2026-01-13T12:30:00Z,0.156
2026-01-13T13:00:00Z,0.461
2026-01-13T13:30:00Z,0.292
2026-01-13T14:00:00Z,0.204
2026-01-13T14:30:00Z,0.145
2026-01-13T15:00:00Z,0.113
2026-01-13T15:30:00Z,0.129
2026-01-13T16:00:00Z,0.14
2026-01-13T16:30:00Z,0.166
2026-01-13T17:00:00Z,0.206
2026-01-13T17:30:00Z,0.21
2026-01-13T18:00:00Z,0.21
2026-01-13T18:30:00Z,0.21
2026-01-13T19:00:00Z,0.2
2026-01-13T19:30:00Z,0.177
2026-01-13T20:00:00Z,0.262
2026-01-13T20:30:00Z,0.393
2026-01-13T21:00:00Z,0.208
2026-01-13T21:30:00Z,0.217
2026-01-13T22:00:00Z,0.587
2026-01-13T22:30:00Z,0.256
2026-01-13T23:00:00Z,0.249
2026-01-13T23:30:00Z,0.343
2026-01-14T00:00:00Z,0.091
2026-01-14T00:30:00Z,0.086
2026-01-14T01:00:00Z,0.064
2026-01-14T01:30:00Z,0.051
2026-01-14T02:00:00Z,0.055
2026-01-14T02:30:00Z,0.068
2026-01-14T03:00:00Z,0.061
2026-01-14T03:30:00Z,0.051
2026-01-14T04:00:00Z,0.049
2026-01-14T04:30:00Z,0.054
2026-01-14T05:00:00Z,0.068
2026-01-14T05:30:00Z,0.062
2026-01-14T06:00:00Z,0.054
2026-01-14T06:30:00Z,0.052
2026-01-14T07:00:00Z,0.072
2026-01-14T07:30:00Z,0.118
2026-01-14T08:00:00Z,0.09
2026-01-14T08:30:00Z,0.115
2026-01-14T09:00:00Z,0.183
2026-01-14T09:30:00Z,0.101
2026-01-14T10:00:00Z,0.136
2026-01-14T10:30:00Z,0.094
2026-01-14T11:00:00Z,0.106
2026-01-14T11:30:00Z,0.269
2026-01-14T12:00:00Z,0.287
2026-01-14T12:30:00Z,0.19
2026-01-14T13:00:00Z,0.145
2026-01-14T13:30:00Z,0.125
2026-01-14T14:00:00Z,0.571
2026-01-14T14:30:00Z,0.423
2026-01-14T15:00:00Z,0.14
2026-01-14T15:30:00Z,0.634
2026-01-14T16:00:00Z,0.216
2026-01-14T16:30:00Z,0.259
2026-01-14T17:00:00Z,0.185
2026-01-14T17:30:00Z,0.215
2026-01-14T18:00:00Z,0.341
2026-01-14T18:30:00Z,0.392
2026-01-14T19:00:00Z,0.463
2026-01-14T19:30:00Z,0.207
2026-01-14T20:00:00Z,0.144
2026-01-14T20:30:00Z,0.142
2026-01-14T21:00:00Z,0.156
2026-01-14T21:30:00Z,0.142
2026-01-14T22:00:00Z,0.187
2026-01-14T22:30:00Z,0.107
2026-01-14T23:00:00Z,0.109
2026-01-14T23:30:00Z,0.123
2026-01-15T00:00:00Z,0.102
2026-01-15T00:30:00Z,0.109
2026-01-15T01:00:00Z,0.102
2026-01-15T01:30:00Z,0.086
2026-01-15T02:00:00Z,0.084
2026-01-15T02:30:00Z,0.084
2026-01-15T03:00:00Z,0.081
2026-01-15T03:30:00Z,0.087
2026-01-15T04:00:00Z,0.089
2026-01-15T04:30:00Z,0.084
2026-01-15T05:00:00Z,0.08
2026-01-15T05:30:00Z,0.078
2026-01-15T06:00:00Z,0.09
2026-01-15T06:30:00Z,0.092
2026-01-15T07:00:00Z,0.1
2026-01-15T07:30:00Z,0.092
2026-01-15T08:00:00Z,0.11
2026-01-15T08:30:00Z,0.489
2026-01-15T09:00:00Z,0.611
2026-01-15T09:30:00Z,0.258
2026-01-15T10:00:00Z,0.584
2026-01-15T10:30:00Z,0.188
2026-01-15T11:00:00Z,0.236
2026-01-15T11:30:00Z,0.225
2026-01-15T12:00:00Z,0.367
2026-01-15T12:30:00Z,0.149
2026-01-15T13:00:00Z,0.171
2026-01-15T13:30:00Z,0.15
2026-01-15T14:00:00Z,0.128
2026-01-15T14:30:00Z,0.132
2026-01-15T15:00:00Z,0.111
2026-01-15T15:30:00Z,0.157
2026-01-15T16:00:00Z,0.177
2026-01-15T16:30:00Z,0.173
2026-01-15T17:00:00Z,0.156
2026-01-15T17:30:00Z,0.354
2026-01-15T18:00:00Z,0.251
2026-01-15T18:30:00Z,0.313
2026-01-15T19:00:00Z,0.143
2026-01-15T19:30:00Z,0.148
2026-01-15T20:00:00Z,0.142
2026-01-15T20:30:00Z,0.124
2026-01-15T21:00:00Z,0.123
2026-01-15T21:30:00Z,0.121
2026-01-15T22:00:00Z,0.114
2026-01-15T22:30:00Z,0.111
2026-01-15T23:00:00Z,0.093
2026-01-15T23:30:00Z,0.09
2026-01-16T00:00:00Z,0.103
2026-01-16T00:30:00Z,0.098
2026-01-16T01:00:00Z,0.079
2026-01-16T01:30:00Z,0.108
2026-01-16T02:00:00Z,0.098
2026-01-16T02:30:00Z,0.098
2026-01-16T03:00:00Z,0.097
2026-01-16T03:30:00Z,0.08
2026-01-16T04:00:00Z,0.062
2026-01-16T04:30:00Z,0.062
2026-01-16T05:00:00Z,0.069
2026-01-16T05:30:00Z,0.082
2026-01-16T06:00:00Z,0.08
2026-01-16T06:30:00Z,0.068
2026-01-16T07:00:00Z,0.063
2026-01-16T07:30:00Z,0.063
2026-01-16T08:00:00Z,0.215
2026-01-16T08:30:00Z,0.4
2026-01-16T09:00:00Z,0.141
2026-01-16T09:30:00Z,0.434
2026-01-16T10:00:00Z,0.65
2026-01-16T10:30:00Z,0.183
2026-01-16T11:00:00Z,0.577
2026-01-16T11:30:00Z,0.334
2026-01-16T12:00:00Z,0.14
2026-01-16T12:30:00Z,0.131
2026-01-16T13:00:00Z,0.117
2026-01-16T13:30:00Z,0.087
2026-01-16T14:00:00Z,0.086
2026-01-16T14:30:00Z,0.088
2026-01-16T15:00:00Z,0.097
2026-01-16T15:30:00Z,0.117
2026-01-16T16:00:00Z,0.124
2026-01-16T16:30:00Z,0.105
2026-01-16T17:00:00Z,0.132
2026-01-16T17:30:00Z,0.152
2026-01-16T18:00:00Z,0.128
2026-01-16T18:30:00Z,0.117
2026-01-16T19:00:00Z,0.135
2026-01-16T19:30:00Z,0.097
2026-01-16T20:00:00Z,0.159
2026-01-16T20:30:00Z,0.147
2026-01-16T21:00:00Z,0.137
2026-01-16T21:30:00Z,0.102
2026-01-16T22:00:00Z,0.093
2026-01-16T22:30:00Z,0.09
2026-01-16T23:00:00Z,0.08
2026-01-16T23:30:00Z,0.073
2026-01-17T00:00:00Z,0.16
2026-01-17T00:30:00Z,0.148
2026-01-17T01:00:00Z,0.153
2026-01-17T01:30:00Z,0.15
2026-01-17T02:00:00Z,0.102
2026-01-17T02:30:00Z,0.094
2026-01-17T03:00:00Z,0.09
2026-01-17T03:30:00Z,0.084
2026-01-17T04:00:00Z,0.086
2026-01-17T04:30:00Z,0.091
2026-01-17T05:00:00Z,0.089
2026-01-17T05:30:00Z,0.092
2026-01-17T06:00:00Z,0.088
2026-01-17T06:30:00Z,0.089
2026-01-17T07:00:00Z,0.092
2026-01-17T07:30:00Z,0.107
2026-01-17T08:00:00Z,0.177
2026-01-17T08:30:00Z,0.18
2026-01-17T09:00:00Z,0.258
2026-01-17T09:30:00Z,0.172
2026-01-17T10:00:00Z,0.141
2026-01-17T10:30:00Z,0.124
2026-01-17T11:00:00Z,0.219
2026-01-17T11:30:00Z,0.148
2026-01-17T12:00:00Z,0.095
2026-01-17T12:30:00Z,0.084
2026-01-17T13:00:00Z,0.063
2026-01-17T13:30:00Z,0.066
2026-01-17T14:00:00Z,0.081
2026-01-17T14:30:00Z,0.078
2026-01-17T15:00:00Z,0.069
2026-01-17T15:30:00Z,0.071
2026-01-17T16:00:00Z,0.077
2026-01-17T16:30:00Z,0.086
2026-01-17T17:00:00Z,0.1
2026-01-17T17:30:00Z,0.133
2026-01-17T18:00:00Z,0.155
2026-01-17T18:30:00Z,0.13
2026-01-17T19:00:00Z,0.104
2026-01-17T19:30:00Z,0.118
2026-01-17T20:00:00Z,0.126
2026-01-17T20:30:00Z,0.117
2026-01-17T21:00:00Z,0.088
2026-01-17T21:30:00Z,0.079
2026-01-17T22:00:00Z,0.077
2026-01-17T22:30:00Z,0.08
2026-01-17T23:00:00Z,0.081
2026-01-17T23:30:00Z,0.075
2026-01-18T00:00:00Z,0.425
2026-01-18T00:30:00Z,0.119
2026-01-18T01:00:00Z,0.123
2026-01-18T01:30:00Z,0.294
2026-01-18T02:00:00Z,0.484
2026-01-18T02:30:00Z,0.108
2026-01-18T03:00:00Z,0.063
2026-01-18T03:30:00Z,0.063
2026-01-18T04:00:00Z,0.065
2026-01-18T04:30:00Z,0.06
2026-01-18T05:00:00Z,0.074
2026-01-18T05:30:00Z,0.074
2026-01-18T06:00:00Z,0.06
2026-01-18T06:30:00Z,0.055
2026-01-18T07:00:00Z,0.089
2026-01-18T07:30:00Z,0.104
2026-01-18T08:00:00Z,0.101
2026-01-18T08:30:00Z,0.156
2026-01-18T09:00:00Z,0.189
2026-01-18T09:30:00Z,0.147
2026-01-18T10:00:00Z,0.071
2026-01-18T10:30:00Z,0.062
2026-01-18T11:00:00Z,0.061
2026-01-18T11:30:00Z,0.061
2026-01-18T12:00:00Z,0.073
2026-01-18T12:30:00Z,0.072
2026-01-18T13:00:00Z,0.058
2026-01-18T13:30:00Z,0.065
2026-01-18T14:00:00Z,0.082
2026-01-18T14:30:00Z,0.062
2026-01-18T15:00:00Z,0.065
2026-01-18T15:30:00Z,0.09
2026-01-18T16:00:00Z,0.139
2026-01-18T16:30:00Z,0.155
2026-01-18T17:00:00Z,0.142
2026-01-18T17:30:00Z,0.123
2026-01-18T18:00:00Z,0.413
2026-01-18T18:30:00Z,0.8
2026-01-18T19:00:00Z,0.518
2026-01-18T19:30:00Z,0.625
2026-01-18T20:00:00Z,0.441
2026-01-18T20:30:00Z,0.149
2026-01-18T21:00:00Z,0.149
2026-01-18T21:30:00Z,0.107
2026-01-18T22:00:00Z,0.108
2026-01-18T22:30:00Z,0.1
2026-01-18T23:00:00Z,0.085
2026-01-18T23:30:00Z,0.108
2026-01-20T00:00:00Z,0.081
2026-01-20T00:30:00Z,0.1
2026-01-20T01:00:00Z,0.101
2026-01-20T01:30:00Z,0.101
2026-01-20T02:00:00Z,0.088
2026-01-20T02:30:00Z,0.073
2026-01-20T03:00:00Z,0.072
2026-01-20T03:30:00Z,0.065
2026-01-20T04:00:00Z,0.059
2026-01-20T04:30:00Z,0.067
2026-01-20T05:00:00Z,0.059
2026-01-20T05:30:00Z,0.06
2026-01-20T06:00:00Z,0.052
2026-01-20T06:30:00Z,0.289
2026-01-20T07:00:00Z,0.106
2026-01-20T07:30:00Z,0.129
2026-01-20T08:00:00Z,0.128
2026-01-20T08:30:00Z,0.108
2026-01-20T09:00:00Z,0.1
2026-01-20T09:30:00Z,0.104
2026-01-20T10:00:00Z,0.294
2026-01-20T10:30:00Z,0.16
2026-01-20T11:00:00Z,0.139
2026-01-20T11:30:00Z,0.112
2026-01-20T12:00:00Z,0.072
2026-01-20T12:30:00Z,0.189
2026-01-20T13:00:00Z,0.293
2026-01-20T13:30:00Z,0.161
2026-01-20T14:00:00Z,0.07
2026-01-20T14:30:00Z,0.311
2026-01-20T15:00:00Z,0.436
2026-01-20T15:30:00Z,0.414
2026-01-20T16:00:00Z,0.405
2026-01-20T16:30:00Z,0.233
2026-01-20T17:00:00Z,0.146
2026-01-20T17:30:00Z,0.353
2026-01-20T18:00:00Z,0.314
2026-01-20T18:30:00Z,0.116
2026-01-20T19:00:00Z,0.063
2026-01-20T19:30:00Z,0.057
2026-01-20T20:00:00Z,0.064
2026-01-20T20:30:00Z,0.059
2026-01-20T21:00:00Z,0.075
2026-01-20T21:30:00Z,0.069
2026-01-20T22:00:00Z,0.074
2026-01-20T22:30:00Z,0.061
2026-01-20T23:00:00Z,0.057
2026-01-20T23:30:00Z,0.077
2026-01-21T00:00:00Z,0.074
2026-01-21T00:30:00Z,0.078
2026-01-21T01:00:00Z,0.081
2026-01-21T01:30:00Z,0.084
2026-01-21T02:00:00Z,0.092
2026-01-21T02:30:00Z,0.095
2026-01-21T03:00:00Z,0.065
2026-01-21T03:30:00Z,0.063
2026-01-21T04:00:00Z,0.061
2026-01-21T04:30:00Z,0.062
2026-01-21T05:00:00Z,0.074
2026-01-21T05:30:00Z,0.065
2026-01-21T06:00:00Z,0.06
2026-01-21T06:30:00Z,0.057
2026-01-21T07:00:00Z,0.15
2026-01-21T07:30:00Z,0.979
2026-01-21T08:00:00Z,0.844
2026-01-21T08:30:00Z,0.117
2026-01-21T09:00:00Z,0.663
2026-01-21T09:30:00Z,0.172
2026-01-21T10:00:00Z,0.142
2026-01-21T10:30:00Z,0.142
2026-01-21T11:00:00Z,0.176
2026-01-21T11:30:00Z,0.404
2026-01-21T12:00:00Z,0.25
2026-01-21T12:30:00Z,0.386
2026-01-21T13:00:00Z,0.141
2026-01-21T13:30:00Z,0.09
2026-01-21T14:00:00Z,0.092
2026-01-21T14:30:00Z,0.115
2026-01-21T15:00:00Z,0.136
2026-01-21T15:30:00Z,0.16
2026-01-21T16:00:00Z,0.16
2026-01-21T16:30:00Z,0.159
2026-01-21T17:00:00Z,0.364
2026-01-21T17:30:00Z,0.2
2026-01-21T18:00:00Z,0.272
2026-01-21T18:30:00Z,0.457
2026-01-21T19:00:00Z,0.193
2026-01-21T19:30:00Z,0.147
2026-01-21T20:00:00Z,0.15
2026-01-21T20:30:00Z,0.15
2026-01-21T21:00:00Z,0.141
2026-01-21T21:30:00Z,0.142
2026-01-21T22:00:00Z,0.118
2026-01-21T22:30:00Z,0.119
2026-01-21T23:00:00Z,0.109
2026-01-21T23:30:00Z,0.111
2026-01-22T00:00:00Z,0.056
2026-01-22T00:30:00Z,0.06
2026-01-22T01:00:00Z,0.051
2026-01-22T01:30:00Z,0.05
2026-01-22T02:00:00Z,0.075
2026-01-22T02:30:00Z,0.071
2026-01-22T03:00:00Z,0.055
2026-01-22T03:30:00Z,0.077
2026-01-22T04:00:00Z,0.064
2026-01-22T04:30:00Z,0.064
2026-01-22T05:00:00Z,0.067
2026-01-22T05:30:00Z,0.093
2026-01-22T06:00:00Z,0.09
2026-01-22T06:30:00Z,0.524
2026-01-22T07:00:00Z,0.323
2026-01-22T07:30:00Z,0.318
2026-01-22T08:00:00Z,0.267
2026-01-22T08:30:00Z,0.296
2026-01-22T09:00:00Z,0.302
2026-01-22T09:30:00Z,0.16
2026-01-22T10:00:00Z,0.199
2026-01-22T10:30:00Z,0.303
2026-01-22T11:00:00Z,0.128
2026-01-22T11:30:00Z,0.425
2026-01-22T12:00:00Z,0.172
2026-01-22T12:30:00Z,0.131
2026-01-22T13:00:00Z,0.136
2026-01-22T13:30:00Z,0.205
2026-01-22T14:00:00Z,0.12
2026-01-22T14:30:00Z,0.102
2026-01-22T15:00:00Z,0.12
2026-01-22T15:30:00Z,0.149
2026-01-22T16:00:00Z,0.148
2026-01-22T16:30:00Z,0.204
2026-01-22T17:00:00Z,0.188
2026-01-22T17:30:00Z,0.116
2026-01-22T18:00:00Z,0.11
2026-01-22T18:30:00Z,0.123
2026-01-22T19:00:00Z,0.115
2026-01-22T19:30:00Z,0.129
2026-01-22T20:00:00Z,0.172
2026-01-22T20:30:00Z,0.148
2026-01-22T21:00:00Z,0.105
2026-01-22T21:30:00Z,0.109
2026-01-22T22:00:00Z,0.114
2026-01-22T22:30:00Z,0.587
2026-01-22T23:00:00Z,0.389
2026-01-22T23:30:00Z,0.152
2026-01-23T00:00:00Z,0.699
2026-01-23T00:30:00Z,0.17
2026-01-23T01:00:00Z,0.136
2026-01-23T01:30:00Z,0.14
2026-01-23T02:00:00Z,0.121
2026-01-23T02:30:00Z,0.125
2026-01-23T03:00:00Z,0.154
2026-01-23T03:30:00Z,0.164
2026-01-23T04:00:00Z,0.162
2026-01-23T04:30:00Z,0.126
2026-01-23T05:00:00Z,0.119
2026-01-23T05:30:00Z,0.118
2026-01-23T06:00:00Z,0.136
2026-01-23T06:30:00Z,0.142
2026-01-23T07:00:00Z,0.136
2026-01-23T07:30:00Z,0.118
2026-01-23T08:00:00Z,0.193
2026-01-23T08:30:00Z,0.168
2026-01-23T09:00:00Z,0.169
2026-01-23T09:30:00Z,0.413
2026-01-23T10:00:00Z,0.732
2026-01-23T10:30:00Z,0.244
2026-01-23T11:00:00Z,0.203
2026-01-23T11:30:00Z,0.302
2026-01-23T12:00:00Z,0.319
2026-01-23T12:30:00Z,0.192
2026-01-23T13:00:00Z,0.149
2026-01-23T13:30:00Z,0.161
2026-01-23T14:00:00Z,0.149
2026-01-23T14:30:00Z,0.138
2026-01-23T15:00:00Z,0.124
2026-01-23T15:30:00Z,0.166
2026-01-23T16:00:00Z,0.17
2026-01-23T16:30:00Z,0.17
2026-01-23T17:00:00Z,0.164
2026-01-23T17:30:00Z,0.155
2026-01-23T18:00:00Z,0.155
2026-01-23T18:30:00Z,0.154
2026-01-23T19:00:00Z,0.163
2026-01-23T19:30:00Z,0.141
2026-01-23T20:00:00Z,0.123
2026-01-23T20:30:00Z,0.108
2026-01-23T21:00:00Z,0.144
2026-01-23T21:30:00Z,0.149
2026-01-23T22:00:00Z,0.139
2026-01-23T22:30:00Z,0.138
2026-01-23T23:00:00Z,0.452
2026-01-23T23:30:00Z,0.147
2026-01-24T00:00:00Z,0.411
2026-01-24T00:30:00Z,0.276
2026-01-24T01:00:00Z,0.137
2026-01-24T01:30:00Z,0.12
2026-01-24T02:00:00Z,0.113
2026-01-24T02:30:00Z,0.113
2026-01-24T03:00:00Z,0.117
2026-01-24T03:30:00Z,0.139
2026-01-24T04:00:00Z,0.14
2026-01-24T04:30:00Z,0.143
2026-01-24T05:00:00Z,0.144
2026-01-24T05:30:00Z,0.146
2026-01-24T06:00:00Z,0.122
2026-01-24T06:30:00Z,0.109
2026-01-24T07:00:00Z,0.104
2026-01-24T07:30:00Z,0.114
2026-01-24T08:00:00Z,0.129
2026-01-24T08:30:00Z,0.129
2026-01-24T09:00:00Z,0.237
2026-01-24T09:30:00Z,0.358
2026-01-24T10:00:00Z,0.396
2026-01-24T10:30:00Z,0.376
2026-01-24T11:00:00Z,0.244
2026-01-24T11:30:00Z,0.198
2026-01-24T12:00:00Z,0.244
2026-01-24T12:30:00Z,0.657
2026-01-24T13:00:00Z,0.409
2026-01-24T13:30:00Z,0.279
2026-01-24T14:00:00Z,0.24
2026-01-24T14:30:00Z,0.235
2026-01-24T15:00:00Z,0.232
2026-01-24T15:30:00Z,0.242
2026-01-24T16:00:00Z,0.251
2026-01-24T16:30:00Z,0.248
2026-01-24T17:00:00Z,0.244
2026-01-24T17:30:00Z,0.25
2026-01-24T18:00:00Z,0.226
2026-01-24T18:30:00Z,0.184
2026-01-24T19:00:00Z,0.167
2026-01-24T19:30:00Z,0.176
2026-01-24T20:00:00Z,0.712
2026-01-24T20:30:00Z,1.521
2026-01-24T21:00:00Z,1.249
2026-01-24T21:30:00Z,0.382
2026-01-24T22:00:00Z,0.152
2026-01-24T22:30:00Z,0.481
2026-01-24T23:00:00Z,0.188
2026-01-24T23:30:00Z,0.139
2026-01-25T00:00:00Z,0.792
2026-01-25T00:30:00Z,0.436
2026-01-25T01:00:00Z,0.442
2026-01-25T01:30:00Z,0.3
2026-01-25T02:00:00Z,0.103
2026-01-25T02:30:00Z,0.094
2026-01-25T03:00:00Z,0.09
2026-01-25T03:30:00Z,0.09
2026-01-25T04:00:00Z,0.091
2026-01-25T04:30:00Z,0.069
2026-01-25T05:00:00Z,0.061
2026-01-25T05:30:00Z,0.061
2026-01-25T06:00:00Z,0.057
2026-01-25T06:30:00Z,0.052
2026-01-25T07:00:00Z,0.064
2026-01-25T07:30:00Z,0.067
2026-01-25T08:00:00Z,0.059
2026-01-25T08:30:00Z,0.063
2026-01-25T09:00:00Z,0.059
2026-01-25T09:30:00Z,0.106
2026-01-25T10:00:00Z,0.134
2026-01-25T10:30:00Z,0.226
2026-01-25T11:00:00Z,0.137
2026-01-25T11:30:00Z,0.145
2026-01-25T12:00:00Z,0.133
2026-01-25T12:30:00Z,0.13
2026-01-25T13:00:00Z,0.138
2026-01-25T13:30:00Z,0.131
2026-01-25T14:00:00Z,0.139
2026-01-25T14:30:00Z,0.133
2026-01-25T15:00:00Z,0.267
2026-01-25T15:30:00Z,0.151
2026-01-25T16:00:00Z,0.134
2026-01-25T16:30:00Z,0.133
2026-01-25T17:00:00Z,0.148
2026-01-25T17:30:00Z,0.138
2026-01-25T18:00:00Z,0.146
2026-01-25T18:30:00Z,0.258
2026-01-25T19:00:00Z,0.156
2026-01-25T19:30:00Z,0.147
2026-01-25T20:00:00Z,0.145
2026-01-25T20:30:00Z,0.141
2026-01-25T21:00:00Z,0.132
2026-01-25T21:30:00Z,0.123
2026-01-25T22:00:00Z,0.138
2026-01-25T22:30:00Z,0.118
2026-01-25T23:00:00Z,0.072
2026-01-25T23:30:00Z,0.062
2026-01-26T00:00:00Z,0.847
2026-01-26T00:30:00Z,0.34
2026-01-26T01:00:00Z,0.104
2026-01-26T01:30:00Z,0.106
2026-01-26T02:00:00Z,0.087
2026-01-26T02:30:00Z,0.073
2026-01-26T03:00:00Z,0.086
2026-01-26T03:30:00Z,0.072
2026-01-26T04:00:00Z,0.066
2026-01-26T04:30:00Z,0.088
2026-01-26T05:00:00Z,0.102
2026-01-26T05:30:00Z,0.106
2026-01-26T06:00:00Z,0.104
2026-01-26T06:30:00Z,0.102
2026-01-26T07:00:00Z,0.101
2026-01-26T07:30:00Z,0.101
2026-01-26T08:00:00Z,0.101
2026-01-26T08:30:00Z,0.091
2026-01-26T09:00:00Z,0.244
2026-01-26T09:30:00Z,0.142
2026-01-26T10:00:00Z,0.146
2026-01-26T10:30:00Z,0.168
2026-01-26T11:00:00Z,0.157
2026-01-26T11:30:00Z,0.941
2026-01-26T12:00:00Z,0.192
2026-01-26T12:30:00Z,0.147
2026-01-26T13:00:00Z,0.143
2026-01-26T13:30:00Z,0.142
2026-01-26T14:00:00Z,0.174
2026-01-26T14:30:00Z,0.172
2026-01-26T15:00:00Z,0.184
2026-01-26T15:30:00Z,0.192
2026-01-26T16:00:00Z,0.199
2026-01-26T16:30:00Z,0.207
2026-01-26T17:00:00Z,0.219
2026-01-26T17:30:00Z,0.201
2026-01-26T18:00:00Z,0.194
2026-01-26T18:30:00Z,0.257
2026-01-26T19:00:00Z,0.436
2026-01-26T19:30:00Z,0.164
2026-01-26T20:00:00Z,0.133
2026-01-26T20:30:00Z,0.17
2026-01-26T21:00:00Z,0.12
2026-01-26T21:30:00Z,0.105
2026-01-26T22:00:00Z,0.106
2026-01-26T22:30:00Z,0.103
2026-01-26T23:00:00Z,0.105
2026-01-26T23:30:00Z,0.105
2026-01-27T00:00:00Z,0.075
2026-01-27T00:30:00Z,0.073
2026-01-27T01:00:00Z,0.077
2026-01-27T01:30:00Z,0.074
2026-01-27T02:00:00Z,0.079
2026-01-27T02:30:00Z,0.092
2026-01-27T03:00:00Z,0.09
2026-01-27T03:30:00Z,0.083
2026-01-27T04:00:00Z,0.081
2026-01-27T04:30:00Z,0.075
2026-01-27T05:00:00Z,0.072
2026-01-27T05:30:00Z,0.074
2026-01-27T06:00:00Z,0.071
2026-01-27T06:30:00Z,0.076
2026-01-27T07:00:00Z,0.073
2026-01-27T07:30:00Z,0.067
2026-01-27T08:00:00Z,0.092
2026-01-27T08:30:00Z,0.926
2026-01-27T09:00:00Z,0.255
2026-01-27T09:30:00Z,0.537
2026-01-27T10:00:00Z,0.121
2026-01-27T10:30:00Z,0.119
2026-01-27T11:00:00Z,0.442
2026-01-27T11:30:00Z,0.674
2026-01-27T12:00:00Z,0.258
2026-01-27T12:30:00Z,0.22
2026-01-27T13:00:00Z,0.172
2026-01-27T13:30:00Z,0.19
2026-01-27T14:00:00Z,0.131
2026-01-27T14:30:00Z,0.138
2026-01-27T15:00:00Z,0.158
2026-01-27T15:30:00Z,0.244
2026-01-27T16:00:00Z,0.189
2026-01-27T16:30:00Z,0.175
2026-01-27T17:00:00Z,0.184
2026-01-27T17:30:00Z,0.193
2026-01-27T18:00:00Z,0.174
2026-01-27T18:30:00Z,0.314
2026-01-27T19:00:00Z,0.304
2026-01-27T19:30:00Z,0.147
2026-01-27T20:00:00Z,0.459
2026-01-27T20:30:00Z,0.129
2026-01-27T21:00:00Z,0.127
2026-01-27T21:30:00Z,0.234
2026-01-27T22:00:00Z,0.466
2026-01-27T22:30:00Z,0.16
2026-01-27T23:00:00Z,0.177
2026-01-27T23:30:00Z,0.167
2026-01-28T00:00:00Z,0.224
2026-01-28T00:30:00Z,0.465
2026-01-28T01:00:00Z,0.069
2026-01-28T01:30:00Z,0.061
2026-01-28T02:00:00Z,0.077
2026-01-28T02:30:00Z,0.072
2026-01-28T03:00:00Z,0.063
2026-01-28T03:30:00Z,0.062
2026-01-28T04:00:00Z,0.06
2026-01-28T04:30:00Z,0.076
2026-01-28T05:00:00Z,0.095
2026-01-28T05:30:00Z,0.094
2026-01-28T06:00:00Z,0.095
2026-01-28T06:30:00Z,0.083
2026-01-28T07:00:00Z,0.07
2026-01-28T07:30:00Z,0.075
2026-01-28T08:00:00Z,0.063
2026-01-28T08:30:00Z,0.094
2026-01-28T09:00:00Z,0.542
2026-01-28T09:30:00Z,0.618
2026-01-28T10:00:00Z,0.542
2026-01-28T10:30:00Z,0.481
2026-01-28T11:00:00Z,0.187
2026-01-28T11:30:00Z,0.307
2026-01-28T12:00:00Z,0.23
2026-01-28T12:30:00Z,0.131
2026-01-28T13:00:00Z,0.115
2026-01-28T13:30:00Z,0.126
2026-01-28T14:00:00Z,0.11
2026-01-28T14:30:00Z,0.197
2026-01-28T15:00:00Z,0.199
2026-01-28T15:30:00Z,0.106
2026-01-28T16:00:00Z,0.102
2026-01-28T16:30:00Z,0.304
2026-01-28T17:00:00Z,0.724
2026-01-28T17:30:00Z,0.369
2026-01-28T18:00:00Z,0.177
2026-01-28T18:30:00Z,0.97
2026-01-28T19:00:00Z,0.557
2026-01-28T19:30:00Z,0.287
2026-01-28T20:00:00Z,0.208
2026-01-28T20:30:00Z,0.169
2026-01-28T21:00:00Z,0.146
2026-01-28T21:30:00Z,0.403
2026-01-28T22:00:00Z,0.914
2026-01-28T22:30:00Z,0.437
2026-01-28T23:00:00Z,0.391
2026-01-28T23:30:00Z,0.4
2026-01-29T00:00:00Z,0.513
2026-01-29T00:30:00Z,0.076
2026-01-29T01:00:00Z,0.067
2026-01-29T01:30:00Z,0.071
2026-01-29T02:00:00Z,0.061
2026-01-29T02:30:00Z,0.052
2026-01-29T03:00:00Z,0.058
2026-01-29T03:30:00Z,0.086
2026-01-29T04:00:00Z,0.092
2026-01-29T04:30:00Z,0.074
2026-01-29T05:00:00Z,0.046
2026-01-29T05:30:00Z,0.054
2026-01-29T06:00:00Z,0.056
2026-01-29T06:30:00Z,0.065
2026-01-29T07:00:00Z,0.066
2026-01-29T07:30:00Z,0.062
2026-01-29T08:00:00Z,0.055
2026-01-29T08:30:00Z,0.2
2026-01-29T09:00:00Z,0.092
2026-01-29T09:30:00Z,0.122
2026-01-29T10:00:00Z,0.162
2026-01-29T10:30:00Z,0.132
2026-01-29T11:00:00Z,0.143
2026-01-29T11:30:00Z,0.483
2026-01-29T12:00:00Z,0.177
2026-01-29T12:30:00Z,0.152
2026-01-29T13:00:00Z,0.13
2026-01-29T13:30:00Z,0.102
2026-01-29T14:00:00Z,0.1
2026-01-29T14:30:00Z,0.107
2026-01-29T15:00:00Z,0.153
2026-01-29T15:30:00Z,0.188
2026-01-29T16:00:00Z,0.187
2026-01-29T16:30:00Z,0.17
2026-01-29T17:00:00Z,0.157
2026-01-29T17:30:00Z,0.148
2026-01-29T18:00:00Z,0.161
2026-01-29T18:30:00Z,0.4
2026-01-29T19:00:00Z,0.299
2026-01-29T19:30:00Z,0.128
2026-01-29T20:00:00Z,0.54
2026-01-29T20:30:00Z,0.102
2026-01-29T21:00:00Z,0.556
2026-01-29T21:30:00Z,0.409
2026-01-29T22:00:00Z,0.115
2026-01-29T22:30:00Z,0.527
2026-01-29T23:00:00Z,0.085
2026-01-29T23:30:00Z,0.082
2026-01-30T00:00:00Z,0.103
2026-01-30T00:30:00Z,0.098
2026-01-30T01:00:00Z,0.081
2026-01-30T01:30:00Z,0.077
2026-01-30T02:00:00Z,0.068
2026-01-30T02:30:00Z,0.059
2026-01-30T03:00:00Z,0.077
2026-01-30T03:30:00Z,0.072
2026-01-30T04:00:00Z,0.063
2026-01-30T04:30:00Z,0.053
2026-01-30T05:00:00Z,0.064
2026-01-30T05:30:00Z,0.06
2026-01-30T06:00:00Z,0.087
2026-01-30T06:30:00Z,0.08
2026-01-30T07:00:00Z,0.079
2026-01-30T07:30:00Z,0.204
2026-01-30T08:00:00Z,0.122
2026-01-30T08:30:00Z,0.131
2026-01-30T09:00:00Z,0.208
2026-01-30T09:30:00Z,0.133
2026-01-30T10:00:00Z,0.1
2026-01-30T10:30:00Z,0.101
2026-01-30T11:00:00Z,0.155
2026-01-30T11:30:00Z,0.414
2026-01-30T12:00:00Z,0.649
2026-01-30T12:30:00Z,0.31
2026-01-30T13:00:00Z,0.221
2026-01-30T13:30:00Z,0.18
2026-01-30T14:00:00Z,0.152
2026-01-30T14:30:00Z,0.1
2026-01-30T15:00:00Z,0.093
2026-01-30T15:30:00Z,0.103
2026-01-30T16:00:00Z,0.424
2026-01-30T16:30:00Z,0.319
2026-01-30T17:00:00Z,0.868
2026-01-30T17:30:00Z,0.266
2026-01-30T18:00:00Z,0.679
2026-01-30T18:30:00Z,0.329
2026-01-30T19:00:00Z,0.283
2026-01-30T19:30:00Z,0.374
2026-01-30T20:00:00Z,0.732
2026-01-30T20:30:00Z,0.447
2026-01-30T21:00:00Z,0.719
2026-01-30T21:30:00Z,0.399
2026-01-30T22:00:00Z,0.352
2026-01-30T22:30:00Z,0.361
2026-01-30T23:00:00Z,0.59
2026-01-30T23:30:00Z,0.062
2026-01-31T00:00:00Z,0.062
2026-01-31T00:30:00Z,0.062
2026-01-31T01:00:00Z,0.062
2026-01-31T01:30:00Z,0.063
2026-01-31T02:00:00Z,0.054
2026-01-31T02:30:00Z,0.064
2026-01-31T03:00:00Z,0.06
2026-01-31T03:30:00Z,0.062
2026-01-31T04:00:00Z,0.06
2026-01-31T04:30:00Z,0.054
2026-01-31T05:00:00Z,0.054
2026-01-31T05:30:00Z,0.064
2026-01-31T06:00:00Z,0.063
2026-01-31T06:30:00Z,0.056
2026-01-31T07:00:00Z,0.055
2026-01-31T07:30:00Z,0.064
2026-01-31T08:00:00Z,0.061
2026-01-31T08:30:00Z,0.056
2026-01-31T09:00:00Z,0.088
2026-01-31T09:30:00Z,0.129
2026-01-31T10:00:00Z,0.083
2026-01-31T10:30:00Z,0.057
2026-01-31T11:00:00Z,0.057
2026-01-31T11:30:00Z,0.063
2026-01-31T12:00:00Z,0.068
2026-01-31T12:30:00Z,0.069
2026-01-31T13:00:00Z,0.063
2026-01-31T13:30:00Z,0.065
2026-01-31T14:00:00Z,0.057
2026-01-31T14:30:00Z,0.058
2026-01-31T15:00:00Z,0.062
2026-01-31T15:30:00Z,0.078
2026-01-31T16:00:00Z,0.086
2026-01-31T16:30:00Z,0.15
2026-01-31T17:00:00Z,0.202
2026-01-31T17:30:00Z,0.194
2026-01-31T18:00:00Z,0.18
2026-01-31T18:30:00Z,0.183
2026-01-31T19:00:00Z,0.166
2026-01-31T19:30:00Z,0.146
2026-01-31T20:00:00Z,0.125
2026-01-31T20:30:00Z,0.146
2026-01-31T21:00:00Z,0.114
2026-01-31T21:30:00Z,0.147
2026-01-31T22:00:00Z,0.179
2026-01-31T22:30:00Z,0.601
2026-01-31T23:00:00Z,0.408
2026-01-31T23:30:00Z,0.099
2026-02-01T00:00:00Z,0.367
2026-02-01T00:30:00Z,0.364
2026-02-01T01:00:00Z,0.351
2026-02-01T01:30:00Z,0.359
2026-02-01T02:00:00Z,0.386
2026-02-01T02:30:00Z,0.084
2026-02-01T03:00:00Z,0.066
2026-02-01T03:30:00Z,0.063
2026-02-01T04:00:00Z,0.079
2026-02-01T04:30:00Z,0.076
2026-02-01T05:00:00Z,0.075
2026-02-01T05:30:00Z,0.067
2026-02-01T06:00:00Z,0.061
2026-02-01T06:30:00Z,0.063
2026-02-01T07:00:00Z,0.089
2026-02-01T07:30:00Z,0.117
2026-02-01T08:00:00Z,0.129
2026-02-01T08:30:00Z,0.234
2026-02-01T09:00:00Z,0.093
2026-02-01T09:30:00Z,0.1
2026-02-01T10:00:00Z,0.098
2026-02-01T10:30:00Z,0.071
2026-02-01T11:00:00Z,0.055
2026-02-01T11:30:00Z,0.06
2026-02-01T12:00:00Z,0.061
2026-02-01T12:30:00Z,0.063
2026-02-01T13:00:00Z,0.066
2026-02-01T13:30:00Z,0.066
2026-02-01T14:00:00Z,0.081
2026-02-01T14:30:00Z,0.093
2026-02-01T15:00:00Z,0.104
2026-02-01T15:30:00Z,0.074
2026-02-01T16:00:00Z,0.057
2026-02-01T16:30:00Z,0.057
2026-02-01T17:00:00Z,0.06
2026-02-01T17:30:00Z,0.059
2026-02-01T18:00:00Z,0.074
2026-02-01T18:30:00Z,0.079
2026-02-01T19:00:00Z,0.066
2026-02-01T19:30:00Z,0.06
2026-02-01T20:00:00Z,0.236
2026-02-01T20:30:00Z,0.235
2026-02-01T21:00:00Z,0.176
2026-02-01T21:30:00Z,0.168
2026-02-01T22:00:00Z,0.147
2026-02-01T22:30:00Z,0.431
2026-02-01T23:00:00Z,0.128
2026-02-01T23:30:00Z,0.126
2026-02-02T00:00:00Z,0.082
2026-02-02T00:30:00Z,0.519
2026-02-02T01:00:00Z,0.08
2026-02-02T01:30:00Z,0.063
2026-02-02T02:00:00Z,0.067
2026-02-02T02:30:00Z,0.066
2026-02-02T03:00:00Z,0.066
2026-02-02T03:30:00Z,0.063
2026-02-02T04:00:00Z,0.063
2026-02-02T04:30:00Z,0.067
2026-02-02T05:00:00Z,0.079
2026-02-02T05:30:00Z,0.067
2026-02-02T06:00:00Z,0.078
2026-02-02T06:30:00Z,0.754
2026-02-02T07:00:00Z,0.189
2026-02-02T07:30:00Z,0.285
2026-02-02T08:00:00Z,0.103
2026-02-02T08:30:00Z,0.15
2026-02-02T09:00:00Z,0.449
2026-02-02T09:30:00Z,0.273
2026-02-02T10:00:00Z,0.191
2026-02-02T10:30:00Z,0.179
2026-02-02T11:00:00Z,0.136
2026-02-02T11:30:00Z,0.348
2026-02-02T12:00:00Z,0.307
2026-02-02T12:30:00Z,0.112
2026-02-02T13:00:00Z,0.114
2026-02-02T13:30:00Z,0.119
2026-02-02T14:00:00Z,0.101
2026-02-02T14:30:00Z,0.097
2026-02-02T15:00:00Z,0.105
2026-02-02T15:30:00Z,0.114
2026-02-02T16:00:00Z,0.145
2026-02-02T16:30:00Z,0.199
2026-02-02T17:00:00Z,0.185
2026-02-02T17:30:00Z,0.184
2026-02-02T18:00:00Z,0.133
2026-02-02T18:30:00Z,0.125
2026-02-02T19:00:00Z,0.116
2026-02-02T19:30:00Z,0.17
2026-02-02T20:00:00Z,0.115
2026-02-02T20:30:00Z,0.152
2026-02-02T21:00:00Z,0.107
2026-02-02T21:30:00Z,0.114
2026-02-02T22:00:00Z,0.115
2026-02-02T22:30:00Z,0.368
2026-02-02T23:00:00Z,0.453
2026-02-02T23:30:00Z,0.4
2026-02-03T00:00:00Z,0.076
2026-02-03T00:30:00Z,0.082
2026-02-03T01:00:00Z,0.078
2026-02-03T01:30:00Z,0.077
2026-02-03T02:00:00Z,0.053
2026-02-03T02:30:00Z,0.062
2026-02-03T03:00:00Z,0.061
2026-02-03T03:30:00Z,0.062
2026-02-03T04:00:00Z,0.058
2026-02-03T04:30:00Z,0.059
2026-02-03T05:00:00Z,0.058
2026-02-03T05:30:00Z,0.062
2026-02-03T06:00:00Z,0.062
2026-02-03T06:30:00Z,0.065
2026-02-03T07:00:00Z,0.089
2026-02-03T07:30:00Z,0.135
2026-02-03T08:00:00Z,0.176
2026-02-03T08:30:00Z,0.156
2026-02-03T09:00:00Z,0.159
2026-02-03T09:30:00Z,0.169
2026-02-03T10:00:00Z,0.135
2026-02-03T10:30:00Z,0.136
2026-02-03T11:00:00Z,0.231
2026-02-03T11:30:00Z,0.255
2026-02-03T12:00:00Z,0.315
2026-02-03T12:30:00Z,0.155
2026-02-03T13:00:00Z,0.165
2026-02-03T13:30:00Z,0.129
2026-02-03T14:00:00Z,0.125
2026-02-03T14:30:00Z,0.118
2026-02-03T15:00:00Z,0.104
2026-02-03T15:30:00Z,0.094
2026-02-03T16:00:00Z,0.155
2026-02-03T16:30:00Z,0.174
2026-02-03T17:00:00Z,0.211
2026-02-03T17:30:00Z,0.2
2026-02-03T18:00:00Z,0.179
2026-02-03T18:30:00Z,0.358
2026-02-03T19:00:00Z,0.118
2026-02-03T19:30:00Z,0.654
2026-02-03T20:00:00Z,0.107
2026-02-03T20:30:00Z,0.122
2026-02-03T21:00:00Z,0.524
2026-02-03T21:30:00Z,0.398
2026-02-03T22:00:00Z,0.384
2026-02-03T22:30:00Z,0.647
2026-02-03T23:00:00Z,0.441
2026-02-03T23:30:00Z,0.419
2026-02-04T00:00:00Z,0.077
2026-02-04T00:30:00Z,0.082
2026-02-04T01:00:00Z,0.067
2026-02-04T01:30:00Z,0.064
2026-02-04T02:00:00Z,0.06
2026-02-04T02:30:00Z,0.074
2026-02-04T03:00:00Z,0.074
2026-02-04T03:30:00Z,0.065
2026-02-04T04:00:00Z,0.051
2026-02-04T04:30:00Z,0.056
2026-02-04T05:00:00Z,0.087
2026-02-04T05:30:00Z,0.081
2026-02-04T06:00:00Z,0.066
2026-02-04T06:30:00Z,0.049
2026-02-04T07:00:00Z,0.076
2026-02-04T07:30:00Z,0.08
2026-02-04T08:00:00Z,0.064
2026-02-04T08:30:00Z,0.092
2026-02-04T09:00:00Z,0.152
2026-02-04T09:30:00Z,0.324
2026-02-04T10:00:00Z,0.275
2026-02-04T10:30:00Z,0.34
2026-02-04T11:00:00Z,0.227
2026-02-04T11:30:00Z,0.296
2026-02-04T12:00:00Z,0.705
2026-02-04T12:30:00Z,0.261
2026-02-04T13:00:00Z,0.151
2026-02-04T13:30:00Z,0.17
2026-02-04T14:00:00Z,0.353
2026-02-04T14:30:00Z,0.238
2026-02-04T15:00:00Z,0.186
2026-02-04T15:30:00Z,0.164
2026-02-04T16:00:00Z,0.13
2026-02-04T16:30:00Z,0.111
2026-02-04T17:00:00Z,0.109
2026-02-04T17:30:00Z,0.124
2026-02-04T18:00:00Z,0.123
2026-02-04T18:30:00Z,0.126
2026-02-04T19:00:00Z,0.139
2026-02-04T19:30:00Z,0.142
2026-02-04T20:00:00Z,0.134
2026-02-04T20:30:00Z,0.122
2026-02-04T21:00:00Z,0.119
2026-02-04T21:30:00Z,0.108
2026-02-04T22:00:00Z,0.106
2026-02-04T22:30:00Z,0.129
2026-02-04T23:00:00Z,0.149
2026-02-04T23:30:00Z,0.456
2026-02-05T00:00:00Z,0.098
2026-02-05T00:30:00Z,0.104
2026-02-05T01:00:00Z,0.07
2026-02-05T01:30:00Z,0.066
2026-02-05T02:00:00Z,0.076
2026-02-05T02:30:00Z,0.074
2026-02-05T03:00:00Z,0.061
2026-02-05T03:30:00Z,0.061
2026-02-05T04:00:00Z,0.063
2026-02-05T04:30:00Z,0.078
2026-02-05T05:00:00Z,0.076
2026-02-05T05:30:00Z,0.063
2026-02-05T06:00:00Z,0.059
2026-02-05T06:30:00Z,0.059
2026-02-05T07:00:00Z,0.084
2026-02-05T07:30:00Z,0.239
2026-02-05T08:00:00Z,0.165
2026-02-05T08:30:00Z,0.098
2026-02-05T09:00:00Z,0.126
2026-02-05T09:30:00Z,0.176
2026-02-05T10:00:00Z,0.148
2026-02-05T10:30:00Z,0.121
2026-02-05T11:00:00Z,0.263
2026-02-05T11:30:00Z,0.244
2026-02-05T12:00:00Z,0.26
2026-02-05T12:30:00Z,0.134
2026-02-05T13:00:00Z,0.129
2026-02-05T13:30:00Z,0.112
2026-02-05T14:00:00Z,0.136
2026-02-05T14:30:00Z,0.158
2026-02-05T15:00:00Z,0.145
2026-02-05T15:30:00Z,0.117
2026-02-05T16:00:00Z,0.14
2026-02-05T16:30:00Z,0.225
2026-02-05T17:00:00Z,0.435
2026-02-05T17:30:00Z,0.229
2026-02-05T18:00:00Z,0.248
2026-02-05T18:30:00Z,0.397
2026-02-05T19:00:00Z,0.157
2026-02-05T19:30:00Z,0.162
2026-02-05T20:00:00Z,0.16
2026-02-05T20:30:00Z,0.145
2026-02-05T21:00:00Z,0.093
2026-02-05T21:30:00Z,0.093
2026-02-05T22:00:00Z,0.109
2026-02-05T22:30:00Z,0.102
2026-02-05T23:00:00Z,0.078
2026-02-05T23:30:00Z,0.066
2026-02-06T00:00:00Z,0.066
2026-02-06T00:30:00Z,0.061
2026-02-06T01:00:00Z,0.06
2026-02-06T01:30:00Z,0.061
2026-02-06T02:00:00Z,0.064
2026-02-06T02:30:00Z,0.066
2026-02-06T03:00:00Z,0.065
2026-02-06T03:30:00Z,0.069
2026-02-06T04:00:00Z,0.092
2026-02-06T04:30:00Z,0.086
2026-02-06T05:00:00Z,0.09
2026-02-06T05:30:00Z,0.064
2026-02-06T06:00:00Z,0.064
2026-02-06T06:30:00Z,0.056
2026-02-06T07:00:00Z,0.081
2026-02-06T07:30:00Z,0.651
2026-02-06T08:00:00Z,0.455
2026-02-06T08:30:00Z,0.128
2026-02-06T09:00:00Z,0.583
2026-02-06T09:30:00Z,0.187
2026-02-06T10:00:00Z,0.166
2026-02-06T10:30:00Z,0.175
2026-02-06T11:00:00Z,0.506
2026-02-06T11:30:00Z,0.193
2026-02-06T12:00:00Z,0.368
2026-02-06T12:30:00Z,0.149
2026-02-06T13:00:00Z,0.22
2026-02-06T13:30:00Z,0.183
2026-02-06T14:00:00Z,0.183
2026-02-06T14:30:00Z,0.18
2026-02-06T15:00:00Z,0.159
2026-02-06T15:30:00Z,0.16
2026-02-06T16:00:00Z,0.194
2026-02-06T16:30:00Z,0.243
2026-02-06T17:00:00Z,0.222
2026-02-06T17:30:00Z,0.543
2026-02-06T18:00:00Z,0.296
2026-02-06T18:30:00Z,0.458
2026-02-06T19:00:00Z,0.853
2026-02-06T19:30:00Z,0.232
2026-02-06T20:00:00Z,0.599
2026-02-06T20:30:00Z,0.148
2026-02-06T21:00:00Z,0.138
2026-02-06T21:30:00Z,0.148
2026-02-06T22:00:00Z,0.132
2026-02-06T22:30:00Z,0.118
2026-02-06T23:00:00Z,0.12
2026-02-06T23:30:00Z,0.119
2026-02-07T00:00:00Z,0.491
2026-02-07T00:30:00Z,0.822
2026-02-07T01:00:00Z,0.512
2026-02-07T01:30:00Z,0.19
2026-02-07T02:00:00Z,0.095
2026-02-07T02:30:00Z,0.116
2026-02-07T03:00:00Z,0.114
2026-02-07T03:30:00Z,0.118
2026-02-07T04:00:00Z,0.121
2026-02-07T04:30:00Z,0.102
2026-02-07T05:00:00Z,0.136
2026-02-07T05:30:00Z,0.14
2026-02-07T06:00:00Z,0.126
2026-02-07T06:30:00Z,0.103
2026-02-07T07:00:00Z,0.102
2026-02-07T07:30:00Z,0.102
2026-02-07T08:00:00Z,0.103
2026-02-07T08:30:00Z,0.12
2026-02-07T09:00:00Z,0.12
2026-02-07T09:30:00Z,0.216
2026-02-07T10:00:00Z,0.161
2026-02-07T10:30:00Z,0.133
2026-02-07T11:00:00Z,0.141
2026-02-07T11:30:00Z,0.192
2026-02-07T12:00:00Z,0.708
2026-02-07T12:30:00Z,0.201
2026-02-07T13:00:00Z,0.229
2026-02-07T13:30:00Z,0.17
2026-02-07T14:00:00Z,0.146
2026-02-07T14:30:00Z,0.164
2026-02-07T15:00:00Z,0.56
2026-02-07T15:30:00Z,0.218
2026-02-07T16:00:00Z,0.196
2026-02-07T16:30:00Z,0.189
2026-02-07T17:00:00Z,0.438
2026-02-07T17:30:00Z,0.161
2026-02-07T18:00:00Z,0.156
2026-02-07T18:30:00Z,0.142
2026-02-07T19:00:00Z,0.155
2026-02-07T19:30:00Z,0.161
2026-02-07T20:00:00Z,0.223
2026-02-07T20:30:00Z,0.473
2026-02-07T21:00:00Z,0.539
2026-02-07T21:30:00Z,0.834
2026-02-07T22:00:00Z,0.229
2026-02-07T22:30:00Z,0.122
2026-02-07T23:00:00Z,0.157
2026-02-07T23:30:00Z,0.471
2026-02-08T00:00:00Z,0.398
2026-02-08T00:30:00Z,0.407
2026-02-08T01:00:00Z,0.374
2026-02-08T01:30:00Z,0.278
2026-02-08T02:00:00Z,0.077
2026-02-08T02:30:00Z,0.064
2026-02-08T03:00:00Z,0.059
2026-02-08T03:30:00Z,0.059
2026-02-08T04:00:00Z,0.061
2026-02-08T04:30:00Z,0.062
2026-02-08T05:00:00Z,0.078
2026-02-08T05:30:00Z,0.075
2026-02-08T06:00:00Z,0.059
2026-02-08T06:30:00Z,0.058
2026-02-08T07:00:00Z,0.059
2026-02-08T07:30:00Z,0.084
2026-02-08T08:00:00Z,0.141
2026-02-08T08:30:00Z,0.152
2026-02-08T09:00:00Z,0.562
2026-02-08T09:30:00Z,0.481
2026-02-08T10:00:00Z,0.149
2026-02-08T10:30:00Z,0.644
2026-02-08T11:00:00Z,0.669
2026-02-08T11:30:00Z,0.326
2026-02-08T12:00:00Z,0.174
2026-02-08T12:30:00Z,0.13
2026-02-08T13:00:00Z,0.112
2026-02-08T13:30:00Z,0.116
2026-02-08T14:00:00Z,0.138
2026-02-08T14:30:00Z,0.129
2026-02-08T15:00:00Z,0.11
2026-02-08T15:30:00Z,0.126
2026-02-08T16:00:00Z,0.204
2026-02-08T16:30:00Z,0.198
2026-02-08T17:00:00Z,0.316
2026-02-08T17:30:00Z,0.546
2026-02-08T18:00:00Z,0.816
2026-02-08T18:30:00Z,0.884
2026-02-08T19:00:00Z,0.542
2026-02-08T19:30:00Z,0.35
2026-02-08T20:00:00Z,0.274
2026-02-08T20:30:00Z,0.29
2026-02-08T21:00:00Z,0.278
2026-02-08T21:30:00Z,0.219
2026-02-08T22:00:00Z,0.222
2026-02-08T22:30:00Z,0.194
2026-02-08T23:00:00Z,0.175
2026-02-08T23:30:00Z,0.178
2026-02-09T00:00:00Z,0.111
2026-02-09T00:30:00Z,0.122
2026-02-09T01:00:00Z,0.113
2026-02-09T01:30:00Z,0.094
2026-02-09T02:00:00Z,0.107
2026-02-09T02:30:00Z,0.099
2026-02-09T03:00:00Z,0.094
2026-02-09T03:30:00Z,0.08
2026-02-09T04:00:00Z,0.075
2026-02-09T04:30:00Z,0.079
2026-02-09T05:00:00Z,0.068
2026-02-09T05:30:00Z,0.063
2026-02-09T06:00:00Z,0.077
2026-02-09T06:30:00Z,0.092
2026-02-09T07:00:00Z,0.085
2026-02-09T07:30:00Z,0.123
2026-02-09T08:00:00Z,0.331
2026-02-09T08:30:00Z,0.588
2026-02-09T09:00:00Z,0.989
2026-02-09T09:30:00Z,0.463
2026-02-09T10:00:00Z,0.175
2026-02-09T10:30:00Z,0.187
2026-02-09T11:00:00Z,0.709
2026-02-09T11:30:00Z,0.313
2026-02-09T12:00:00Z,0.287
2026-02-09T12:30:00Z,0.261
2026-02-09T13:00:00Z,0.173
2026-02-09T13:30:00Z,0.123
2026-02-09T14:00:00Z,0.103
2026-02-09T14:30:00Z,0.078
2026-02-09T15:00:00Z,0.084
2026-02-09T15:30:00Z,0.134
2026-02-09T16:00:00Z,0.118
2026-02-09T16:30:00Z,0.179
2026-02-09T17:00:00Z,0.181
2026-02-09T17:30:00Z,0.194
2026-02-09T18:00:00Z,0.211
2026-02-09T18:30:00Z,0.209
2026-02-09T19:00:00Z,0.186
2026-02-09T19:30:00Z,0.239
2026-02-09T20:00:00Z,0.147
2026-02-09T20:30:00Z,0.141
2026-02-09T21:00:00Z,0.172
2026-02-09T21:30:00Z,0.179
2026-02-09T22:00:00Z,0.175
2026-02-09T22:30:00Z,0.139
2026-02-09T23:00:00Z,0.068
2026-02-09T23:30:00Z,0.069
2026-02-10T00:00:00Z,0.075
2026-02-10T00:30:00Z,0.071
2026-02-10T01:00:00Z,0.057
2026-02-10T01:30:00Z,0.054
2026-02-10T02:00:00Z,0.057
2026-02-10T02:30:00Z,0.068
2026-02-10T03:00:00Z,0.073
2026-02-10T03:30:00Z,0.062
2026-02-10T04:00:00Z,0.055
2026-02-10T04:30:00Z,0.065
2026-02-10T05:00:00Z,0.072
2026-02-10T05:30:00Z,0.069
2026-02-10T06:00:00Z,0.058
2026-02-10T06:30:00Z,0.058
2026-02-10T07:00:00Z,0.068
2026-02-10T07:30:00Z,0.176
2026-02-10T08:00:00Z,0.182
2026-02-10T08:30:00Z,0.18
2026-02-10T09:00:00Z,0.134
2026-02-10T09:30:00Z,0.118
2026-02-10T10:00:00Z,0.09
2026-02-10T10:30:00Z,0.141
2026-02-10T11:00:00Z,0.14
2026-02-10T11:30:00Z,0.103
2026-02-10T12:00:00Z,0.135
2026-02-10T12:30:00Z,0.184
2026-02-10T13:00:00Z,0.229
2026-02-10T13:30:00Z,0.154
2026-02-10T14:00:00Z,0.113
2026-02-10T14:30:00Z,0.096
2026-02-10T15:00:00Z,0.06
2026-02-10T15:30:00Z,0.057
2026-02-10T16:00:00Z,0.102
2026-02-10T16:30:00Z,0.195
2026-02-10T17:00:00Z,0.212
2026-02-10T17:30:00Z,0.545
2026-02-10T18:00:00Z,0.225
2026-02-10T18:30:00Z,0.186
2026-02-10T19:00:00Z,0.172
2026-02-10T19:30:00Z,0.11
2026-02-10T20:00:00Z,0.204
2026-02-10T20:30:00Z,0.212
2026-02-10T21:00:00Z,0.139
2026-02-10T21:30:00Z,0.359
2026-02-10T22:00:00Z,0.172
2026-02-10T22:30:00Z,0.085
2026-02-10T23:00:00Z,0.093
2026-02-10T23:30:00Z,0.48
2026-02-11T00:00:00Z,0.082
2026-02-11T00:30:00Z,0.07
2026-02-11T01:00:00Z,0.069
2026-02-11T01:30:00Z,0.073
2026-02-11T02:00:00Z,0.072
2026-02-11T02:30:00Z,0.076
2026-02-11T03:00:00Z,0.07
2026-02-11T03:30:00Z,0.072
2026-02-11T04:00:00Z,0.103
2026-02-11T04:30:00Z,0.152
2026-02-11T05:00:00Z,0.11
2026-02-11T05:30:00Z,0.101
2026-02-11T06:00:00Z,0.082
2026-02-11T06:30:00Z,0.052
2026-02-11T07:00:00Z,0.059
2026-02-11T07:30:00Z,0.369
2026-02-11T08:00:00Z,0.099
2026-02-11T08:30:00Z,0.098
2026-02-11T09:00:00Z,0.099
2026-02-11T09:30:00Z,0.135
2026-02-11T10:00:00Z,0.196
2026-02-11T10:30:00Z,0.101
2026-02-11T11:00:00Z,0.348
2026-02-11T11:30:00Z,0.465
2026-02-11T12:00:00Z,0.148
2026-02-11T12:30:00Z,0.15
2026-02-11T13:00:00Z,0.157
2026-02-11T13:30:00Z,0.125
2026-02-11T14:00:00Z,0.132
2026-02-11T14:30:00Z,0.104
2026-02-11T15:00:00Z,0.186
2026-02-11T15:30:00Z,0.183
2026-02-11T16:00:00Z,0.18
2026-02-11T16:30:00Z,0.205
2026-02-11T17:00:00Z,0.168
2026-02-11T17:30:00Z,0.178
2026-02-11T18:00:00Z,0.65
2026-02-11T18:30:00Z,0.808
2026-02-11T19:00:00Z,0.46
2026-02-11T19:30:00Z,0.713
2026-02-11T20:00:00Z,0.146
2026-02-11T20:30:00Z,0.143
2026-02-11T21:00:00Z,0.135
2026-02-11T21:30:00Z,0.166
2026-02-11T22:00:00Z,0.133
2026-02-11T22:30:00Z,0.139
2026-02-11T23:00:00Z,0.153
2026-02-11T23:30:00Z,0.143
2026-02-12T00:00:00Z,0.118
2026-02-12T00:30:00Z,0.104
2026-02-12T01:00:00Z,0.105
2026-02-12T01:30:00Z,0.105
2026-02-12T02:00:00Z,0.105
2026-02-12T02:30:00Z,0.102
2026-02-12T03:00:00Z,0.127
2026-02-12T03:30:00Z,0.138
2026-02-12T04:00:00Z,0.139
2026-02-12T04:30:00Z,0.111
2026-02-12T05:00:00Z,0.105
2026-02-12T05:30:00Z,0.103
2026-02-12T06:00:00Z,0.102
2026-02-12T06:30:00Z,0.102
2026-02-12T07:00:00Z,0.122
2026-02-12T07:30:00Z,0.184
2026-02-12T08:00:00Z,0.234
2026-02-12T08:30:00Z,0.234
2026-02-12T09:00:00Z,0.199
2026-02-12T09:30:00Z,0.21
2026-02-12T10:00:00Z,0.21
2026-02-12T10:30:00Z,0.196
2026-02-12T11:00:00Z,0.543
2026-02-12T11:30:00Z,0.21
2026-02-12T12:00:00Z,0.244
2026-02-12T12:30:00Z,0.138
2026-02-12T13:00:00Z,0.089
2026-02-12T13:30:00Z,0.089
2026-02-12T14:00:00Z,0.377
2026-02-12T14:30:00Z,0.519
2026-02-12T15:00:00Z,0.265
2026-02-12T15:30:00Z,0.363
2026-02-12T16:00:00Z,0.313
2026-02-12T16:30:00Z,0.268
2026-02-12T17:00:00Z,0.285
2026-02-12T17:30:00Z,0.179
2026-02-12T18:00:00Z,0.191
2026-02-12T18:30:00Z,0.118
2026-02-12T19:00:00Z,0.077
2026-02-12T19:30:00Z,0.074
2026-02-12T20:00:00Z,0.176
2026-02-12T20:30:00Z,0.175
2026-02-12T21:00:00Z,0.175
2026-02-12T21:30:00Z,0.139
2026-02-12T22:00:00Z,0.128
2026-02-12T22:30:00Z,0.11
2026-02-12T23:00:00Z,0.382
2026-02-12T23:30:00Z,0.091
2026-02-13T00:00:00Z,0.142
2026-02-13T00:30:00Z,0.058
2026-02-13T01:00:00Z,0.061
2026-02-13T01:30:00Z,0.077
2026-02-13T02:00:00Z,0.075
2026-02-13T02:30:00Z,0.061
2026-02-13T03:00:00Z,0.061
2026-02-13T03:30:00Z,0.066
2026-02-13T04:00:00Z,0.091
2026-02-13T04:30:00Z,0.09
2026-02-13T05:00:00Z,0.088
2026-02-13T05:30:00Z,0.059
2026-02-13T06:00:00Z,0.059
2026-02-13T06:30:00Z,0.075
2026-02-13T07:00:00Z,0.16
2026-02-13T07:30:00Z,0.351
2026-02-13T08:00:00Z,0.216
2026-02-13T08:30:00Z,0.113
2026-02-13T09:00:00Z,0.112
2026-02-13T09:30:00Z,0.096
2026-02-13T10:00:00Z,0.106
2026-02-13T10:30:00Z,0.128
2026-02-13T11:00:00Z,0.129
2026-02-13T11:30:00Z,0.379
2026-02-13T12:00:00Z,0.192
2026-02-13T12:30:00Z,0.085
2026-02-13T13:00:00Z,0.167
2026-02-13T13:30:00Z,0.149
2026-02-13T14:00:00Z,0.162
2026-02-13T14:30:00Z,0.121
2026-02-13T15:00:00Z,0.134
2026-02-13T15:30:00Z,0.159
2026-02-13T16:00:00Z,0.117
2026-02-13T16:30:00Z,0.118
2026-02-13T17:00:00Z,0.149
2026-02-13T17:30:00Z,0.18
2026-02-13T18:00:00Z,0.159
2026-02-13T18:30:00Z,0.099
2026-02-13T19:00:00Z,0.096
2026-02-13T19:30:00Z,0.072
2026-02-13T20:00:00Z,0.093
2026-02-13T20:30:00Z,0.132
2026-02-13T21:00:00Z,0.143
2026-02-13T21:30:00Z,0.14
2026-02-13T22:00:00Z,0.131
2026-02-13T22:30:00Z,0.121
2026-02-13T23:00:00Z,0.077
2026-02-13T23:30:00Z,0.06
2026-02-14T00:00:00Z,0.136
2026-02-14T00:30:00Z,0.13
2026-02-14T01:00:00Z,0.129
2026-02-14T01:30:00Z,0.136
2026-02-14T02:00:00Z,0.117
2026-02-14T02:30:00Z,0.116
2026-02-14T03:00:00Z,0.145
2026-02-14T03:30:00Z,0.146
2026-02-14T04:00:00Z,0.152
2026-02-14T04:30:00Z,0.12
2026-02-14T05:00:00Z,0.114
2026-02-14T05:30:00Z,0.133
2026-02-14T06:00:00Z,0.12
2026-02-14T06:30:00Z,0.117
2026-02-14T07:00:00Z,0.117
2026-02-14T07:30:00Z,0.114
2026-02-14T08:00:00Z,0.19
2026-02-14T08:30:00Z,0.603
2026-02-14T09:00:00Z,0.53
2026-02-14T09:30:00Z,0.457
2026-02-14T10:00:00Z,0.407
2026-02-14T10:30:00Z,0.389
2026-02-14T11:00:00Z,0.347
2026-02-14T11:30:00Z,0.144
2026-02-14T12:00:00Z,0.654
2026-02-14T12:30:00Z,0.76
2026-02-14T13:00:00Z,0.237
2026-02-14T13:30:00Z,0.163
2026-02-14T14:00:00Z,0.65
2026-02-14T14:30:00Z,0.479
2026-02-14T15:00:00Z,0.325
2026-02-14T15:30:00Z,0.512
2026-02-14T16:00:00Z,0.182
2026-02-14T16:30:00Z,0.206
2026-02-14T17:00:00Z,0.181
2026-02-14T17:30:00Z,0.211
2026-02-14T18:00:00Z,0.224
2026-02-14T18:30:00Z,0.552
2026-02-14T19:00:00Z,0.216
2026-02-14T19:30:00Z,0.394
2026-02-14T20:00:00Z,0.5
2026-02-14T20:30:00Z,0.296
2026-02-14T21:00:00Z,0.219
2026-02-14T21:30:00Z,0.233
2026-02-14T22:00:00Z,0.231
2026-02-14T22:30:00Z,0.508
2026-02-14T23:00:00Z,0.443
2026-02-14T23:30:00Z,0.378
2026-02-15T00:00:00Z,0.282
2026-02-15T00:30:00Z,0.159
2026-02-15T01:00:00Z,0.147
2026-02-15T01:30:00Z,0.631
2026-02-15T02:00:00Z,0.131
2026-02-15T02:30:00Z,0.093
2026-02-15T03:00:00Z,0.115
2026-02-15T03:30:00Z,0.104
2026-02-15T04:00:00Z,0.087
2026-02-15T04:30:00Z,0.087
2026-02-15T05:00:00Z,0.087
2026-02-15T05:30:00Z,0.101
2026-02-15T06:00:00Z,0.098
2026-02-15T06:30:00Z,0.092
2026-02-15T07:00:00Z,0.09
2026-02-15T07:30:00Z,0.09
2026-02-15T08:00:00Z,0.092
2026-02-15T08:30:00Z,0.104
2026-02-15T09:00:00Z,0.098
2026-02-15T09:30:00Z,0.154
2026-02-15T10:00:00Z,0.168
2026-02-15T10:30:00Z,0.533
2026-02-15T11:00:00Z,0.168
2026-02-15T11:30:00Z,0.163
2026-02-15T12:00:00Z,0.152
2026-02-15T12:30:00Z,0.488
2026-02-15T13:00:00Z,0.285
2026-02-15T13:30:00Z,0.133
2026-02-15T14:00:00Z,0.151
2026-02-15T14:30:00Z,0.144
2026-02-15T15:00:00Z,0.124
2026-02-15T15:30:00Z,0.121
2026-02-15T16:00:00Z,0.827
2026-02-15T16:30:00Z,0.207
2026-02-15T17:00:00Z,0.184
2026-02-15T17:30:00Z,0.19
2026-02-15T18:00:00Z,0.135
2026-02-15T18:30:00Z,0.161
2026-02-15T19:00:00Z,0.274
2026-02-15T19:30:00Z,0.238
2026-02-15T20:00:00Z,0.142
2026-02-15T20:30:00Z,0.155
2026-02-15T21:00:00Z,0.171
2026-02-15T21:30:00Z,0.162
2026-02-15T22:00:00Z,0.166
2026-02-15T22:30:00Z,0.216
2026-02-15T23:00:00Z,0.742
2026-02-15T23:30:00Z,0.498
2026-02-16T00:00:00Z,0.062
2026-02-16T00:30:00Z,0.067
2026-02-16T01:00:00Z,0.079
2026-02-16T01:30:00Z,0.078
2026-02-16T02:00:00Z,0.071
2026-02-16T02:30:00Z,0.075
2026-02-16T03:00:00Z,0.074
2026-02-16T03:30:00Z,0.077
2026-02-16T04:00:00Z,0.078
2026-02-16T04:30:00Z,0.073
2026-02-16T05:00:00Z,0.074
2026-02-16T05:30:00Z,0.074
2026-02-16T06:00:00Z,0.077
2026-02-16T06:30:00Z,0.078
2026-02-16T07:00:00Z,0.072
2026-02-16T07:30:00Z,0.089
2026-02-16T08:00:00Z,0.118
2026-02-16T08:30:00Z,0.684
2026-02-16T09:00:00Z,0.473
2026-02-16T09:30:00Z,0.18
2026-02-16T10:00:00Z,0.625
2026-02-16T10:30:00Z,0.152
2026-02-16T11:00:00Z,0.217
2026-02-16T11:30:00Z,0.311
2026-02-16T12:00:00Z,0.458
2026-02-16T12:30:00Z,0.175
2026-02-16T13:00:00Z,0.159
2026-02-16T13:30:00Z,0.131
2026-02-16T14:00:00Z,0.156
2026-02-16T14:30:00Z,0.133
2026-02-16T15:00:00Z,0.342
2026-02-16T15:30:00Z,0.138
2026-02-16T16:00:00Z,0.117
2026-02-16T16:30:00Z,0.132
2026-02-16T17:00:00Z,0.105
2026-02-16T17:30:00Z,0.2
2026-02-16T18:00:00Z,0.465
2026-02-16T18:30:00Z,0.193
2026-02-16T19:00:00Z,0.193
2026-02-16T19:30:00Z,0.202
2026-02-16T20:00:00Z,0.11
2026-02-16T20:30:00Z,0.181
2026-02-16T21:00:00Z,0.142
2026-02-16T21:30:00Z,0.16
2026-02-16T22:00:00Z,0.158
2026-02-16T22:30:00Z,0.164
2026-02-16T23:00:00Z,0.144
2026-02-16T23:30:00Z,0.13
2026-02-17T00:00:00Z,0.088
2026-02-17T00:30:00Z,0.066
2026-02-17T01:00:00Z,0.078
2026-02-17T01:30:00Z,0.075
2026-02-17T02:00:00Z,0.059
2026-02-17T02:30:00Z,0.059
2026-02-17T03:00:00Z,0.059
2026-02-17T03:30:00Z,0.074
2026-02-17T04:00:00Z,0.077
2026-02-17T04:30:00Z,0.064
2026-02-17T05:00:00Z,0.062
2026-02-17T05:30:00Z,0.059
2026-02-17T06:00:00Z,0.089
2026-02-17T06:30:00Z,0.091
2026-02-17T07:00:00Z,0.091
2026-02-17T07:30:00Z,0.091
2026-02-17T08:00:00Z,0.549
2026-02-17T08:30:00Z,0.862
2026-02-17T09:00:00Z,0.184
2026-02-17T09:30:00Z,0.157
2026-02-17T10:00:00Z,0.161
2026-02-17T10:30:00Z,0.693
2026-02-17T11:00:00Z,0.153
2026-02-17T11:30:00Z,0.12
2026-02-17T12:00:00Z,0.093
2026-02-17T12:30:00Z,0.326
2026-02-17T13:00:00Z,0.09
2026-02-17T13:30:00Z,0.091
2026-02-17T14:00:00Z,0.081
2026-02-17T14:30:00Z,0.085
2026-02-17T15:00:00Z,0.11
2026-02-17T15:30:00Z,0.167
2026-02-17T16:00:00Z,0.136
2026-02-17T16:30:00Z,0.085
2026-02-17T17:00:00Z,0.082
2026-02-17T17:30:00Z,0.096
2026-02-17T18:00:00Z,0.141
2026-02-17T18:30:00Z,0.451
2026-02-17T19:00:00Z,0.548
2026-02-17T19:30:00Z,0.18
2026-02-17T20:00:00Z,0.149
2026-02-17T20:30:00Z,0.118
2026-02-17T21:00:00Z,0.122
2026-02-17T21:30:00Z,0.111
2026-02-17T22:00:00Z,0.123
2026-02-17T22:30:00Z,0.128
2026-02-17T23:00:00Z,0.141
2026-02-17T23:30:00Z,0.144
2026-02-18T00:00:00Z,0.307
2026-02-18T00:30:00Z,0.306
2026-02-18T01:00:00Z,0.324
2026-02-18T01:30:00Z,0.239
2026-02-18T02:00:00Z,0.058
2026-02-18T02:30:00Z,0.058
2026-02-18T03:00:00Z,0.08
2026-02-18T03:30:00Z,0.11
2026-02-18T04:00:00Z,0.115
2026-02-18T04:30:00Z,0.104
2026-02-18T05:00:00Z,0.085
2026-02-18T05:30:00Z,0.079
2026-02-18T06:00:00Z,0.087
2026-02-18T06:30:00Z,0.073
2026-02-18T07:00:00Z,0.085
2026-02-18T07:30:00Z,0.726
2026-02-18T08:00:00Z,0.679
2026-02-18T08:30:00Z,0.118
2026-02-18T09:00:00Z,0.089
2026-02-18T09:30:00Z,0.15
2026-02-18T10:00:00Z,0.145
2026-02-18T10:30:00Z,0.158
2026-02-18T11:00:00Z,0.146
2026-02-18T11:30:00Z,0.203
2026-02-18T12:00:00Z,0.689
2026-02-18T12:30:00Z,0.125
2026-02-18T13:00:00Z,0.174
2026-02-18T13:30:00Z,0.165
2026-02-18T14:00:00Z,0.123
2026-02-18T14:30:00Z,0.126
2026-02-18T15:00:00Z,0.109
2026-02-18T15:30:00Z,0.112
2026-02-18T16:00:00Z,0.142
2026-02-18T16:30:00Z,0.159
2026-02-18T17:00:00Z,0.17
2026-02-18T17:30:00Z,0.148
2026-02-18T18:00:00Z,0.506
2026-02-18T18:30:00Z,0.518
2026-02-18T19:00:00Z,0.201
2026-02-18T19:30:00Z,0.145
2026-02-18T20:00:00Z,0.145
2026-02-18T20:30:00Z,0.143
2026-02-18T21:00:00Z,0.139
2026-02-18T21:30:00Z,0.308
2026-02-18T22:00:00Z,0.232
2026-02-18T22:30:00Z,0.119
2026-02-18T23:00:00Z,0.468
2026-02-18T23:30:00Z,0.139
2026-02-19T00:00:00Z,0.062
2026-02-19T00:30:00Z,0.079
2026-02-19T01:00:00Z,0.074
2026-02-19T01:30:00Z,0.066
2026-02-19T02:00:00Z,0.076
2026-02-19T02:30:00Z,0.06
2026-02-19T03:00:00Z,0.059
2026-02-19T03:30:00Z,0.073
2026-02-19T04:00:00Z,0.088
2026-02-19T04:30:00Z,0.089
2026-02-19T05:00:00Z,0.085
2026-02-19T05:30:00Z,0.087
2026-02-19T06:00:00Z,0.067
2026-02-19T06:30:00Z,0.064
2026-02-19T07:00:00Z,0.082
2026-02-19T07:30:00Z,0.151
2026-02-19T08:00:00Z,0.177
2026-02-19T08:30:00Z,0.157
2026-02-19T09:00:00Z,0.13
2026-02-19T09:30:00Z,0.144
2026-02-19T10:00:00Z,0.122
2026-02-19T10:30:00Z,0.318
2026-02-19T11:00:00Z,0.18
2026-02-19T11:30:00Z,0.12
2026-02-19T12:00:00Z,0.114
2026-02-19T12:30:00Z,0.323
2026-02-19T13:00:00Z,0.213
2026-02-19T13:30:00Z,0.154
2026-02-19T14:00:00Z,0.123
2026-02-19T14:30:00Z,0.112
2026-02-19T15:00:00Z,0.09
2026-02-19T15:30:00Z,0.121
2026-02-19T16:00:00Z,0.243
2026-02-19T16:30:00Z,0.854
2026-02-19T17:00:00Z,0.74
2026-02-19T17:30:00Z,0.14
2026-02-19T18:00:00Z,0.23
2026-02-19T18:30:00Z,0.184
2026-02-19T19:00:00Z,0.179
2026-02-19T19:30:00Z,0.124
2026-02-19T20:00:00Z,0.141
2026-02-19T20:30:00Z,0.149
2026-02-19T21:00:00Z,0.13
2026-02-19T21:30:00Z,0.123
2026-02-19T22:00:00Z,0.123
2026-02-19T22:30:00Z,0.123
2026-02-19T23:00:00Z,0.104
2026-02-19T23:30:00Z,0.09
2026-02-20T00:00:00Z,0.412
2026-02-20T00:30:00Z,0.254
2026-02-20T01:00:00Z,0.079
2026-02-20T01:30:00Z,0.077
2026-02-20T02:00:00Z,0.083
2026-02-20T02:30:00Z,0.093
2026-02-20T03:00:00Z,0.074
2026-02-20T03:30:00Z,0.089
2026-02-20T04:00:00Z,0.089
2026-02-20T04:30:00Z,0.076
2026-02-20T05:00:00Z,0.081
2026-02-20T05:30:00Z,0.088
2026-02-20T06:00:00Z,0.085
2026-02-20T06:30:00Z,0.257
2026-02-20T07:00:00Z,0.151
2026-02-20T07:30:00Z,0.102
2026-02-20T08:00:00Z,0.27
2026-02-20T08:30:00Z,0.177
2026-02-20T09:00:00Z,0.178
2026-02-20T09:30:00Z,0.225
2026-02-20T10:00:00Z,0.181
2026-02-20T10:30:00Z,0.159
2026-02-20T11:00:00Z,0.191
2026-02-20T11:30:00Z,0.302
2026-02-20T12:00:00Z,0.218
2026-02-20T12:30:00Z,0.152
2026-02-20T13:00:00Z,0.206
2026-02-20T13:30:00Z,0.147
2026-02-20T14:00:00Z,0.153
2026-02-20T14:30:00Z,0.127
2026-02-20T15:00:00Z,0.125
2026-02-20T15:30:00Z,0.439
2026-02-20T16:00:00Z,0.701
2026-02-20T16:30:00Z,0.211
2026-02-20T17:00:00Z,0.623
2026-02-20T17:30:00Z,0.187
2026-02-20T18:00:00Z,0.17
2026-02-20T18:30:00Z,0.167
2026-02-20T19:00:00Z,0.164
2026-02-20T19:30:00Z,0.189
2026-02-20T20:00:00Z,0.191
2026-02-20T20:30:00Z,0.117
2026-02-20T21:00:00Z,0.554
2026-02-20T21:30:00Z,0.42
2026-02-20T22:00:00Z,0.181
2026-02-20T22:30:00Z,0.485
2026-02-20T23:00:00Z,0.101
2026-02-20T23:30:00Z,0.058
2026-02-21T00:00:00Z,0.096
2026-02-21T00:30:00Z,0.096
2026-02-21T01:00:00Z,0.09
2026-02-21T01:30:00Z,0.061
2026-02-21T02:00:00Z,0.059
2026-02-21T02:30:00Z,0.062
2026-02-21T03:00:00Z,0.062
2026-02-21T03:30:00Z,0.048
2026-02-21T04:00:00Z,0.052
2026-02-21T04:30:00Z,0.079
2026-02-21T05:00:00Z,0.087
2026-02-21T05:30:00Z,0.053
2026-02-21T06:00:00Z,0.062
2026-02-21T06:30:00Z,0.062
2026-02-21T07:00:00Z,0.063
2026-02-21T07:30:00Z,0.098
2026-02-21T08:00:00Z,0.115
2026-02-21T08:30:00Z,0.838
2026-02-21T09:00:00Z,0.671
2026-02-21T09:30:00Z,0.332
2026-02-21T10:00:00Z,0.188
2026-02-21T10:30:00Z,0.135
2026-02-21T11:00:00Z,0.091
2026-02-21T11:30:00Z,0.137
2026-02-21T12:00:00Z,0.129
2026-02-21T12:30:00Z,0.11
2026-02-21T13:00:00Z,0.084
2026-02-21T13:30:00Z,0.074
2026-02-21T14:00:00Z,0.076
2026-02-21T14:30:00Z,0.131
2026-02-21T15:00:00Z,0.188
2026-02-21T15:30:00Z,0.115
2026-02-21T16:00:00Z,0.143
2026-02-21T16:30:00Z,0.113
2026-02-21T17:00:00Z,0.121
2026-02-21T17:30:00Z,0.138
2026-02-21T18:00:00Z,0.234
2026-02-21T18:30:00Z,0.167
2026-02-21T19:00:00Z,0.175
2026-02-21T19:30:00Z,0.151
2026-02-21T20:00:00Z,0.154
2026-02-21T20:30:00Z,0.121
2026-02-21T21:00:00Z,0.374
2026-02-21T21:30:00Z,0.421
2026-02-21T22:00:00Z,0.416
2026-02-21T22:30:00Z,0.388
2026-02-21T23:00:00Z,0.354
2026-02-21T23:30:00Z,0.336
2026-02-22T00:00:00Z,0.136
2026-02-22T00:30:00Z,0.087
2026-02-22T01:00:00Z,0.06
2026-02-22T01:30:00Z,0.091
2026-02-22T02:00:00Z,0.097
2026-02-22T02:30:00Z,0.095
2026-02-22T03:00:00Z,0.071
2026-02-22T03:30:00Z,0.059
2026-02-22T04:00:00Z,0.06
2026-02-22T04:30:00Z,0.059
2026-02-22T05:00:00Z,0.049
2026-02-22T05:30:00Z,0.047
2026-02-22T06:00:00Z,0.059
2026-02-22T06:30:00Z,0.072
2026-02-22T07:00:00Z,0.085
2026-02-22T07:30:00Z,0.1
2026-02-22T08:00:00Z,0.124
2026-02-22T08:30:00Z,0.124
2026-02-22T09:00:00Z,0.186
2026-02-22T09:30:00Z,0.189
2026-02-22T10:00:00Z,0.131
2026-02-22T10:30:00Z,0.145
2026-02-22T11:00:00Z,0.1
2026-02-22T11:30:00Z,0.099
2026-02-22T12:00:00Z,0.1
2026-02-22T12:30:00Z,0.097
2026-02-22T13:00:00Z,0.077
2026-02-22T13:30:00Z,0.061
2026-02-22T14:00:00Z,0.059
2026-02-22T14:30:00Z,0.06
2026-02-22T15:00:00Z,0.065
2026-02-22T15:30:00Z,0.062
2026-02-22T16:00:00Z,0.06
2026-02-22T16:30:00Z,0.057
2026-02-22T17:00:00Z,0.078
2026-02-22T17:30:00Z,0.095
2026-02-22T18:00:00Z,0.116
2026-02-22T18:30:00Z,0.105
2026-02-22T19:00:00Z,0.095
2026-02-22T19:30:00Z,0.121
2026-02-22T20:00:00Z,0.484
2026-02-22T20:30:00Z,0.153
2026-02-22T21:00:00Z,0.133
2026-02-22T21:30:00Z,0.131
2026-02-22T22:00:00Z,0.124
2026-02-22T22:30:00Z,0.088
2026-02-22T23:00:00Z,0.075
2026-02-22T23:30:00Z,0.087
2026-02-23T00:00:00Z,0.071
2026-02-23T00:30:00Z,0.083
2026-02-23T01:00:00Z,0.066
2026-02-23T01:30:00Z,0.064
2026-02-23T02:00:00Z,0.078
2026-02-23T02:30:00Z,0.095
2026-02-23T03:00:00Z,0.095
2026-02-23T03:30:00Z,0.097
2026-02-23T04:00:00Z,0.081
2026-02-23T04:30:00Z,0.064
2026-02-23T05:00:00Z,0.062
2026-02-23T05:30:00Z,0.051
2026-02-23T06:00:00Z,0.05
2026-02-23T06:30:00Z,0.066
2026-02-23T07:00:00Z,0.09
2026-02-23T07:30:00Z,0.083
2026-02-23T08:00:00Z,0.136
2026-02-23T08:30:00Z,0.196
2026-02-23T09:00:00Z,0.278
2026-02-23T09:30:00Z,0.556
2026-02-23T10:00:00Z,0.143
2026-02-23T10:30:00Z,0.124
2026-02-23T11:00:00Z,0.453
2026-02-23T11:30:00Z,0.289
2026-02-23T12:00:00Z,0.077
2026-02-23T12:30:00Z,0.073
2026-02-23T13:00:00Z,0.07
2026-02-23T13:30:00Z,0.077
2026-02-23T14:00:00Z,0.072
2026-02-23T14:30:00Z,0.078
2026-02-23T15:00:00Z,0.076
2026-02-23T15:30:00Z,0.063
2026-02-23T16:00:00Z,0.066
2026-02-23T16:30:00Z,0.076
2026-02-23T17:00:00Z,0.078
2026-02-23T17:30:00Z,0.076
2026-02-23T18:00:00Z,0.063
2026-02-23T18:30:00Z,0.063
2026-02-23T19:00:00Z,0.094
2026-02-23T19:30:00Z,0.166
2026-02-23T20:00:00Z,0.141
2026-02-23T20:30:00Z,0.433
2026-02-23T21:00:00Z,0.128
2026-02-23T21:30:00Z,0.127
2026-02-23T22:00:00Z,0.138
2026-02-23T22:30:00Z,0.134
2026-02-23T23:00:00Z,0.112
2026-02-23T23:30:00Z,0.092
2026-02-24T00:00:00Z,0.09
2026-02-24T00:30:00Z,0.051
2026-02-24T01:00:00Z,0.049
2026-02-24T01:30:00Z,0.055
2026-02-24T02:00:00Z,0.08
2026-02-24T02:30:00Z,0.086
2026-02-24T03:00:00Z,0.088
2026-02-24T03:30:00Z,0.086
2026-02-24T04:00:00Z,0.066
2026-02-24T04:30:00Z,0.059
2026-02-24T05:00:00Z,0.071
2026-02-24T05:30:00Z,0.074
2026-02-24T06:00:00Z,0.074
2026-02-24T06:30:00Z,0.435
2026-02-24T07:00:00Z,0.101
2026-02-24T07:30:00Z,0.12
2026-02-24T08:00:00Z,0.147
2026-02-24T08:30:00Z,0.094
2026-02-24T09:00:00Z,0.114
2026-02-24T09:30:00Z,0.156
2026-02-24T10:00:00Z,0.122
2026-02-24T10:30:00Z,0.091
2026-02-24T11:00:00Z,0.084
2026-02-24T11:30:00Z,0.082
2026-02-24T12:00:00Z,0.083
2026-02-24T12:30:00Z,0.083
2026-02-24T13:00:00Z,0.18
2026-02-24T13:30:00Z,0.113
2026-02-24T14:00:00Z,0.088
2026-02-24T14:30:00Z,0.089
2026-02-24T15:00:00Z,0.081
2026-02-24T15:30:00Z,0.076
2026-02-24T16:00:00Z,0.11
2026-02-24T16:30:00Z,0.113
2026-02-24T17:00:00Z,0.1
2026-02-24T17:30:00Z,0.091
2026-02-24T18:00:00Z,0.103
2026-02-24T18:30:00Z,0.122
2026-02-24T19:00:00Z,0.096
2026-02-24T19:30:00Z,0.123
2026-02-24T20:00:00Z,0.172
2026-02-24T20:30:00Z,0.501
2026-02-24T21:00:00Z,0.16
2026-02-24T21:30:00Z,0.231
2026-02-24T22:00:00Z,0.126
2026-02-24T22:30:00Z,0.506
2026-02-24T23:00:00Z,0.116
2026-02-24T23:30:00Z,0.102
2026-02-25T00:00:00Z,0.084
2026-02-25T00:30:00Z,0.433
2026-02-25T01:00:00Z,0.087
2026-02-25T01:30:00Z,0.066
2026-02-25T02:00:00Z,0.067
2026-02-25T02:30:00Z,0.069
2026-02-25T03:00:00Z,0.062
2026-02-25T03:30:00Z,0.062
2026-02-25T04:00:00Z,0.063
2026-02-25T04:30:00Z,0.065
2026-02-25T05:00:00Z,0.067
2026-02-25T05:30:00Z,0.065
2026-02-25T06:00:00Z,0.065
2026-02-25T06:30:00Z,0.146
2026-02-25T07:00:00Z,0.113
2026-02-25T07:30:00Z,0.198
2026-02-25T08:00:00Z,0.148
2026-02-25T08:30:00Z,0.181
2026-02-25T09:00:00Z,0.213
2026-02-25T09:30:00Z,0.176
2026-02-25T10:00:00Z,0.129
2026-02-25T10:30:00Z,0.122
2026-02-25T11:00:00Z,0.121
2026-02-25T11:30:00Z,0.292
2026-02-25T12:00:00Z,0.439
2026-02-25T12:30:00Z,0.128
2026-02-25T13:00:00Z,0.141
2026-02-25T13:30:00Z,0.128
2026-02-25T14:00:00Z,0.208
2026-02-25T14:30:00Z,0.118
2026-02-25T15:00:00Z,0.091
2026-02-25T15:30:00Z,0.087
2026-02-25T16:00:00Z,0.154
2026-02-25T16:30:00Z,0.129
2026-02-25T17:00:00Z,0.098
2026-02-25T17:30:00Z,0.096
2026-02-25T18:00:00Z,0.106
2026-02-25T18:30:00Z,0.153
2026-02-25T19:00:00Z,0.522
2026-02-25T19:30:00Z,0.26
2026-02-25T20:00:00Z,0.166
2026-02-25T20:30:00Z,0.123
2026-02-25T21:00:00Z,0.111
2026-02-25T21:30:00Z,0.098
2026-02-25T22:00:00Z,0.077
2026-02-25T22:30:00Z,0.403
2026-02-25T23:00:00Z,0.095
2026-02-25T23:30:00Z,0.09
2026-02-26T00:00:00Z,0.239
2026-02-26T00:30:00Z,0.069
2026-02-26T01:00:00Z,0.055
2026-02-26T01:30:00Z,0.063
2026-02-26T02:00:00Z,0.068
2026-02-26T02:30:00Z,0.078
2026-02-26T03:00:00Z,0.062
2026-02-26T03:30:00Z,0.062
2026-02-26T04:00:00Z,0.063
2026-02-26T04:30:00Z,0.063
2026-02-26T05:00:00Z,0.067
2026-02-26T05:30:00Z,0.075
2026-02-26T06:00:00Z,0.063
2026-02-26T06:30:00Z,0.061
2026-02-26T07:00:00Z,0.077
2026-02-26T07:30:00Z,0.189
2026-02-26T08:00:00Z,0.142
2026-02-26T08:30:00Z,0.14
2026-02-26T09:00:00Z,0.196
2026-02-26T09:30:00Z,0.12
2026-02-26T10:00:00Z,0.092
2026-02-26T10:30:00Z,0.09
2026-02-26T11:00:00Z,0.105
2026-02-26T11:30:00Z,0.097
2026-02-26T12:00:00Z,0.3
2026-02-26T12:30:00Z,0.12
2026-02-26T13:00:00Z,0.104
2026-02-26T13:30:00Z,0.088
2026-02-26T14:00:00Z,0.081
2026-02-26T14:30:00Z,0.097
2026-02-26T15:00:00Z,0.085
2026-02-26T15:30:00Z,0.078
2026-02-26T16:00:00Z,0.126
2026-02-26T16:30:00Z,0.189
2026-02-26T17:00:00Z,0.132
2026-02-26T17:30:00Z,0.094
2026-02-26T18:00:00Z,0.185
2026-02-26T18:30:00Z,0.213
2026-02-26T19:00:00Z,0.127
2026-02-26T19:30:00Z,0.101
2026-02-26T20:00:00Z,0.069
2026-02-26T20:30:00Z,0.091
2026-02-26T21:00:00Z,0.102
2026-02-26T21:30:00Z,0.08
2026-02-26T22:00:00Z,0.101
2026-02-26T22:30:00Z,0.113
2026-02-26T23:00:00Z,0.091
2026-02-26T23:30:00Z,0.081
2026-02-27T00:00:00Z,0.14
2026-02-27T00:30:00Z,0.155
2026-02-27T01:00:00Z,0.169
2026-02-27T01:30:00Z,0.165
2026-02-27T02:00:00Z,0.159
2026-02-27T02:30:00Z,0.171
2026-02-27T03:00:00Z,0.095
2026-02-27T03:30:00Z,0.079
2026-02-27T04:00:00Z,0.098
2026-02-27T04:30:00Z,0.096
2026-02-27T05:00:00Z,0.096
2026-02-27T05:30:00Z,0.075
2026-02-27T06:00:00Z,0.074
2026-02-27T06:30:00Z,0.07
2026-02-27T07:00:00Z,0.079
2026-02-27T07:30:00Z,0.079
2026-02-27T08:00:00Z,0.352
2026-02-27T08:30:00Z,0.144
2026-02-27T09:00:00Z,0.523
2026-02-27T09:30:00Z,0.212
2026-02-27T10:00:00Z,0.233
2026-02-27T10:30:00Z,0.182
2026-02-27T11:00:00Z,0.467
2026-02-27T11:30:00Z,0.341
2026-02-27T12:00:00Z,0.398
2026-02-27T12:30:00Z,0.424
2026-02-27T13:00:00Z,0.62
2026-02-27T13:30:00Z,0.114
2026-02-27T14:00:00Z,0.103
2026-02-27T14:30:00Z,0.112
2026-02-27T15:00:00Z,0.095
2026-02-27T15:30:00Z,0.138
2026-02-27T16:00:00Z,0.124
2026-02-27T16:30:00Z,0.11
2026-02-27T17:00:00Z,0.165
2026-02-27T17:30:00Z,0.186
2026-02-27T18:00:00Z,0.2
2026-02-27T18:30:00Z,0.186
2026-02-27T19:00:00Z,0.214
2026-02-27T19:30:00Z,0.161
2026-02-27T20:00:00Z,0.45
2026-02-27T20:30:00Z,0.131
2026-02-27T21:00:00Z,0.108
2026-02-27T21:30:00Z,0.22
2026-02-27T22:00:00Z,0.436
2026-02-27T22:30:00Z,0.452
2026-02-27T23:00:00Z,0.453
2026-02-27T23:30:00Z,0.173
2026-02-28T00:00:00Z,0.068
2026-02-28T00:30:00Z,0.061
2026-02-28T01:00:00Z,0.073
2026-02-28T01:30:00Z,0.076
2026-02-28T02:00:00Z,0.076
2026-02-28T02:30:00Z,0.077
2026-02-28T03:00:00Z,0.079
2026-02-28T03:30:00Z,0.093
2026-02-28T04:00:00Z,0.097
2026-02-28T04:30:00Z,0.093
2026-02-28T05:00:00Z,0.089
2026-02-28T05:30:00Z,0.074
2026-02-28T06:00:00Z,0.077
2026-02-28T06:30:00Z,0.083
2026-02-28T07:00:00Z,0.081
2026-02-28T07:30:00Z,0.079
2026-02-28T08:00:00Z,0.302
2026-02-28T08:30:00Z,0.318
2026-02-28T09:00:00Z,0.105
2026-02-28T09:30:00Z,0.183
2026-02-28T10:00:00Z,0.808
2026-02-28T10:30:00Z,0.274
2026-02-28T11:00:00Z,0.804
2026-02-28T11:30:00Z,0.401
2026-02-28T12:00:00Z,0.265
2026-02-28T12:30:00Z,0.157
2026-02-28T13:00:00Z,0.091
2026-02-28T13:30:00Z,0.072
2026-02-28T14:00:00Z,0.068
2026-02-28T14:30:00Z,0.081
2026-02-28T15:00:00Z,0.086
2026-02-28T15:30:00Z,0.083
2026-02-28T16:00:00Z,0.099
2026-02-28T16:30:00Z,0.081
2026-02-28T17:00:00Z,0.079
2026-02-28T17:30:00Z,0.057
2026-02-28T18:00:00Z,0.084
2026-02-28T18:30:00Z,0.081
2026-02-28T19:00:00Z,0.064
2026-02-28T19:30:00Z,0.061
2026-02-28T20:00:00Z,0.062
2026-02-28T20:30:00Z,0.077
2026-02-28T21:00:00Z,0.082
2026-02-28T21:30:00Z,0.09
2026-02-28T22:00:00Z,0.097
2026-02-28T22:30:00Z,0.094
2026-02-28T23:00:00Z,0.093
2026-02-28T23:30:00Z,0.241
2026-03-01T00:00:00Z,0.305
2026-03-01T00:30:00Z,0.312
2026-03-01T01:00:00Z,0.308
2026-03-01T01:30:00Z,0.279
2026-03-01T02:00:00Z,0.365
2026-03-01T02:30:00Z,0.308
2026-03-01T03:00:00Z,0.297
2026-03-01T03:30:00Z,0.301
2026-03-01T04:00:00Z,0.254
2026-03-01T04:30:00Z,0.237
2026-03-01T05:00:00Z,0.22
2026-03-01T05:30:00Z,0.24
2026-03-01T06:00:00Z,0.215
2026-03-01T06:30:00Z,0.214
2026-03-01T07:00:00Z,0.227
2026-03-01T07:30:00Z,0.245
2026-03-01T08:00:00Z,0.259
2026-03-01T08:30:00Z,0.258
2026-03-01T09:00:00Z,0.206
2026-03-01T09:30:00Z,0.655
2026-03-01T10:00:00Z,0.436
2026-03-01T10:30:00Z,0.2
2026-03-01T11:00:00Z,0.454
2026-03-01T11:30:00Z,0.089
2026-03-01T12:00:00Z,0.082
2026-03-01T12:30:00Z,0.082
2026-03-01T13:00:00Z,0.079
2026-03-01T13:30:00Z,0.08
2026-03-01T14:00:00Z,0.08
2026-03-01T14:30:00Z,0.081
2026-03-01T15:00:00Z,0.082
2026-03-01T15:30:00Z,0.085
2026-03-01T16:00:00Z,0.08
2026-03-01T16:30:00Z,0.072
2026-03-01T17:00:00Z,0.081
2026-03-01T17:30:00Z,0.082
2026-03-01T18:00:00Z,0.082
2026-03-01T18:30:00Z,0.081
2026-03-01T19:00:00Z,0.162
2026-03-01T19:30:00Z,0.149
2026-03-01T20:00:00Z,0.434
2026-03-01T20:30:00Z,0.849
2026-03-01T21:00:00Z,0.566
2026-03-01T21:30:00Z,0.522
2026-03-01T22:00:00Z,0.213
2026-03-01T22:30:00Z,0.184
2026-03-01T23:00:00Z,0.146
2026-03-01T23:30:00Z,0.125
2026-03-02T00:00:00Z,0.068
2026-03-02T00:30:00Z,0.071
2026-03-02T01:00:00Z,0.072
2026-03-02T01:30:00Z,0.059
2026-03-02T02:00:00Z,0.068
2026-03-02T02:30:00Z,0.097
2026-03-02T03:00:00Z,0.083
2026-03-02T03:30:00Z,0.084
2026-03-02T04:00:00Z,0.084
2026-03-02T04:30:00Z,0.106
2026-03-02T05:00:00Z,0.103
2026-03-02T05:30:00Z,0.098
2026-03-02T06:00:00Z,0.086
2026-03-02T06:30:00Z,0.085
2026-03-02T07:00:00Z,0.115
2026-03-02T07:30:00Z,0.153
2026-03-02T08:00:00Z,0.752
2026-03-02T08:30:00Z,0.421
2026-03-02T09:00:00Z,0.193
2026-03-02T09:30:00Z,0.623
2026-03-02T10:00:00Z,0.163
2026-03-02T10:30:00Z,0.198
2026-03-02T11:00:00Z,0.149
2026-03-02T11:30:00Z,0.515
2026-03-02T12:00:00Z,0.263
2026-03-02T12:30:00Z,0.2
2026-03-02T13:00:00Z,0.123
2026-03-02T13:30:00Z,0.187
2026-03-02T14:00:00Z,0.115
2026-03-02T14:30:00Z,0.113
2026-03-02T15:00:00Z,0.188
2026-03-02T15:30:00Z,0.17
2026-03-02T16:00:00Z,0.168
2026-03-02T16:30:00Z,0.256
2026-03-02T17:00:00Z,0.209
2026-03-02T17:30:00Z,0.223
2026-03-02T18:00:00Z,0.139
2026-03-02T18:30:00Z,0.109
2026-03-02T19:00:00Z,0.076
2026-03-02T19:30:00Z,0.072
2026-03-02T20:00:00Z,0.06
2026-03-02T20:30:00Z,0.061
2026-03-02T21:00:00Z,0.064
2026-03-02T21:30:00Z,0.08
2026-03-02T22:00:00Z,0.129
2026-03-02T22:30:00Z,0.133
2026-03-02T23:00:00Z,0.141
2026-03-02T23:30:00Z,0.131
2026-03-03T00:00:00Z,0.954
2026-03-03T00:30:00Z,0.386
2026-03-03T01:00:00Z,0.105
2026-03-03T01:30:00Z,0.079
2026-03-03T02:00:00Z,0.092
2026-03-03T02:30:00Z,0.091
2026-03-03T03:00:00Z,0.075
2026-03-03T03:30:00Z,0.062
2026-03-03T04:00:00Z,0.078
2026-03-03T04:30:00Z,0.066
2026-03-03T05:00:00Z,0.058
2026-03-03T05:30:00Z,0.059
2026-03-03T06:00:00Z,0.058
2026-03-03T06:30:00Z,0.061
2026-03-03T07:00:00Z,0.1
2026-03-03T07:30:00Z,0.209
2026-03-03T08:00:00Z,0.253
2026-03-03T08:30:00Z,0.401
2026-03-03T09:00:00Z,0.351
2026-03-03T09:30:00Z,0.311
2026-03-03T10:00:00Z,0.283
2026-03-03T10:30:00Z,0.315
2026-03-03T11:00:00Z,0.301
2026-03-03T11:30:00Z,0.388
2026-03-03T12:00:00Z,0.117
2026-03-03T12:30:00Z,0.101
2026-03-03T13:00:00Z,0.105
2026-03-03T13:30:00Z,0.094
2026-03-03T14:00:00Z,0.109
2026-03-03T14:30:00Z,0.149
2026-03-03T15:00:00Z,0.138
2026-03-03T15:30:00Z,0.136
2026-03-03T16:00:00Z,0.197
2026-03-03T16:30:00Z,0.145
2026-03-03T17:00:00Z,0.221
2026-03-03T17:30:00Z,0.157
2026-03-03T18:00:00Z,0.577
2026-03-03T18:30:00Z,0.441
2026-03-03T19:00:00Z,0.328
2026-03-03T19:30:00Z,0.117
2026-03-03T20:00:00Z,0.142
2026-03-03T20:30:00Z,0.152
2026-03-03T21:00:00Z,0.375
2026-03-03T21:30:00Z,0.223
2026-03-03T22:00:00Z,0.162
2026-03-03T22:30:00Z,0.121
2026-03-03T23:00:00Z,0.62
2026-03-03T23:30:00Z,0.076
2026-03-04T00:00:00Z,0.163
2026-03-04T00:30:00Z,0.648
2026-03-04T01:00:00Z,0.147
2026-03-04T01:30:00Z,0.135
2026-03-04T02:00:00Z,0.132
2026-03-04T02:30:00Z,0.15
2026-03-04T03:00:00Z,0.165
2026-03-04T03:30:00Z,0.163
2026-03-04T04:00:00Z,0.165
2026-03-04T04:30:00Z,0.149
2026-03-04T05:00:00Z,0.134
2026-03-04T05:30:00Z,0.132
2026-03-04T06:00:00Z,0.131
2026-03-04T06:30:00Z,0.13
2026-03-04T07:00:00Z,0.141
2026-03-04T07:30:00Z,0.241
2026-03-04T08:00:00Z,0.193
2026-03-04T08:30:00Z,0.281
2026-03-04T09:00:00Z,0.201
2026-03-04T09:30:00Z,0.232
2026-03-04T10:00:00Z,0.225
2026-03-04T10:30:00Z,0.223
2026-03-04T11:00:00Z,0.397
2026-03-04T11:30:00Z,0.264
2026-03-04T12:00:00Z,0.181
2026-03-04T12:30:00Z,0.202
2026-03-04T13:00:00Z,0.874
2026-03-04T13:30:00Z,0.281
2026-03-04T14:00:00Z,0.475
2026-03-04T14:30:00Z,0.195
2026-03-04T15:00:00Z,0.639
2026-03-04T15:30:00Z,0.5
2026-03-04T16:00:00Z,0.243
2026-03-04T16:30:00Z,0.78
2026-03-04T17:00:00Z,0.184
2026-03-04T17:30:00Z,0.186
2026-03-04T18:00:00Z,0.204
2026-03-04T18:30:00Z,0.615
2026-03-04T19:00:00Z,0.289
2026-03-04T19:30:00Z,0.215
2026-03-04T20:00:00Z,0.189
2026-03-04T20:30:00Z,0.19
2026-03-04T21:00:00Z,0.189
2026-03-04T21:30:00Z,0.19
2026-03-04T22:00:00Z,0.217
2026-03-04T22:30:00Z,0.2
2026-03-04T23:00:00Z,0.185
2026-03-04T23:30:00Z,0.164
2026-03-05T00:00:00Z,0.115
2026-03-05T00:30:00Z,0.103
2026-03-05T01:00:00Z,0.115
2026-03-05T01:30:00Z,0.11
2026-03-05T02:00:00Z,0.111
2026-03-05T02:30:00Z,0.069
2026-03-05T03:00:00Z,0.068
2026-03-05T03:30:00Z,0.066
2026-03-05T04:00:00Z,0.066
2026-03-05T04:30:00Z,0.066
2026-03-05T05:00:00Z,0.065
2026-03-05T05:30:00Z,0.066
2026-03-05T06:00:00Z,0.069
2026-03-05T06:30:00Z,0.076
2026-03-05T07:00:00Z,0.101
2026-03-05T07:30:00Z,0.35
2026-03-05T08:00:00Z,0.125
2026-03-05T08:30:00Z,0.173
2026-03-05T09:00:00Z,0.352
2026-03-05T09:30:00Z,1.319
2026-03-05T10:00:00Z,0.602
2026-03-05T10:30:00Z,0.238
2026-03-05T11:00:00Z,0.193
2026-03-05T11:30:00Z,0.321
2026-03-05T12:00:00Z,0.575
2026-03-05T12:30:00Z,0.39
2026-03-05T13:00:00Z,0.306
2026-03-05T13:30:00Z,0.112
2026-03-05T14:00:00Z,0.208
2026-03-05T14:30:00Z,0.313
2026-03-05T15:00:00Z,0.118
2026-03-05T15:30:00Z,0.118
2026-03-05T16:00:00Z,0.243
2026-03-05T16:30:00Z,0.288
2026-03-05T17:00:00Z,0.828
2026-03-05T17:30:00Z,0.702
2026-03-05T18:00:00Z,0.469
2026-03-05T18:30:00Z,0.722
2026-03-05T19:00:00Z,0.271
2026-03-05T19:30:00Z,0.454
2026-03-05T20:00:00Z,0.602
2026-03-05T20:30:00Z,0.424
2026-03-05T21:00:00Z,0.512
2026-03-05T21:30:00Z,0.387
2026-03-05T22:00:00Z,0.427
2026-03-05T22:30:00Z,0.151
2026-03-05T23:00:00Z,0.121
2026-03-05T23:30:00Z,0.12
2026-03-06T00:00:00Z,0.134
2026-03-06T00:30:00Z,0.132
2026-03-06T01:00:00Z,0.118
2026-03-06T01:30:00Z,0.118
2026-03-06T02:00:00Z,0.122
2026-03-06T02:30:00Z,0.122
2026-03-06T03:00:00Z,0.14
2026-03-06T03:30:00Z,0.128
2026-03-06T04:00:00Z,0.119
2026-03-06T04:30:00Z,0.119
2026-03-06T05:00:00Z,0.118
2026-03-06T05:30:00Z,0.128
2026-03-06T06:00:00Z,0.137
2026-03-06T06:30:00Z,0.209
2026-03-06T07:00:00Z,0.479
2026-03-06T07:30:00Z,0.373
2026-03-06T08:00:00Z,0.517
2026-03-06T08:30:00Z,0.319
2026-03-06T09:00:00Z,0.23
2026-03-06T09:30:00Z,0.179
2026-03-06T10:00:00Z,0.181
2026-03-06T10:30:00Z,0.201
2026-03-06T11:00:00Z,0.17
2026-03-06T11:30:00Z,0.161
2026-03-06T12:00:00Z,0.134
2026-03-06T12:30:00Z,0.158
2026-03-06T13:00:00Z,0.096
2026-03-06T13:30:00Z,0.126
2026-03-06T14:00:00Z,0.178
2026-03-06T14:30:00Z,0.213
2026-03-06T15:00:00Z,0.12
2026-03-06T15:30:00Z,0.153
2026-03-06T16:00:00Z,0.125
2026-03-06T16:30:00Z,0.141
2026-03-06T17:00:00Z,0.157
2026-03-06T17:30:00Z,0.249
2026-03-06T18:00:00Z,0.574
2026-03-06T18:30:00Z,0.207
2026-03-06T19:00:00Z,0.184
2026-03-06T19:30:00Z,0.13
2026-03-06T20:00:00Z,0.119
2026-03-06T20:30:00Z,0.138
2026-03-06T21:00:00Z,0.116
2026-03-06T21:30:00Z,0.428
2026-03-06T22:00:00Z,0.144
2026-03-06T22:30:00Z,0.161
2026-03-06T23:00:00Z,0.148
2026-03-06T23:30:00Z,0.611
2026-03-07T00:00:00Z,0.125
2026-03-07T00:30:00Z,0.113
2026-03-07T01:00:00Z,0.1
2026-03-07T01:30:00Z,0.079
2026-03-07T02:00:00Z,0.073
2026-03-07T02:30:00Z,0.063
2026-03-07T03:00:00Z,0.061
2026-03-07T03:30:00Z,0.065
2026-03-07T04:00:00Z,0.075
2026-03-07T04:30:00Z,0.078
2026-03-07T05:00:00Z,0.07
2026-03-07T05:30:00Z,0.063
2026-03-07T06:00:00Z,0.064
2026-03-07T06:30:00Z,0.08
2026-03-07T07:00:00Z,0.078
2026-03-07T07:30:00Z,0.135
2026-03-07T08:00:00Z,0.19
2026-03-07T08:30:00Z,0.222
2026-03-07T09:00:00Z,0.202
2026-03-07T09:30:00Z,0.213
2026-03-07T10:00:00Z,0.157
2026-03-07T10:30:00Z,0.254
2026-03-07T11:00:00Z,0.533
2026-03-07T11:30:00Z,0.48
2026-03-07T12:00:00Z,0.656
2026-03-07T12:30:00Z,0.435
2026-03-07T13:00:00Z,0.543
2026-03-07T13:30:00Z,0.129
2026-03-07T14:00:00Z,0.136
2026-03-07T14:30:00Z,0.136
2026-03-07T15:00:00Z,0.13
2026-03-07T15:30:00Z,0.175
2026-03-07T16:00:00Z,0.195
2026-03-07T16:30:00Z,0.15
2026-03-07T17:00:00Z,0.15
2026-03-07T17:30:00Z,0.115
2026-03-07T18:00:00Z,0.091
2026-03-07T18:30:00Z,0.071
2026-03-07T19:00:00Z,0.082
2026-03-07T19:30:00Z,0.079
2026-03-07T20:00:00Z,0.063
2026-03-07T20:30:00Z,0.102
2026-03-07T21:00:00Z,0.114
2026-03-07T21:30:00Z,0.115
2026-03-07T22:00:00Z,0.137
2026-03-07T22:30:00Z,0.127
2026-03-07T23:00:00Z,0.113
2026-03-07T23:30:00Z,0.092
2026-03-08T00:00:00Z,0.396
2026-03-08T00:30:00Z,0.231
2026-03-08T01:00:00Z,0.062
2026-03-08T01:30:00Z,0.064
2026-03-08T02:00:00Z,0.078
2026-03-08T02:30:00Z,0.078
2026-03-08T03:00:00Z,0.076
2026-03-08T03:30:00Z,0.063
2026-03-08T04:00:00Z,0.059
2026-03-08T04:30:00Z,0.061
2026-03-08T05:00:00Z,0.077
2026-03-08T05:30:00Z,0.079
2026-03-08T06:00:00Z,0.075
2026-03-08T06:30:00Z,0.061
2026-03-08T07:00:00Z,0.06
2026-03-08T07:30:00Z,0.077
2026-03-08T08:00:00Z,0.191
2026-03-08T08:30:00Z,0.698
2026-03-08T09:00:00Z,0.492
2026-03-08T09:30:00Z,0.676
2026-03-08T10:00:00Z,0.144
2026-03-08T10:30:00Z,0.088
2026-03-08T11:00:00Z,0.114
2026-03-08T11:30:00Z,0.2
2026-03-08T12:00:00Z,0.155
2026-03-08T12:30:00Z,0.123
2026-03-08T13:00:00Z,0.12
2026-03-08T13:30:00Z,0.121
2026-03-08T14:00:00Z,0.108
2026-03-08T14:30:00Z,0.119
2026-03-08T15:00:00Z,0.11
2026-03-08T15:30:00Z,0.109
2026-03-08T16:00:00Z,0.11
2026-03-08T16:30:00Z,0.111
2026-03-08T17:00:00Z,0.126
2026-03-08T17:30:00Z,0.13
2026-03-08T18:00:00Z,0.134
2026-03-08T18:30:00Z,0.118
2026-03-08T19:00:00Z,0.118
2026-03-08T19:30:00Z,0.117
2026-03-08T20:00:00Z,0.123
2026-03-08T20:30:00Z,0.302
2026-03-08T21:00:00Z,0.396
2026-03-08T21:30:00Z,0.275
2026-03-08T22:00:00Z,0.201
2026-03-08T22:30:00Z,0.196
2026-03-08T23:00:00Z,0.145
2026-03-08T23:30:00Z,0.138
2026-03-09T00:00:00Z,0.146
2026-03-09T00:30:00Z,0.149
2026-03-09T01:00:00Z,0.153
2026-03-09T01:30:00Z,0.155
2026-03-09T02:00:00Z,0.152
2026-03-09T02:30:00Z,0.136
2026-03-09T03:00:00Z,0.065
2026-03-09T03:30:00Z,0.065
2026-03-09T04:00:00Z,0.069
2026-03-09T04:30:00Z,0.083
2026-03-09T05:00:00Z,0.075
2026-03-09T05:30:00Z,0.065
2026-03-09T06:00:00Z,0.063
2026-03-09T06:30:00Z,0.086
2026-03-09T07:00:00Z,0.093
2026-03-09T07:30:00Z,0.214
2026-03-09T08:00:00Z,0.087
2026-03-09T08:30:00Z,0.082
2026-03-09T09:00:00Z,0.194
2026-03-09T09:30:00Z,0.114
2026-03-09T10:00:00Z,0.141
2026-03-09T10:30:00Z,0.193
2026-03-09T11:00:00Z,0.145
2026-03-09T11:30:00Z,0.257
2026-03-09T12:00:00Z,0.166
2026-03-09T12:30:00Z,0.126
2026-03-09T13:00:00Z,0.129
2026-03-09T13:30:00Z,0.106
2026-03-09T14:00:00Z,0.115
2026-03-09T14:30:00Z,0.118
2026-03-09T15:00:00Z,0.113
2026-03-09T15:30:00Z,0.092
2026-03-09T16:00:00Z,0.139
2026-03-09T16:30:00Z,0.353
2026-03-09T17:00:00Z,0.172
2026-03-09T17:30:00Z,0.206
2026-03-09T18:00:00Z,0.327
2026-03-09T18:30:00Z,0.163
2026-03-09T19:00:00Z,0.268
2026-03-09T19:30:00Z,0.149
2026-03-09T20:00:00Z,0.492
2026-03-09T20:30:00Z,0.175
2026-03-09T21:00:00Z,0.173
2026-03-09T21:30:00Z,0.106
2026-03-09T22:00:00Z,0.601
2026-03-09T22:30:00Z,0.066
2026-03-09T23:00:00Z,0.063
2026-03-09T23:30:00Z,0.061
2026-03-10T00:00:00Z,0.154
2026-03-10T00:30:00Z,0.154
2026-03-10T01:00:00Z,0.132
2026-03-10T01:30:00Z,0.127
2026-03-10T02:00:00Z,0.129
2026-03-10T02:30:00Z,0.13
2026-03-10T03:00:00Z,0.13
2026-03-10T03:30:00Z,0.132
2026-03-10T04:00:00Z,0.13
2026-03-10T04:30:00Z,0.128
2026-03-10T05:00:00Z,0.15
2026-03-10T05:30:00Z,0.16
2026-03-10T06:00:00Z,0.166
2026-03-10T06:30:00Z,0.265
2026-03-10T07:00:00Z,0.171
2026-03-10T07:30:00Z,0.207
2026-03-10T08:00:00Z,0.254
2026-03-10T08:30:00Z,0.397
2026-03-10T09:00:00Z,0.208
2026-03-10T09:30:00Z,0.205
2026-03-10T10:00:00Z,0.215
2026-03-10T10:30:00Z,0.191
2026-03-10T11:00:00Z,0.177
2026-03-10T11:30:00Z,0.188
2026-03-10T12:00:00Z,0.174
2026-03-10T12:30:00Z,0.161
2026-03-10T13:00:00Z,0.208
2026-03-10T13:30:00Z,0.187
2026-03-10T14:00:00Z,0.193
2026-03-10T14:30:00Z,0.189
2026-03-10T15:00:00Z,0.143
2026-03-10T15:30:00Z,0.131
2026-03-10T16:00:00Z,0.142
2026-03-10T16:30:00Z,0.461
2026-03-10T17:00:00Z,0.246
2026-03-10T17:30:00Z,0.448
2026-03-10T18:00:00Z,0.273
2026-03-10T18:30:00Z,0.188
2026-03-10T19:00:00Z,0.187
2026-03-10T19:30:00Z,0.437
2026-03-10T20:00:00Z,0.185
2026-03-10T20:30:00Z,0.19
2026-03-10T21:00:00Z,0.207
2026-03-10T21:30:00Z,0.201
2026-03-10T22:00:00Z,0.16
2026-03-10T22:30:00Z,0.148
2026-03-10T23:00:00Z,0.127
2026-03-10T23:30:00Z,0.133
2026-03-11T00:00:00Z,0.06
2026-03-11T00:30:00Z,0.063
2026-03-11T01:00:00Z,0.064
2026-03-11T01:30:00Z,0.066
2026-03-11T02:00:00Z,0.06
2026-03-11T02:30:00Z,0.078
2026-03-11T03:00:00Z,0.091
2026-03-11T03:30:00Z,0.092
2026-03-11T04:00:00Z,0.094
2026-03-11T04:30:00Z,0.064
2026-03-11T05:00:00Z,0.049
2026-03-11T05:30:00Z,0.049
2026-03-11T06:00:00Z,0.053
2026-03-11T06:30:00Z,0.15
2026-03-11T07:00:00Z,0.202
2026-03-11T07:30:00Z,0.171
2026-03-11T08:00:00Z,0.097
2026-03-11T08:30:00Z,0.231
2026-03-11T09:00:00Z,0.146
2026-03-11T09:30:00Z,0.213
2026-03-11T10:00:00Z,0.23
2026-03-11T10:30:00Z,0.231
2026-03-11T11:00:00Z,0.156
2026-03-11T11:30:00Z,0.143
2026-03-11T12:00:00Z,0.232
2026-03-11T12:30:00Z,0.229
2026-03-11T13:00:00Z,0.189
2026-03-11T13:30:00Z,0.166
2026-03-11T14:00:00Z,0.162
2026-03-11T14:30:00Z,0.173
2026-03-11T15:00:00Z,0.26
2026-03-11T15:30:00Z,0.149
2026-03-11T16:00:00Z,0.188
2026-03-11T16:30:00Z,0.187
2026-03-11T17:00:00Z,0.283
2026-03-11T17:30:00Z,0.311
2026-03-11T18:00:00Z,1.048
2026-03-11T18:30:00Z,0.839
2026-03-11T19:00:00Z,0.74
2026-03-11T19:30:00Z,0.843
2026-03-11T20:00:00Z,0.401
2026-03-11T20:30:00Z,0.375
2026-03-11T21:00:00Z,0.372
2026-03-11T21:30:00Z,0.156
2026-03-11T22:00:00Z,0.18
2026-03-11T22:30:00Z,0.176
2026-03-11T23:00:00Z,0.431
2026-03-11T23:30:00Z,0.139
2026-03-12T00:00:00Z,0.063
2026-03-12T00:30:00Z,0.066
2026-03-12T01:00:00Z,0.068
2026-03-12T01:30:00Z,0.072
2026-03-12T02:00:00Z,0.066
2026-03-12T02:30:00Z,0.064
2026-03-12T03:00:00Z,0.064
2026-03-12T03:30:00Z,0.063
2026-03-12T04:00:00Z,0.068
2026-03-12T04:30:00Z,0.441
2026-03-12T05:00:00Z,0.134
2026-03-12T05:30:00Z,0.099
2026-03-12T06:00:00Z,0.096
2026-03-12T06:30:00Z,0.267
2026-03-12T07:00:00Z,0.404
2026-03-12T07:30:00Z,0.214
2026-03-12T08:00:00Z,0.193
2026-03-12T08:30:00Z,0.094
2026-03-12T09:00:00Z,0.123
2026-03-12T09:30:00Z,0.096
2026-03-12T10:00:00Z,0.083
2026-03-12T10:30:00Z,0.09
2026-03-12T11:00:00Z,0.116
2026-03-12T11:30:00Z,0.142
2026-03-12T12:00:00Z,0.591
2026-03-12T12:30:00Z,0.155
2026-03-12T13:00:00Z,0.147
2026-03-12T13:30:00Z,0.138
2026-03-12T14:00:00Z,0.097
2026-03-12T14:30:00Z,0.089
2026-03-12T15:00:00Z,0.092
2026-03-12T15:30:00Z,0.107
2026-03-12T16:00:00Z,0.124
2026-03-12T16:30:00Z,0.22
2026-03-12T17:00:00Z,0.196
2026-03-12T17:30:00Z,0.138
2026-03-12T18:00:00Z,0.103
2026-03-12T18:30:00Z,0.085
2026-03-12T19:00:00Z,0.081
2026-03-12T19:30:00Z,0.08
2026-03-12T20:00:00Z,0.122
2026-03-12T20:30:00Z,0.244
2026-03-12T21:00:00Z,0.428
2026-03-12T21:30:00Z,0.494
2026-03-12T22:00:00Z,0.233
2026-03-12T22:30:00Z,0.13
2026-03-12T23:00:00Z,0.132
2026-03-12T23:30:00Z,0.104
2026-03-13T00:00:00Z,0.18
2026-03-13T00:30:00Z,0.623
2026-03-13T01:00:00Z,0.269
2026-03-13T01:30:00Z,0.181
2026-03-13T02:00:00Z,0.167
2026-03-13T02:30:00Z,0.153
2026-03-13T03:00:00Z,0.081
2026-03-13T03:30:00Z,0.08
2026-03-13T04:00:00Z,0.081
2026-03-13T04:30:00Z,0.075
2026-03-13T05:00:00Z,0.088
2026-03-13T05:30:00Z,0.101
2026-03-13T06:00:00Z,0.103
2026-03-13T06:30:00Z,0.093
2026-03-13T07:00:00Z,0.083
2026-03-13T07:30:00Z,0.203
2026-03-13T08:00:00Z,0.072
2026-03-13T08:30:00Z,0.076
2026-03-13T09:00:00Z,0.14
2026-03-13T09:30:00Z,0.113
2026-03-13T10:00:00Z,0.129
2026-03-13T10:30:00Z,0.115
2026-03-13T11:00:00Z,0.11
2026-03-13T11:30:00Z,0.089
2026-03-13T12:00:00Z,0.091
2026-03-13T12:30:00Z,0.215
2026-03-13T13:00:00Z,0.125
2026-03-13T13:30:00Z,0.118
2026-03-13T14:00:00Z,0.111
2026-03-13T14:30:00Z,0.079
2026-03-13T15:00:00Z,0.065
2026-03-13T15:30:00Z,0.066
2026-03-13T16:00:00Z,0.15
2026-03-13T16:30:00Z,0.166
2026-03-13T17:00:00Z,0.118
2026-03-13T17:30:00Z,0.1
2026-03-13T18:00:00Z,0.164
2026-03-13T18:30:00Z,0.483
2026-03-13T19:00:00Z,0.125
2026-03-13T19:30:00Z,0.088
2026-03-13T20:00:00Z,0.106
2026-03-13T20:30:00Z,0.678
2026-03-13T21:00:00Z,0.162
2026-03-13T21:30:00Z,0.14
2026-03-13T22:00:00Z,0.143
2026-03-13T22:30:00Z,0.154
2026-03-13T23:00:00Z,0.154
2026-03-13T23:30:00Z,0.148
2026-03-14T00:00:00Z,0.467
2026-03-14T00:30:00Z,0.531
2026-03-14T01:00:00Z,0.485
2026-03-14T01:30:00Z,0.153
2026-03-14T02:00:00Z,0.147
2026-03-14T02:30:00Z,0.127
2026-03-14T03:00:00Z,0.119
2026-03-14T03:30:00Z,0.129
2026-03-14T04:00:00Z,0.13
2026-03-14T04:30:00Z,0.12
2026-03-14T05:00:00Z,0.127
2026-03-14T05:30:00Z,0.13
2026-03-14T06:00:00Z,0.142
2026-03-14T06:30:00Z,0.158
2026-03-14T07:00:00Z,0.167
2026-03-14T07:30:00Z,0.168
2026-03-14T08:00:00Z,0.149
2026-03-14T08:30:00Z,0.324
2026-03-14T09:00:00Z,0.197
2026-03-14T09:30:00Z,0.205
2026-03-14T10:00:00Z,0.263
2026-03-14T10:30:00Z,0.424
2026-03-14T11:00:00Z,0.183
2026-03-14T11:30:00Z,0.179
2026-03-14T12:00:00Z,0.607
2026-03-14T12:30:00Z,0.146
2026-03-14T13:00:00Z,0.093
2026-03-14T13:30:00Z,0.114
2026-03-14T14:00:00Z,0.117
2026-03-14T14:30:00Z,0.109
2026-03-14T15:00:00Z,0.099
2026-03-14T15:30:00Z,0.105
2026-03-14T16:00:00Z,0.106
2026-03-14T16:30:00Z,0.108
2026-03-14T17:00:00Z,0.108
2026-03-14T17:30:00Z,0.097
2026-03-14T18:00:00Z,0.102
2026-03-14T18:30:00Z,0.129
2026-03-14T19:00:00Z,0.143
2026-03-14T19:30:00Z,0.134
2026-03-14T20:00:00Z,0.138
2026-03-14T20:30:00Z,0.108
2026-03-14T21:00:00Z,0.102
2026-03-14T21:30:00Z,0.124
2026-03-14T22:00:00Z,0.161
2026-03-14T22:30:00Z,0.144
2026-03-14T23:00:00Z,0.152
2026-03-14T23:30:00Z,0.144
2026-03-15T00:00:00Z,0.126
2026-03-15T00:30:00Z,0.128
2026-03-15T01:00:00Z,0.121
2026-03-15T01:30:00Z,0.116
2026-03-15T02:00:00Z,0.127
2026-03-15T02:30:00Z,0.139
2026-03-15T03:00:00Z,0.138
2026-03-15T03:30:00Z,0.141
2026-03-15T04:00:00Z,0.126
2026-03-15T04:30:00Z,0.142
2026-03-15T05:00:00Z,0.155
2026-03-15T05:30:00Z,0.162
2026-03-15T06:00:00Z,0.172
2026-03-15T06:30:00Z,0.161
2026-03-15T07:00:00Z,0.163
2026-03-15T07:30:00Z,0.181
2026-03-15T08:00:00Z,0.355
2026-03-15T08:30:00Z,0.274
2026-03-15T09:00:00Z,0.185
2026-03-15T09:30:00Z,0.185
2026-03-15T10:00:00Z,0.159
2026-03-15T10:30:00Z,0.247
2026-03-15T11:00:00Z,0.183
2026-03-15T11:30:00Z,0.213
2026-03-15T12:00:00Z,0.299
2026-03-15T12:30:00Z,0.145
2026-03-15T13:00:00Z,0.135
2026-03-15T13:30:00Z,0.135
2026-03-15T14:00:00Z,0.131
2026-03-15T14:30:00Z,0.134
2026-03-15T15:00:00Z,0.133
2026-03-15T15:30:00Z,0.134
2026-03-15T16:00:00Z,0.151
2026-03-15T16:30:00Z,0.153
2026-03-15T17:00:00Z,0.463
2026-03-15T17:30:00Z,0.629
2026-03-15T18:00:00Z,0.661
2026-03-15T18:30:00Z,0.783
2026-03-15T19:00:00Z,0.633
2026-03-15T19:30:00Z,0.462
2026-03-15T20:00:00Z,0.22
2026-03-15T20:30:00Z,0.276
2026-03-15T21:00:00Z,0.313
2026-03-15T21:30:00Z,0.247
2026-03-15T22:00:00Z,0.22
2026-03-15T22:30:00Z,0.191
2026-03-15T23:00:00Z,0.167
2026-03-15T23:30:00Z,0.137
2026-03-16T00:00:00Z,0.076
2026-03-16T00:30:00Z,0.07
2026-03-16T01:00:00Z,0.059
2026-03-16T01:30:00Z,0.064
2026-03-16T02:00:00Z,0.076
2026-03-16T02:30:00Z,0.081
2026-03-16T03:00:00Z,0.074
2026-03-16T03:30:00Z,0.075
2026-03-16T04:00:00Z,0.064
2026-03-16T04:30:00Z,0.078
2026-03-16T05:00:00Z,0.094
2026-03-16T05:30:00Z,0.096
2026-03-16T06:00:00Z,0.083
2026-03-16T06:30:00Z,0.076
2026-03-16T07:00:00Z,0.079
2026-03-16T07:30:00Z,0.149
2026-03-16T08:00:00Z,0.087
2026-03-16T08:30:00Z,0.071
2026-03-16T09:00:00Z,0.238
2026-03-16T09:30:00Z,0.163
2026-03-16T10:00:00Z,0.185
2026-03-16T10:30:00Z,0.108
2026-03-16T11:00:00Z,0.32
2026-03-16T11:30:00Z,0.463
2026-03-16T12:00:00Z,0.183
2026-03-16T12:30:00Z,0.695
2026-03-16T13:00:00Z,1.091
2026-03-16T13:30:00Z,0.836
2026-03-16T14:00:00Z,0.353
2026-03-16T14:30:00Z,0.573
2026-03-16T15:00:00Z,0.155
2026-03-16T15:30:00Z,0.128
2026-03-16T16:00:00Z,0.292
2026-03-16T16:30:00Z,0.241
2026-03-16T17:00:00Z,0.182
2026-03-16T17:30:00Z,0.225
2026-03-16T18:00:00Z,0.202
2026-03-16T18:30:00Z,0.143
2026-03-16T19:00:00Z,0.292
2026-03-16T19:30:00Z,0.521
2026-03-16T20:00:00Z,0.826
2026-03-16T20:30:00Z,0.423
2026-03-16T21:00:00Z,0.166
2026-03-16T21:30:00Z,0.081
2026-03-16T22:00:00Z,0.599
2026-03-16T22:30:00Z,0.09
2026-03-16T23:00:00Z,0.162
2026-03-16T23:30:00Z,0.108
2026-03-17T00:00:00Z,0.107
2026-03-17T00:30:00Z,0.295
2026-03-17T01:00:00Z,0.418
2026-03-17T01:30:00Z,0.078
2026-03-17T02:00:00Z,0.068
2026-03-17T02:30:00Z,0.066
2026-03-17T03:00:00Z,0.078
2026-03-17T03:30:00Z,0.072
2026-03-17T04:00:00Z,0.069
2026-03-17T04:30:00Z,0.071
2026-03-17T05:00:00Z,0.076
2026-03-17T05:30:00Z,0.084
2026-03-17T06:00:00Z,0.097
2026-03-17T06:30:00Z,0.074
2026-03-17T07:00:00Z,0.203
2026-03-17T07:30:00Z,0.21
2026-03-17T08:00:00Z,0.126
2026-03-17T08:30:00Z,0.301
2026-03-17T09:00:00Z,0.115
2026-03-17T09:30:00Z,0.087
2026-03-17T10:00:00Z,0.086
2026-03-17T10:30:00Z,0.102
2026-03-17T11:00:00Z,0.123
2026-03-17T11:30:00Z,0.122
2026-03-17T12:00:00Z,0.219
2026-03-17T12:30:00Z,0.086
2026-03-17T13:00:00Z,0.086
2026-03-17T13:30:00Z,0.088
2026-03-17T14:00:00Z,0.089
2026-03-17T14:30:00Z,0.085
2026-03-17T15:00:00Z,0.068
2026-03-17T15:30:00Z,0.072
2026-03-17T16:00:00Z,0.137
2026-03-17T16:30:00Z,0.122
2026-03-17T17:00:00Z,0.177
2026-03-17T17:30:00Z,0.502
2026-03-17T18:00:00Z,0.152
2026-03-17T18:30:00Z,0.184
2026-03-17T19:00:00Z,0.151
2026-03-17T19:30:00Z,0.106
2026-03-17T20:00:00Z,0.108
2026-03-17T20:30:00Z,0.214
2026-03-17T21:00:00Z,0.133
2026-03-17T21:30:00Z,0.123
2026-03-17T22:00:00Z,0.129
2026-03-17T22:30:00Z,0.098
2026-03-17T23:00:00Z,0.087
2026-03-17T23:30:00Z,0.067
2026-03-18T00:00:00Z,0.144
2026-03-18T00:30:00Z,0.149
2026-03-18T01:00:00Z,0.14
2026-03-18T01:30:00Z,0.137
2026-03-18T02:00:00Z,0.139
2026-03-18T02:30:00Z,0.141
2026-03-18T03:00:00Z,0.161
2026-03-18T03:30:00Z,0.172
2026-03-18T04:00:00Z,0.171
2026-03-18T04:30:00Z,0.512
2026-03-18T05:00:00Z,0.194
2026-03-18T05:30:00Z,0.164
2026-03-18T06:00:00Z,0.182
2026-03-18T06:30:00Z,0.456
2026-03-18T07:00:00Z,0.455
2026-03-18T07:30:00Z,0.236
2026-03-18T08:00:00Z,0.207
2026-03-18T08:30:00Z,0.264
2026-03-18T09:00:00Z,0.159
2026-03-18T09:30:00Z,0.179
2026-03-18T10:00:00Z,0.183
2026-03-18T10:30:00Z,0.186
2026-03-18T11:00:00Z,0.187
2026-03-18T11:30:00Z,0.187
2026-03-18T12:00:00Z,0.259
2026-03-18T12:30:00Z,0.152
2026-03-18T13:00:00Z,0.141
2026-03-18T13:30:00Z,0.168
2026-03-18T14:00:00Z,0.161
2026-03-18T14:30:00Z,0.156
2026-03-18T15:00:00Z,0.151
2026-03-18T15:30:00Z,0.142
2026-03-18T16:00:00Z,0.131
2026-03-18T16:30:00Z,0.168
2026-03-18T17:00:00Z,0.342
2026-03-18T17:30:00Z,0.259
2026-03-18T18:00:00Z,0.502
2026-03-18T18:30:00Z,0.373
2026-03-18T19:00:00Z,0.203
2026-03-18T19:30:00Z,0.208
2026-03-18T20:00:00Z,0.179
2026-03-18T20:30:00Z,0.139
2026-03-18T21:00:00Z,0.148
2026-03-18T21:30:00Z,0.15
2026-03-18T22:00:00Z,0.148
2026-03-18T22:30:00Z,0.289
2026-03-18T23:00:00Z,0.334
2026-03-18T23:30:00Z,0.163
2026-03-19T00:00:00Z,0.605
2026-03-19T00:30:00Z,0.081
2026-03-19T01:00:00Z,0.066
2026-03-19T01:30:00Z,0.056
2026-03-19T02:00:00Z,0.055
2026-03-19T02:30:00Z,0.058
2026-03-19T03:00:00Z,0.075
2026-03-19T03:30:00Z,0.076
2026-03-19T04:00:00Z,0.08
2026-03-19T04:30:00Z,0.081
2026-03-19T05:00:00Z,0.08
2026-03-19T05:30:00Z,0.083
2026-03-19T06:00:00Z,0.525
2026-03-19T06:30:00Z,0.258
2026-03-19T07:00:00Z,0.186
2026-03-19T07:30:00Z,0.163
2026-03-19T08:00:00Z,0.123
2026-03-19T08:30:00Z,0.098
2026-03-19T09:00:00Z,0.132
2026-03-19T09:30:00Z,0.102
2026-03-19T10:00:00Z,0.217
2026-03-19T10:30:00Z,0.199
2026-03-19T11:00:00Z,0.188
2026-03-19T11:30:00Z,0.171
2026-03-19T12:00:00Z,0.174
2026-03-19T12:30:00Z,0.174
2026-03-19T13:00:00Z,0.167
2026-03-19T13:30:00Z,0.242
2026-03-19T14:00:00Z,0.185
2026-03-19T14:30:00Z,0.168
2026-03-19T15:00:00Z,0.143
2026-03-19T15:30:00Z,0.114
2026-03-19T16:00:00Z,0.158
2026-03-19T16:30:00Z,0.193
2026-03-19T17:00:00Z,0.193
2026-03-19T17:30:00Z,0.198
2026-03-19T18:00:00Z,0.191
2026-03-19T18:30:00Z,0.195
2026-03-19T19:00:00Z,0.327
2026-03-19T19:30:00Z,0.23
2026-03-19T20:00:00Z,0.156
2026-03-19T20:30:00Z,0.147
2026-03-19T21:00:00Z,0.158
2026-03-19T21:30:00Z,0.185
2026-03-19T22:00:00Z,0.177
2026-03-19T22:30:00Z,0.189
2026-03-19T23:00:00Z,0.168
2026-03-19T23:30:00Z,0.159
2026-03-20T00:00:00Z,0.075
2026-03-20T00:30:00Z,0.085
2026-03-20T01:00:00Z,0.082
2026-03-20T01:30:00Z,0.059
2026-03-20T02:00:00Z,0.061
2026-03-20T02:30:00Z,0.061
2026-03-20T03:00:00Z,0.064
2026-03-20T03:30:00Z,0.066
2026-03-20T04:00:00Z,0.063
2026-03-20T04:30:00Z,0.061
2026-03-20T05:00:00Z,0.061
2026-03-20T05:30:00Z,0.06
2026-03-20T06:00:00Z,0.06
2026-03-20T06:30:00Z,0.064
2026-03-20T07:00:00Z,0.064
2026-03-20T07:30:00Z,0.07
2026-03-20T08:00:00Z,0.291
2026-03-20T08:30:00Z,0.422
2026-03-20T09:00:00Z,2.006
2026-03-20T09:30:00Z,0.73
2026-03-20T10:00:00Z,0.375
2026-03-20T10:30:00Z,0.405
2026-03-20T11:00:00Z,0.845
2026-03-20T11:30:00Z,0.82
2026-03-20T12:00:00Z,0.818
2026-03-20T12:30:00Z,0.693
2026-03-20T13:00:00Z,0.529
2026-03-20T13:30:00Z,0.562
2026-03-20T14:00:00Z,0.547
2026-03-20T14:30:00Z,0.6
2026-03-20T15:00:00Z,0.541
2026-03-20T15:30:00Z,0.328
2026-03-20T16:00:00Z,0.33
2026-03-20T16:30:00Z,0.313
2026-03-20T17:00:00Z,0.284
2026-03-20T17:30:00Z,0.3
2026-03-20T18:00:00Z,0.33
2026-03-20T18:30:00Z,0.452
2026-03-20T19:00:00Z,0.479
2026-03-20T19:30:00Z,0.474
2026-03-20T20:00:00Z,0.443
2026-03-20T20:30:00Z,0.409
2026-03-20T21:00:00Z,0.358
2026-03-20T21:30:00Z,0.31
2026-03-20T22:00:00Z,0.299
2026-03-20T22:30:00Z,0.299
2026-03-20T23:00:00Z,0.295
2026-03-20T23:30:00Z,0.276
2026-03-21T00:00:00Z,0.083
2026-03-21T00:30:00Z,0.078
2026-03-21T01:00:00Z,0.078
2026-03-21T01:30:00Z,0.061
2026-03-21T02:00:00Z,0.06
2026-03-21T02:30:00Z,0.059
2026-03-21T03:00:00Z,0.066
2026-03-21T03:30:00Z,0.08
2026-03-21T04:00:00Z,0.08
2026-03-21T04:30:00Z,0.07
2026-03-21T05:00:00Z,0.059
2026-03-21T05:30:00Z,0.059
2026-03-21T06:00:00Z,0.059
2026-03-21T06:30:00Z,0.079
2026-03-21T07:00:00Z,0.17
2026-03-21T07:30:00Z,0.154
2026-03-21T08:00:00Z,0.269
2026-03-21T08:30:00Z,0.473
2026-03-21T09:00:00Z,0.229
2026-03-21T09:30:00Z,0.237
2026-03-21T10:00:00Z,0.229
2026-03-21T10:30:00Z,0.63
2026-03-21T11:00:00Z,0.145
2026-03-21T11:30:00Z,0.211
2026-03-21T12:00:00Z,0.456
2026-03-21T12:30:00Z,1.006
2026-03-21T13:00:00Z,1.829
2026-03-21T13:30:00Z,0.891
2026-03-21T14:00:00Z,0.49
2026-03-21T14:30:00Z,0.506
2026-03-21T15:00:00Z,0.535
2026-03-21T15:30:00Z,0.694
2026-03-21T16:00:00Z,0.337
2026-03-21T16:30:00Z,0.154
2026-03-21T17:00:00Z,0.345
2026-03-21T17:30:00Z,0.174
2026-03-21T18:00:00Z,0.179
2026-03-21T18:30:00Z,0.45
2026-03-21T19:00:00Z,0.496
2026-03-21T19:30:00Z,0.406
2026-03-21T20:00:00Z,0.353
2026-03-21T20:30:00Z,0.311
2026-03-21T21:00:00Z,0.121
2026-03-21T21:30:00Z,0.124
2026-03-21T22:00:00Z,0.449
2026-03-21T22:30:00Z,0.17
2026-03-21T23:00:00Z,0.495
2026-03-21T23:30:00Z,0.543
2026-03-22T00:00:00Z,0.117
2026-03-22T00:30:00Z,0.113
2026-03-22T01:00:00Z,0.131
2026-03-22T01:30:00Z,0.094
2026-03-22T02:00:00Z,0.084
2026-03-22T02:30:00Z,0.084
2026-03-22T03:00:00Z,0.08
2026-03-22T03:30:00Z,0.065
2026-03-22T04:00:00Z,0.064
2026-03-22T04:30:00Z,0.064
2026-03-22T05:00:00Z,0.069
2026-03-22T05:30:00Z,0.102
2026-03-22T06:00:00Z,0.086
2026-03-22T06:30:00Z,0.09
2026-03-22T07:00:00Z,0.086
2026-03-22T07:30:00Z,0.077
2026-03-22T08:00:00Z,0.093
2026-03-22T08:30:00Z,0.065
2026-03-22T09:00:00Z,0.209
2026-03-22T09:30:00Z,0.269
2026-03-22T10:00:00Z,0.169
2026-03-22T10:30:00Z,0.147
2026-03-22T11:00:00Z,0.141
2026-03-22T11:30:00Z,0.557
2026-03-22T12:00:00Z,0.246
2026-03-22T12:30:00Z,0.203
2026-03-22T13:00:00Z,0.232
2026-03-22T13:30:00Z,0.223
2026-03-22T14:00:00Z,0.126
2026-03-22T14:30:00Z,0.069
2026-03-22T15:00:00Z,0.073
2026-03-22T15:30:00Z,0.082
2026-03-22T16:00:00Z,0.075
2026-03-22T16:30:00Z,0.065
2026-03-22T17:00:00Z,0.068
2026-03-22T17:30:00Z,0.069
2026-03-22T18:00:00Z,0.102
2026-03-22T18:30:00Z,0.23
2026-03-22T19:00:00Z,0.255
2026-03-22T19:30:00Z,0.241
2026-03-22T20:00:00Z,0.174
2026-03-22T20:30:00Z,0.117
2026-03-22T21:00:00Z,0.146
2026-03-22T21:30:00Z,0.124
2026-03-22T22:00:00Z,0.11
2026-03-22T22:30:00Z,0.13
2026-03-22T23:00:00Z,0.203
2026-03-22T23:30:00Z,0.097
2026-03-23T00:00:00Z,0.142
2026-03-23T00:30:00Z,0.118
2026-03-23T01:00:00Z,0.117
2026-03-23T01:30:00Z,0.129
2026-03-23T02:00:00Z,0.139
2026-03-23T02:30:00Z,0.135
2026-03-23T03:00:00Z,0.142
2026-03-23T03:30:00Z,0.134
2026-03-23T04:00:00Z,0.115
2026-03-23T04:30:00Z,0.5
2026-03-23T05:00:00Z,0.141
2026-03-23T05:30:00Z,0.125
2026-03-23T06:00:00Z,0.124
2026-03-23T06:30:00Z,0.297
2026-03-23T07:00:00Z,0.434
2026-03-23T07:30:00Z,0.384
2026-03-23T08:00:00Z,0.134
2026-03-23T08:30:00Z,0.134
2026-03-23T09:00:00Z,0.207
2026-03-23T09:30:00Z,0.171
2026-03-23T10:00:00Z,0.19
2026-03-23T10:30:00Z,0.196
2026-03-23T11:00:00Z,0.296
2026-03-23T11:30:00Z,0.769
2026-03-23T12:00:00Z,0.478
2026-03-23T12:30:00Z,0.282
2026-03-23T13:00:00Z,0.23
2026-03-23T13:30:00Z,0.369
2026-03-23T14:00:00Z,0.58
2026-03-23T14:30:00Z,0.435
2026-03-23T15:00:00Z,0.527
2026-03-23T15:30:00Z,0.353
2026-03-23T16:00:00Z,0.26
2026-03-23T16:30:00Z,0.232
2026-03-23T17:00:00Z,0.611
2026-03-23T17:30:00Z,0.453
2026-03-23T18:00:00Z,0.512
2026-03-23T18:30:00Z,0.185
2026-03-23T19:00:00Z,0.653
2026-03-23T19:30:00Z,0.206
2026-03-23T20:00:00Z,0.158
2026-03-23T20:30:00Z,0.168
2026-03-23T21:00:00Z,0.168
2026-03-23T21:30:00Z,0.17
2026-03-23T22:00:00Z,0.525
2026-03-23T22:30:00Z,0.64
2026-03-23T23:00:00Z,0.389
2026-03-23T23:30:00Z,1.009
2026-03-24T00:00:00Z,0.132
2026-03-24T00:30:00Z,0.13
2026-03-24T01:00:00Z,0.13
2026-03-24T01:30:00Z,0.149
2026-03-24T02:00:00Z,0.163
2026-03-24T02:30:00Z,0.165
2026-03-24T03:00:00Z,0.151
2026-03-24T03:30:00Z,0.136
2026-03-24T04:00:00Z,0.136
2026-03-24T04:30:00Z,0.13
2026-03-24T05:00:00Z,0.129
2026-03-24T05:30:00Z,0.129
2026-03-24T06:00:00Z,0.133
2026-03-24T06:30:00Z,0.158
2026-03-24T07:00:00Z,0.195
2026-03-24T07:30:00Z,0.303
2026-03-24T08:00:00Z,0.243
2026-03-24T08:30:00Z,0.509
2026-03-24T09:00:00Z,0.273
2026-03-24T09:30:00Z,0.316
2026-03-24T10:00:00Z,0.57
2026-03-24T10:30:00Z,0.453
2026-03-24T11:00:00Z,0.491
2026-03-24T11:30:00Z,0.684
2026-03-24T12:00:00Z,0.273
2026-03-24T12:30:00Z,0.182
2026-03-24T13:00:00Z,0.186
2026-03-24T13:30:00Z,0.19
2026-03-24T14:00:00Z,0.184
2026-03-24T14:30:00Z,0.168
2026-03-24T15:00:00Z,0.186
2026-03-24T15:30:00Z,0.19
2026-03-24T16:00:00Z,0.252
2026-03-24T16:30:00Z,0.236
2026-03-24T17:00:00Z,0.301
2026-03-24T17:30:00Z,0.206
2026-03-24T18:00:00Z,0.219
2026-03-24T18:30:00Z,0.223
2026-03-24T19:00:00Z,0.687
2026-03-24T19:30:00Z,0.513
2026-03-24T20:00:00Z,0.259
2026-03-24T20:30:00Z,0.536
2026-03-24T21:00:00Z,0.231
2026-03-24T21:30:00Z,0.248
2026-03-24T22:00:00Z,0.242
2026-03-24T22:30:00Z,0.747
2026-03-24T23:00:00Z,0.156
2026-03-24T23:30:00Z,0.152
2026-03-25T00:00:00Z,0.062
2026-03-25T00:30:00Z,0.072
2026-03-25T01:00:00Z,0.076
2026-03-25T01:30:00Z,0.097
2026-03-25T02:00:00Z,0.096
2026-03-25T02:30:00Z,0.086
2026-03-25T03:00:00Z,0.059
2026-03-25T03:30:00Z,0.062
2026-03-25T04:00:00Z,0.074
2026-03-25T04:30:00Z,0.074
2026-03-25T05:00:00Z,0.077
2026-03-25T05:30:00Z,0.071
2026-03-25T06:00:00Z,0.063
2026-03-25T06:30:00Z,0.068
2026-03-25T07:00:00Z,0.091
2026-03-25T07:30:00Z,0.103
2026-03-25T08:00:00Z,0.119
2026-03-25T08:30:00Z,0.164
2026-03-25T09:00:00Z,0.154
2026-03-25T09:30:00Z,0.25
2026-03-25T10:00:00Z,0.244
2026-03-25T10:30:00Z,0.158
2026-03-25T11:00:00Z,0.24
2026-03-25T11:30:00Z,0.517
2026-03-25T12:00:00Z,0.48
2026-03-25T12:30:00Z,0.163
2026-03-25T13:00:00Z,0.109
2026-03-25T13:30:00Z,0.081
2026-03-25T14:00:00Z,0.078
2026-03-25T14:30:00Z,0.158
2026-03-25T15:00:00Z,0.223
2026-03-25T15:30:00Z,0.185
2026-03-25T16:00:00Z,0.235
2026-03-25T16:30:00Z,0.148
2026-03-25T17:00:00Z,0.146
2026-03-25T17:30:00Z,0.15
2026-03-25T18:00:00Z,0.146
2026-03-25T18:30:00Z,0.451
2026-03-25T19:00:00Z,0.127
2026-03-25T19:30:00Z,0.127
2026-03-25T20:00:00Z,0.51
2026-03-25T20:30:00Z,0.268
2026-03-25T21:00:00Z,0.124
2026-03-25T21:30:00Z,0.113
2026-03-25T22:00:00Z,0.091
2026-03-25T22:30:00Z,0.08
2026-03-25T23:00:00Z,0.063
2026-03-25T23:30:00Z,0.065
2026-03-26T00:00:00Z,0.14
2026-03-26T00:30:00Z,0.116
2026-03-26T01:00:00Z,0.285
2026-03-26T01:30:00Z,0.269
2026-03-26T02:00:00Z,0.143
2026-03-26T02:30:00Z,0.149
2026-03-26T03:00:00Z,0.473
2026-03-26T03:30:00Z,0.359
2026-03-26T04:00:00Z,0.43
2026-03-26T04:30:00Z,0.474
2026-03-26T05:00:00Z,0.504
2026-03-26T05:30:00Z,0.486
2026-03-26T06:00:00Z,0.478
2026-03-26T06:30:00Z,0.432
2026-03-26T07:00:00Z,0.414
2026-03-26T07:30:00Z,0.209
2026-03-26T08:00:00Z,0.102
2026-03-26T08:30:00Z,0.112
2026-03-26T09:00:00Z,0.184
2026-03-26T09:30:00Z,0.151
2026-03-26T10:00:00Z,0.265
2026-03-26T10:30:00Z,0.196
2026-03-26T11:00:00Z,0.185
2026-03-26T11:30:00Z,0.415
2026-03-26T12:00:00Z,0.604
2026-03-26T12:30:00Z,0.192
2026-03-26T13:00:00Z,0.176
2026-03-26T13:30:00Z,0.205
2026-03-26T14:00:00Z,0.193
2026-03-26T14:30:00Z,0.187
2026-03-26T15:00:00Z,0.193
2026-03-26T15:30:00Z,0.478
2026-03-26T16:00:00Z,0.531
2026-03-26T16:30:00Z,0.453
2026-03-26T17:00:00Z,0.428
2026-03-26T17:30:00Z,0.4
2026-03-26T18:00:00Z,0.807
2026-03-26T18:30:00Z,0.538
2026-03-26T19:00:00Z,0.729
2026-03-26T19:30:00Z,0.592
2026-03-26T20:00:00Z,0.264
2026-03-26T20:30:00Z,0.222
2026-03-26T21:00:00Z,0.196
2026-03-26T21:30:00Z,0.194
2026-03-26T22:00:00Z,0.188
2026-03-26T22:30:00Z,0.179
2026-03-26T23:00:00Z,0.172
2026-03-26T23:30:00Z,0.171
2026-03-27T00:00:00Z,0.085
2026-03-27T00:30:00Z,0.067
2026-03-27T01:00:00Z,0.061
2026-03-27T01:30:00Z,0.073
2026-03-27T02:00:00Z,0.081
2026-03-27T02:30:00Z,0.067
2026-03-27T03:00:00Z,0.067
2026-03-27T03:30:00Z,0.087
2026-03-27T04:00:00Z,0.086
2026-03-27T04:30:00Z,0.088
2026-03-27T05:00:00Z,0.081
2026-03-27T05:30:00Z,0.073
2026-03-27T06:00:00Z,0.076
2026-03-27T06:30:00Z,0.152
2026-03-27T07:00:00Z,0.121
2026-03-27T07:30:00Z,0.115
2026-03-27T08:00:00Z,0.085
2026-03-27T08:30:00Z,0.097
2026-03-27T09:00:00Z,0.563
2026-03-27T09:30:00Z,0.189
2026-03-27T10:00:00Z,0.223
2026-03-27T10:30:00Z,0.221
2026-03-27T11:00:00Z,0.74
2026-03-27T11:30:00Z,0.199
2026-03-27T12:00:00Z,0.279
2026-03-27T12:30:00Z,0.188
2026-03-27T13:00:00Z,0.161
2026-03-27T13:30:00Z,0.188
2026-03-27T14:00:00Z,0.201
2026-03-27T14:30:00Z,0.184
2026-03-27T15:00:00Z,0.131
2026-03-27T15:30:00Z,0.116
2026-03-27T16:00:00Z,0.147
2026-03-27T16:30:00Z,0.233
2026-03-27T17:00:00Z,0.314
2026-03-27T17:30:00Z,0.293
2026-03-27T18:00:00Z,0.206
2026-03-27T18:30:00Z,0.146
2026-03-27T19:00:00Z,0.145
2026-03-27T19:30:00Z,0.142
2026-03-27T20:00:00Z,0.27
2026-03-27T20:30:00Z,0.412
2026-03-27T21:00:00Z,0.27
2026-03-27T21:30:00Z,0.142
2026-03-27T22:00:00Z,0.117
2026-03-27T22:30:00Z,0.409
2026-03-27T23:00:00Z,0.464
2026-03-27T23:30:00Z,0.44
2026-03-28T00:00:00Z,0.491
2026-03-28T00:30:00Z,0.44
2026-03-28T01:00:00Z,0.473
2026-03-28T01:30:00Z,0.133
2026-03-28T02:00:00Z,0.106
2026-03-28T02:30:00Z,0.105
2026-03-28T03:00:00Z,0.105
2026-03-28T03:30:00Z,0.12
2026-03-28T04:00:00Z,0.162
2026-03-28T04:30:00Z,0.167
2026-03-28T05:00:00Z,0.17
2026-03-28T05:30:00Z,0.146
2026-03-28T06:00:00Z,0.122
2026-03-28T06:30:00Z,0.177
2026-03-28T07:00:00Z,0.176
2026-03-28T07:30:00Z,0.478
2026-03-28T08:00:00Z,0.164
2026-03-28T08:30:00Z,0.214
2026-03-28T09:00:00Z,0.26
2026-03-28T09:30:00Z,0.203
2026-03-28T10:00:00Z,0.217
2026-03-28T10:30:00Z,0.218
2026-03-28T11:00:00Z,0.149
2026-03-28T11:30:00Z,0.139
2026-03-28T12:00:00Z,0.132
2026-03-28T12:30:00Z,0.126
2026-03-28T13:00:00Z,0.127
2026-03-28T13:30:00Z,0.126
2026-03-28T14:00:00Z,0.129
2026-03-28T14:30:00Z,0.133
2026-03-28T15:00:00Z,0.13
2026-03-28T15:30:00Z,0.166
2026-03-28T16:00:00Z,0.154
2026-03-28T16:30:00Z,0.132
2026-03-28T17:00:00Z,0.151
2026-03-28T17:30:00Z,0.167
2026-03-28T18:00:00Z,0.186
2026-03-28T18:30:00Z,0.328
2026-03-28T19:00:00Z,0.469
2026-03-28T19:30:00Z,0.17
2026-03-28T20:00:00Z,0.181
2026-03-28T20:30:00Z,0.196
2026-03-28T21:00:00Z,0.509
2026-03-28T21:30:00Z,0.205
2026-03-28T22:00:00Z,0.19
2026-03-28T22:30:00Z,0.215
2026-03-28T23:00:00Z,0.607
2026-03-28T23:30:00Z,0.134
2026-03-29T00:00:00Z,0.142
2026-03-29T00:30:00Z,0.141
2026-03-29T01:00:00Z,0.112
2026-03-29T01:30:00Z,0.107
2026-03-29T02:00:00Z,0.102
2026-03-29T02:30:00Z,0.103
2026-03-29T03:00:00Z,0.097
2026-03-29T03:30:00Z,0.113
2026-03-29T04:00:00Z,0.138
2026-03-29T04:30:00Z,0.14
2026-03-29T05:00:00Z,0.136
2026-03-29T05:30:00Z,0.138
2026-03-29T06:00:00Z,0.113
2026-03-29T06:30:00Z,0.103
2026-03-29T07:00:00Z,0.097
2026-03-29T07:30:00Z,0.106
2026-03-29T08:00:00Z,0.123
2026-03-29T08:30:00Z,0.143
2026-03-29T09:00:00Z,0.227
2026-03-29T09:30:00Z,0.159
2026-03-29T10:00:00Z,0.233
2026-03-29T10:30:00Z,0.248
2026-03-29T11:00:00Z,0.234
2026-03-29T11:30:00Z,0.234
2026-03-29T12:00:00Z,0.227
2026-03-29T12:30:00Z,0.173
2026-03-29T13:00:00Z,0.157
2026-03-29T13:30:00Z,0.163
2026-03-29T14:00:00Z,0.163
2026-03-29T14:30:00Z,0.16
2026-03-29T15:00:00Z,0.131
2026-03-29T15:30:00Z,0.183
2026-03-29T16:00:00Z,0.204
2026-03-29T16:30:00Z,0.188
2026-03-29T17:00:00Z,0.206
2026-03-29T17:30:00Z,0.2
2026-03-29T18:00:00Z,0.213
2026-03-29T18:30:00Z,0.198
2026-03-29T19:00:00Z,0.167
2026-03-29T19:30:00Z,0.196
2026-03-29T20:00:00Z,0.22
2026-03-29T20:30:00Z,0.22
2026-03-29T21:00:00Z,0.214
2026-03-29T21:30:00Z,0.21
2026-03-29T22:00:00Z,0.211
2026-03-29T22:30:00Z,0.187
2026-03-29T23:00:00Z,0.178
2026-03-29T23:30:00Z,0.17
2026-03-30T00:00:00Z,0.481
2026-03-30T00:30:00Z,0.171
2026-03-30T01:00:00Z,0.155
2026-03-30T01:30:00Z,0.133
2026-03-30T02:00:00Z,0.615
2026-03-30T02:30:00Z,0.118
2026-03-30T03:00:00Z,0.13
2026-03-30T03:30:00Z,0.139
2026-03-30T04:00:00Z,0.132
2026-03-30T04:30:00Z,0.137
2026-03-30T05:00:00Z,0.149
2026-03-30T05:30:00Z,0.149
2026-03-30T06:00:00Z,0.158
2026-03-30T06:30:00Z,0.154
2026-03-30T07:00:00Z,0.131
2026-03-30T07:30:00Z,0.147
2026-03-30T08:00:00Z,0.18
2026-03-30T08:30:00Z,0.168
2026-03-30T09:00:00Z,0.298
2026-03-30T09:30:00Z,0.206
2026-03-30T10:00:00Z,0.191
2026-03-30T10:30:00Z,0.237
2026-03-30T11:00:00Z,0.275
2026-03-30T11:30:00Z,0.177
2026-03-30T12:00:00Z,0.199
2026-03-30T12:30:00Z,0.178
2026-03-30T13:00:00Z,0.203
2026-03-30T13:30:00Z,0.167
2026-03-30T14:00:00Z,0.164
2026-03-30T14:30:00Z,0.168
2026-03-30T15:00:00Z,0.181
2026-03-30T15:30:00Z,0.188
2026-03-30T16:00:00Z,0.187
2026-03-30T16:30:00Z,0.169
2026-03-30T17:00:00Z,0.157
2026-03-30T17:30:00Z,0.145
2026-03-30T18:00:00Z,0.157
2026-03-30T18:30:00Z,0.172
2026-03-30T19:00:00Z,0.17
2026-03-30T19:30:00Z,0.171
2026-03-30T20:00:00Z,0.182
2026-03-30T20:30:00Z,0.202
2026-03-30T21:00:00Z,0.147
2026-03-30T21:30:00Z,0.49
2026-03-30T22:00:00Z,0.173
2026-03-30T22:30:00Z,0.163
2026-03-30T23:00:00Z,0.134
2026-03-30T23:30:00Z,0.145
2026-03-31T00:00:00Z,0.146
2026-03-31T00:30:00Z,0.138
2026-03-31T01:00:00Z,0.133
2026-03-31T01:30:00Z,0.133
2026-03-31T02:00:00Z,0.135
2026-03-31T02:30:00Z,0.133
2026-03-31T03:00:00Z,0.139
2026-03-31T03:30:00Z,0.138
2026-03-31T04:00:00Z,0.135
2026-03-31T04:30:00Z,0.155
2026-03-31T05:00:00Z,0.2
2026-03-31T05:30:00Z,0.195
2026-03-31T06:00:00Z,0.178
2026-03-31T06:30:00Z,0.248
2026-03-31T07:00:00Z,0.533
2026-03-31T07:30:00Z,0.741
2026-03-31T08:00:00Z,0.233
2026-03-31T08:30:00Z,0.657
2026-03-31T09:00:00Z,0.188
2026-03-31T09:30:00Z,0.2
2026-03-31T10:00:00Z,0.2
2026-03-31T10:30:00Z,0.446
2026-03-31T11:00:00Z,0.487
2026-03-31T11:30:00Z,0.183
2026-03-31T12:00:00Z,0.19
2026-03-31T12:30:00Z,0.204
2026-03-31T13:00:00Z,0.167
2026-03-31T13:30:00Z,0.173
2026-03-31T14:00:00Z,0.161
2026-03-31T14:30:00Z,0.199
2026-03-31T15:00:00Z,0.19
2026-03-31T15:30:00Z,0.263
2026-03-31T16:00:00Z,0.317
2026-03-31T16:30:00Z,0.29
2026-03-31T17:00:00Z,0.202
2026-03-31T17:30:00Z,0.289
2026-03-31T18:00:00Z,0.199
2026-03-31T18:30:00Z,0.163
2026-03-31T19:00:00Z,0.158
2026-03-31T19:30:00Z,0.194
2026-03-31T20:00:00Z,0.486
2026-03-31T20:30:00Z,0.182
2026-03-31T21:00:00Z,0.198
2026-03-31T21:30:00Z,0.193
2026-03-31T22:00:00Z,0.696
2026-03-31T22:30:00Z,0.155
2026-03-31T23:00:00Z,0.13
2026-03-31T23:30:00Z,0.121
2026-04-01T00:00:00Z,0.116
2026-04-01T00:30:00Z,0.112
2026-04-01T01:00:00Z,0.112
2026-04-01T01:30:00Z,0.112
2026-04-01T02:00:00Z,0.118
2026-04-01T02:30:00Z,0.119
2026-04-01T03:00:00Z,0.121
2026-04-01T03:30:00Z,0.118
2026-04-01T04:00:00Z,0.135
2026-04-01T04:30:00Z,0.148
2026-04-01T05:00:00Z,0.154
2026-04-01T05:30:00Z,0.133
2026-04-01T06:00:00Z,0.134
2026-04-01T06:30:00Z,0.221
2026-04-01T07:00:00Z,0.218
2026-04-01T07:30:00Z,0.192
2026-04-01T08:00:00Z,0.171
2026-04-01T08:30:00Z,0.194
2026-04-01T09:00:00Z,0.163
2026-04-01T09:30:00Z,0.277
2026-04-01T10:00:00Z,0.576
2026-04-01T10:30:00Z,0.693
2026-04-01T11:00:00Z,0.485
2026-04-01T11:30:00Z,0.663
2026-04-01T12:00:00Z,0.215
2026-04-01T12:30:00Z,0.179
2026-04-01T13:00:00Z,0.151
2026-04-01T13:30:00Z,0.142
2026-04-01T14:00:00Z,0.149
2026-04-01T14:30:00Z,0.402
2026-04-01T15:00:00Z,0.364
2026-04-01T15:30:00Z,0.348
2026-04-01T16:00:00Z,0.21
2026-04-01T16:30:00Z,0.216
2026-04-01T17:00:00Z,0.287
2026-04-01T17:30:00Z,0.223
2026-04-01T18:00:00Z,0.204
2026-04-01T18:30:00Z,0.158
2026-04-01T19:00:00Z,0.136
2026-04-01T19:30:00Z,0.138
2026-04-01T20:00:00Z,0.157
2026-04-01T20:30:00Z,0.202
2026-04-01T21:00:00Z,0.151
2026-04-01T21:30:00Z,0.148
2026-04-01T22:00:00Z,0.487
2026-04-01T22:30:00Z,0.198
2026-04-01T23:00:00Z,0.379
2026-04-01T23:30:00Z,0.349
2026-04-02T00:00:00Z,0.369
2026-04-02T00:30:00Z,0.34
2026-04-02T01:00:00Z,0.36
2026-04-02T01:30:00Z,0.35
2026-04-02T02:00:00Z,0.342
2026-04-02T02:30:00Z,0.378
2026-04-02T03:00:00Z,0.122
2026-04-02T03:30:00Z,0.111
2026-04-02T04:00:00Z,0.131
2026-04-02T04:30:00Z,0.146
2026-04-02T05:00:00Z,0.146
2026-04-02T05:30:00Z,0.117
2026-04-02T06:00:00Z,0.104
2026-04-02T06:30:00Z,0.367
2026-04-02T07:00:00Z,0.207
2026-04-02T07:30:00Z,0.233
2026-04-02T08:00:00Z,0.192
2026-04-02T08:30:00Z,0.118
2026-04-02T09:00:00Z,0.134
2026-04-02T09:30:00Z,0.42
2026-04-02T10:00:00Z,0.219
2026-04-02T10:30:00Z,0.274
2026-04-02T11:00:00Z,0.182
2026-04-02T11:30:00Z,0.178
2026-04-02T12:00:00Z,0.344
2026-04-02T12:30:00Z,0.65
2026-04-02T13:00:00Z,0.392
2026-04-02T13:30:00Z,0.562
2026-04-02T14:00:00Z,0.242
2026-04-02T14:30:00Z,0.166
2026-04-02T15:00:00Z,0.165
2026-04-02T15:30:00Z,0.153
2026-04-02T16:00:00Z,0.165
2026-04-02T16:30:00Z,0.169
2026-04-02T17:00:00Z,0.172
2026-04-02T17:30:00Z,0.169
2026-04-02T18:00:00Z,0.201
2026-04-02T18:30:00Z,0.173
2026-04-02T19:00:00Z,0.176
2026-04-02T19:30:00Z,0.483
2026-04-02T20:00:00Z,0.625
2026-04-02T20:30:00Z,0.542
2026-04-02T21:00:00Z,0.455
2026-04-02T21:30:00Z,0.743
2026-04-02T22:00:00Z,0.466
2026-04-02T22:30:00Z,0.546
2026-04-02T23:00:00Z,0.152
2026-04-02T23:30:00Z,0.165
2026-04-03T00:00:00Z,0.154
2026-04-03T00:30:00Z,0.444
2026-04-03T01:00:00Z,0.154
2026-04-03T01:30:00Z,0.129
2026-04-03T02:00:00Z,0.527
2026-04-03T02:30:00Z,0.229
2026-04-03T03:00:00Z,0.107
2026-04-03T03:30:00Z,0.111
2026-04-03T04:00:00Z,0.114
2026-04-03T04:30:00Z,0.114
2026-04-03T05:00:00Z,0.113
2026-04-03T05:30:00Z,0.111
2026-04-03T06:00:00Z,0.12
2026-04-03T06:30:00Z,0.131
2026-04-03T07:00:00Z,0.145
2026-04-03T07:30:00Z,0.144
2026-04-03T08:00:00Z,0.122
2026-04-03T08:30:00Z,0.125
2026-04-03T09:00:00Z,0.264
2026-04-03T09:30:00Z,0.159
2026-04-03T10:00:00Z,0.13
2026-04-03T10:30:00Z,0.121
2026-04-03T11:00:00Z,0.112
2026-04-03T11:30:00Z,0.102
2026-04-03T12:00:00Z,0.081
2026-04-03T12:30:00Z,0.068
2026-04-03T13:00:00Z,0.068
2026-04-03T13:30:00Z,0.065
2026-04-03T14:00:00Z,0.066
2026-04-03T14:30:00Z,0.064
2026-04-03T15:00:00Z,0.07
2026-04-03T15:30:00Z,0.068
2026-04-03T16:00:00Z,0.062
2026-04-03T16:30:00Z,0.065
2026-04-03T17:00:00Z,0.063
2026-04-03T17:30:00Z,0.069
2026-04-03T18:00:00Z,0.097
2026-04-03T18:30:00Z,0.121
2026-04-03T19:00:00Z,0.126
2026-04-03T19:30:00Z,0.119
2026-04-03T20:00:00Z,0.131
2026-04-03T20:30:00Z,0.155
2026-04-03T21:00:00Z,0.177
2026-04-03T21:30:00Z,0.194
2026-04-03T22:00:00Z,0.19
2026-04-03T22:30:00Z,0.191
2026-04-03T23:00:00Z,0.148
2026-04-03T23:30:00Z,0.463
2026-04-04T00:00:00Z,0.163
2026-04-04T00:30:00Z,0.147
2026-04-04T01:00:00Z,0.133
2026-04-04T01:30:00Z,0.595
2026-04-04T02:00:00Z,0.146
2026-04-04T02:30:00Z,0.144
2026-04-04T03:00:00Z,0.133
2026-04-04T03:30:00Z,0.112
2026-04-04T04:00:00Z,0.114
2026-04-04T04:30:00Z,0.116
2026-04-04T05:00:00Z,0.113
2026-04-04T05:30:00Z,0.111
2026-04-04T06:00:00Z,0.111
2026-04-04T06:30:00Z,0.113
2026-04-04T07:00:00Z,0.114
2026-04-04T07:30:00Z,0.125
2026-04-04T08:00:00Z,0.329
2026-04-04T08:30:00Z,0.169
2026-04-04T09:00:00Z,0.208
2026-04-04T09:30:00Z,0.146
2026-04-04T10:00:00Z,0.135
2026-04-04T10:30:00Z,0.12
2026-04-04T11:00:00Z,0.29
2026-04-04T11:30:00Z,0.395
2026-04-04T12:00:00Z,0.189
2026-04-04T12:30:00Z,0.145
2026-04-04T13:00:00Z,0.15
2026-04-04T13:30:00Z,0.162
2026-04-04T14:00:00Z,0.175
2026-04-04T14:30:00Z,0.28
2026-04-04T15:00:00Z,0.616
2026-04-04T15:30:00Z,0.262
2026-04-04T16:00:00Z,0.285
2026-04-04T16:30:00Z,0.681
2026-04-04T17:00:00Z,0.969
2026-04-04T17:30:00Z,0.605
2026-04-04T18:00:00Z,0.524
2026-04-04T18:30:00Z,0.542
2026-04-04T19:00:00Z,0.184
2026-04-04T19:30:00Z,0.23
2026-04-04T20:00:00Z,0.155
2026-04-04T20:30:00Z,0.161
2026-04-04T21:00:00Z,0.161
2026-04-04T21:30:00Z,0.178
2026-04-04T22:00:00Z,0.182
2026-04-04T22:30:00Z,0.466
2026-04-04T23:00:00Z,0.538
2026-04-04T23:30:00Z,0.524
2026-04-05T00:00:00Z,0.178
2026-04-05T00:30:00Z,0.425
2026-04-05T01:00:00Z,0.146
2026-04-05T01:30:00Z,0.292
2026-04-05T02:00:00Z,0.449
2026-04-05T02:30:00Z,0.113
2026-04-05T03:00:00Z,0.12
2026-04-05T03:30:00Z,0.121
2026-04-05T04:00:00Z,0.113
2026-04-05T04:30:00Z,0.109
2026-04-05T05:00:00Z,0.113
2026-04-05T05:30:00Z,0.116
2026-04-05T06:00:00Z,0.153
2026-04-05T06:30:00Z,0.17
2026-04-05T07:00:00Z,0.153
2026-04-05T07:30:00Z,0.15
2026-04-05T08:00:00Z,0.145
2026-04-05T08:30:00Z,0.157
2026-04-05T09:00:00Z,0.528
2026-04-05T09:30:00Z,0.339
2026-04-05T10:00:00Z,0.19
2026-04-05T10:30:00Z,0.183
2026-04-05T11:00:00Z,0.283
2026-04-05T11:30:00Z,0.258
2026-04-05T12:00:00Z,0.247
2026-04-05T12:30:00Z,0.332
2026-04-05T13:00:00Z,0.178
2026-04-05T13:30:00Z,0.155
2026-04-05T14:00:00Z,0.177
2026-04-05T14:30:00Z,0.184
2026-04-05T15:00:00Z,0.192
2026-04-05T15:30:00Z,0.198
2026-04-05T16:00:00Z,0.188
2026-04-05T16:30:00Z,0.6
2026-04-05T17:00:00Z,0.371
2026-04-05T17:30:00Z,0.576
2026-04-05T18:00:00Z,0.323
2026-04-05T18:30:00Z,1.09
2026-04-05T19:00:00Z,0.97
2026-04-05T19:30:00Z,0.307
2026-04-05T20:00:00Z,0.214
2026-04-05T20:30:00Z,0.221
2026-04-05T21:00:00Z,0.219
2026-04-05T21:30:00Z,0.213
2026-04-05T22:00:00Z,0.217
2026-04-05T22:30:00Z,0.182
2026-04-05T23:00:00Z,0.146
2026-04-05T23:30:00Z,0.163
2026-04-06T00:00:00Z,0.176
2026-04-06T00:30:00Z,0.157
2026-04-06T01:00:00Z,0.124
2026-04-06T01:30:00Z,0.115
2026-04-06T02:00:00Z,0.112
2026-04-06T02:30:00Z,0.113
2026-04-06T03:00:00Z,0.11
2026-04-06T03:30:00Z,0.109
2026-04-06T04:00:00Z,0.109
2026-04-06T04:30:00Z,0.109
2026-04-06T05:00:00Z,0.099
2026-04-06T05:30:00Z,0.099
2026-04-06T06:00:00Z,0.108
2026-04-06T06:30:00Z,0.202
2026-04-06T07:00:00Z,0.232
2026-04-06T07:30:00Z,0.225
2026-04-06T08:00:00Z,0.222
2026-04-06T08:30:00Z,0.167
2026-04-06T09:00:00Z,0.112
2026-04-06T09:30:00Z,0.109
2026-04-06T10:00:00Z,0.11
2026-04-06T10:30:00Z,0.11
2026-04-06T11:00:00Z,0.114
2026-04-06T11:30:00Z,0.127
2026-04-06T12:00:00Z,0.146
2026-04-06T12:30:00Z,0.136
2026-04-06T13:00:00Z,0.217
2026-04-06T13:30:00Z,0.159
2026-04-06T14:00:00Z,0.115
2026-04-06T14:30:00Z,0.114
2026-04-06T15:00:00Z,0.222
2026-04-06T15:30:00Z,0.176
2026-04-06T16:00:00Z,0.163
2026-04-06T16:30:00Z,0.447
2026-04-06T17:00:00Z,0.19
2026-04-06T17:30:00Z,0.374
2026-04-06T18:00:00Z,0.174
2026-04-06T18:30:00Z,0.125
2026-04-06T19:00:00Z,0.166
2026-04-06T19:30:00Z,0.183
2026-04-06T20:00:00Z,0.189
2026-04-06T20:30:00Z,0.165
2026-04-06T21:00:00Z,0.161
2026-04-06T21:30:00Z,0.156
2026-04-06T22:00:00Z,0.152
2026-04-06T22:30:00Z,0.113
2026-04-06T23:00:00Z,0.15
2026-04-06T23:30:00Z,0.318
2026-04-07T00:00:00Z,0.545
2026-04-07T00:30:00Z,0.411
2026-04-07T01:00:00Z,0.544
2026-04-07T01:30:00Z,0.239
2026-04-07T02:00:00Z,0.136
2026-04-07T02:30:00Z,0.14
2026-04-07T03:00:00Z,0.159
2026-04-07T03:30:00Z,0.151
2026-04-07T04:00:00Z,0.15
2026-04-07T04:30:00Z,0.148
2026-04-07T05:00:00Z,0.143
2026-04-07T05:30:00Z,0.134
2026-04-07T06:00:00Z,0.133
2026-04-07T06:30:00Z,0.132
2026-04-07T07:00:00Z,0.127
2026-04-07T07:30:00Z,0.126
2026-04-07T08:00:00Z,0.182
2026-04-07T08:30:00Z,0.222
2026-04-07T09:00:00Z,0.183
2026-04-07T09:30:00Z,0.164
2026-04-07T10:00:00Z,0.227
2026-04-07T10:30:00Z,0.367
2026-04-07T11:00:00Z,0.597
2026-04-07T11:30:00Z,0.212
2026-04-07T12:00:00Z,0.204
2026-04-07T12:30:00Z,0.206
2026-04-07T13:00:00Z,0.178
2026-04-07T13:30:00Z,0.205
2026-04-07T14:00:00Z,0.236
2026-04-07T14:30:00Z,0.23
2026-04-07T15:00:00Z,0.226
2026-04-07T15:30:00Z,0.226
2026-04-07T16:00:00Z,0.186
2026-04-07T16:30:00Z,0.183
2026-04-07T17:00:00Z,0.208
2026-04-07T17:30:00Z,0.2
2026-04-07T18:00:00Z,0.296
2026-04-07T18:30:00Z,0.295
2026-04-07T19:00:00Z,0.37
2026-04-07T19:30:00Z,0.345
2026-04-07T20:00:00Z,0.537
2026-04-07T20:30:00Z,0.445
2026-04-07T21:00:00Z,0.25
2026-04-07T21:30:00Z,0.498
2026-04-07T22:00:00Z,0.126
2026-04-07T22:30:00Z,0.134
2026-04-07T23:00:00Z,0.405
2026-04-07T23:30:00Z,0.21
2026-04-08T00:00:00Z,0.441
2026-04-08T00:30:00Z,0.104
2026-04-08T01:00:00Z,0.1
2026-04-08T01:30:00Z,0.101
2026-04-08T02:00:00Z,0.1
2026-04-08T02:30:00Z,0.104
2026-04-08T03:00:00Z,0.098
2026-04-08T03:30:00Z,0.099
2026-04-08T04:00:00Z,0.166
2026-04-08T04:30:00Z,0.137
2026-04-08T05:00:00Z,0.116
2026-04-08T05:30:00Z,0.387
2026-04-08T06:00:00Z,0.433
2026-04-08T06:30:00Z,0.334
2026-04-08T07:00:00Z,0.403
2026-04-08T07:30:00Z,0.47
2026-04-08T08:00:00Z,0.339
2026-04-08T08:30:00Z,0.342
2026-04-08T09:00:00Z,0.319
2026-04-08T09:30:00Z,0.321
2026-04-08T10:00:00Z,0.317
2026-04-08T10:30:00Z,0.321
2026-04-08T11:00:00Z,0.455
2026-04-08T11:30:00Z,0.527
2026-04-08T12:00:00Z,0.602
2026-04-08T12:30:00Z,0.566
2026-04-08T13:00:00Z,0.637
2026-04-08T13:30:00Z,0.345
2026-04-08T14:00:00Z,0.23
2026-04-08T14:30:00Z,0.543
2026-04-08T15:00:00Z,0.256
2026-04-08T15:30:00Z,0.334
2026-04-08T16:00:00Z,0.235
2026-04-08T16:30:00Z,0.199
2026-04-08T17:00:00Z,0.276
2026-04-08T17:30:00Z,0.505
2026-04-08T18:00:00Z,0.203
2026-04-08T18:30:00Z,0.149
2026-04-08T19:00:00Z,0.216
2026-04-08T19:30:00Z,0.104
2026-04-08T20:00:00Z,0.104
2026-04-08T20:30:00Z,0.107
2026-04-08T21:00:00Z,0.108
2026-04-08T21:30:00Z,0.1
2026-04-08T22:00:00Z,0.325
2026-04-08T22:30:00Z,0.449
2026-04-08T23:00:00Z,0.651
2026-04-08T23:30:00Z,0.155
2026-04-09T00:00:00Z,0.148
2026-04-09T00:30:00Z,0.132
2026-04-09T01:00:00Z,0.134
2026-04-09T01:30:00Z,0.134
2026-04-09T02:00:00Z,0.139
2026-04-09T02:30:00Z,0.144
2026-04-09T03:00:00Z,0.137
2026-04-09T03:30:00Z,0.135
2026-04-09T04:00:00Z,0.133
2026-04-09T04:30:00Z,0.133
2026-04-09T05:00:00Z,0.133
2026-04-09T05:30:00Z,0.137
2026-04-09T06:00:00Z,0.167
2026-04-09T06:30:00Z,0.168
2026-04-09T07:00:00Z,0.219
2026-04-09T07:30:00Z,0.217
2026-04-09T08:00:00Z,0.191
2026-04-09T08:30:00Z,0.227
2026-04-09T09:00:00Z,0.22
2026-04-09T09:30:00Z,0.225
2026-04-09T10:00:00Z,0.208
2026-04-09T10:30:00Z,0.211
2026-04-09T11:00:00Z,0.242
2026-04-09T11:30:00Z,0.231
2026-04-09T12:00:00Z,0.204
2026-04-09T12:30:00Z,0.195
2026-04-09T13:00:00Z,0.2
2026-04-09T13:30:00Z,0.242
2026-04-09T14:00:00Z,0.218
2026-04-09T14:30:00Z,0.206
2026-04-09T15:00:00Z,0.222
2026-04-09T15:30:00Z,0.159
2026-04-09T16:00:00Z,0.157
2026-04-09T16:30:00Z,0.182
2026-04-09T17:00:00Z,0.2
2026-04-09T17:30:00Z,0.193
2026-04-09T18:00:00Z,0.196
2026-04-09T18:30:00Z,0.216
2026-04-09T19:00:00Z,0.22
2026-04-09T19:30:00Z,0.128
2026-04-09T20:00:00Z,0.124
2026-04-09T20:30:00Z,0.136
2026-04-09T21:00:00Z,0.174
2026-04-09T21:30:00Z,0.197
2026-04-09T22:00:00Z,0.175
2026-04-09T22:30:00Z,0.151
2026-04-09T23:00:00Z,0.111
2026-04-09T23:30:00Z,0.109
2026-04-10T00:00:00Z,0.114
2026-04-10T00:30:00Z,0.129
2026-04-10T01:00:00Z,0.438
2026-04-10T01:30:00Z,0.131
2026-04-10T02:00:00Z,0.15
2026-04-10T02:30:00Z,0.31
2026-04-10T03:00:00Z,0.402
2026-04-10T03:30:00Z,0.12
2026-04-10T04:00:00Z,0.118
2026-04-10T04:30:00Z,0.101
2026-04-10T05:00:00Z,0.09
2026-04-10T05:30:00Z,0.102
2026-04-10T06:00:00Z,0.109
2026-04-10T06:30:00Z,0.234
2026-04-10T07:00:00Z,0.447
2026-04-10T07:30:00Z,0.409
2026-04-10T08:00:00Z,0.316
2026-04-10T08:30:00Z,0.333
2026-04-10T09:00:00Z,0.358
2026-04-10T09:30:00Z,0.241
2026-04-10T10:00:00Z,0.16
2026-04-10T10:30:00Z,0.334
2026-04-10T11:00:00Z,0.269
2026-04-10T11:30:00Z,0.19
2026-04-10T12:00:00Z,0.166
2026-04-10T12:30:00Z,0.145
2026-04-10T13:00:00Z,0.178
2026-04-10T13:30:00Z,0.168
2026-04-10T14:00:00Z,0.161
2026-04-10T14:30:00Z,0.152
2026-04-10T15:00:00Z,0.236
2026-04-10T15:30:00Z,0.188
2026-04-10T16:00:00Z,0.24
2026-04-10T16:30:00Z,0.333
2026-04-10T17:00:00Z,0.543
2026-04-10T17:30:00Z,0.199
2026-04-10T18:00:00Z,0.341
2026-04-10T18:30:00Z,0.145
2026-04-10T19:00:00Z,0.141
2026-04-10T19:30:00Z,0.18
2026-04-10T20:00:00Z,0.169
2026-04-10T20:30:00Z,0.156
2026-04-10T21:00:00Z,0.143
2026-04-10T21:30:00Z,0.146
2026-04-10T22:00:00Z,0.177
2026-04-10T22:30:00Z,0.58
2026-04-10T23:00:00Z,0.155
2026-04-10T23:30:00Z,0.148
2026-04-11T00:00:00Z,0.146
2026-04-11T00:30:00Z,0.122
2026-04-11T01:00:00Z,0.116
2026-04-11T01:30:00Z,0.112
2026-04-11T02:00:00Z,0.113
2026-04-11T02:30:00Z,0.112
2026-04-11T03:00:00Z,0.111
2026-04-11T03:30:00Z,0.099
2026-04-11T04:00:00Z,0.113
2026-04-11T04:30:00Z,0.113
2026-04-11T05:00:00Z,0.112
2026-04-11T05:30:00Z,0.109
2026-04-11T06:00:00Z,0.12
2026-04-11T06:30:00Z,0.142
2026-04-11T07:00:00Z,0.145
2026-04-11T07:30:00Z,0.125
2026-04-11T08:00:00Z,0.112
2026-04-11T08:30:00Z,0.099
2026-04-11T09:00:00Z,0.121
2026-04-11T09:30:00Z,0.203
2026-04-11T10:00:00Z,0.204
2026-04-11T10:30:00Z,0.303
2026-04-11T11:00:00Z,0.196
2026-04-11T11:30:00Z,0.144
2026-04-11T12:00:00Z,0.134
2026-04-11T12:30:00Z,0.674
2026-04-11T13:00:00Z,0.492
2026-04-11T13:30:00Z,0.496
2026-04-11T14:00:00Z,0.422
2026-04-11T14:30:00Z,0.495
2026-04-11T15:00:00Z,0.236
2026-04-11T15:30:00Z,0.118
2026-04-11T16:00:00Z,0.133
2026-04-11T16:30:00Z,0.204
2026-04-11T17:00:00Z,0.215
2026-04-11T17:30:00Z,0.175
2026-04-11T18:00:00Z,0.242
2026-04-11T18:30:00Z,0.174
2026-04-11T19:00:00Z,0.156
2026-04-11T19:30:00Z,0.157
2026-04-11T20:00:00Z,0.159
2026-04-11T20:30:00Z,0.176
2026-04-11T21:00:00Z,0.171
2026-04-11T21:30:00Z,0.149
2026-04-11T22:00:00Z,0.155
2026-04-11T22:30:00Z,0.149
2026-04-11T23:00:00Z,0.183
2026-04-11T23:30:00Z,0.158
2026-04-12T00:00:00Z,0.138
2026-04-12T00:30:00Z,0.138
2026-04-12T01:00:00Z,0.178
2026-04-12T01:30:00Z,0.17
2026-04-12T02:00:00Z,0.155
2026-04-12T02:30:00Z,0.131
2026-04-12T03:00:00Z,0.13
2026-04-12T03:30:00Z,0.137
2026-04-12T04:00:00Z,0.13
2026-04-12T04:30:00Z,0.128
2026-04-12T05:00:00Z,0.118
2026-04-12T05:30:00Z,0.114
2026-04-12T06:00:00Z,0.141
2026-04-12T06:30:00Z,0.142
2026-04-12T07:00:00Z,0.145
2026-04-12T07:30:00Z,0.127
2026-04-12T08:00:00Z,0.114
2026-04-12T08:30:00Z,0.113
2026-04-12T09:00:00Z,0.109
2026-04-12T09:30:00Z,0.123
2026-04-12T10:00:00Z,0.129
2026-04-12T10:30:00Z,0.656
2026-04-12T11:00:00Z,0.615
2026-04-12T11:30:00Z,0.234
2026-04-12T12:00:00Z,0.624
2026-04-12T12:30:00Z,0.346
2026-04-12T13:00:00Z,0.18
2026-04-12T13:30:00Z,0.184
2026-04-12T14:00:00Z,0.145
2026-04-12T14:30:00Z,0.131
2026-04-12T15:00:00Z,0.127
2026-04-12T15:30:00Z,0.124
2026-04-12T16:00:00Z,0.126
2026-04-12T16:30:00Z,0.136
2026-04-12T17:00:00Z,0.144
2026-04-12T17:30:00Z,0.138
2026-04-12T18:00:00Z,0.408
2026-04-12T18:30:00Z,1.076
2026-04-12T19:00:00Z,1.234
2026-04-12T19:30:00Z,0.573
2026-04-12T20:00:00Z,0.56
2026-04-12T20:30:00Z,0.571
2026-04-12T21:00:00Z,0.461
2026-04-12T21:30:00Z,0.446
2026-04-12T22:00:00Z,0.366
2026-04-12T22:30:00Z,0.209
2026-04-12T23:00:00Z,0.163
2026-04-12T23:30:00Z,0.164
2026-04-13T00:00:00Z,0.164
2026-04-13T00:30:00Z,0.17
2026-04-13T01:00:00Z,0.165
2026-04-13T01:30:00Z,0.162
2026-04-13T02:00:00Z,0.131
2026-04-13T02:30:00Z,0.119
2026-04-13T03:00:00Z,0.142
2026-04-13T03:30:00Z,0.15
2026-04-13T04:00:00Z,0.158
2026-04-13T04:30:00Z,0.15
2026-04-13T05:00:00Z,0.127
2026-04-13T05:30:00Z,0.118
2026-04-13T06:00:00Z,0.122
2026-04-13T06:30:00Z,0.131
2026-04-13T07:00:00Z,0.126
2026-04-13T07:30:00Z,0.663
2026-04-13T08:00:00Z,0.481
2026-04-13T08:30:00Z,0.212
2026-04-13T09:00:00Z,0.675
2026-04-13T09:30:00Z,0.158
2026-04-13T10:00:00Z,0.175
2026-04-13T10:30:00Z,0.162
2026-04-13T11:00:00Z,0.249
2026-04-13T11:30:00Z,0.179
2026-04-13T12:00:00Z,0.17
2026-04-13T12:30:00Z,0.134
2026-04-13T13:00:00Z,0.15
2026-04-13T13:30:00Z,0.155
2026-04-13T14:00:00Z,0.168
2026-04-13T14:30:00Z,0.143
2026-04-13T15:00:00Z,0.135
2026-04-13T15:30:00Z,0.176
2026-04-13T16:00:00Z,0.174
2026-04-13T16:30:00Z,0.194
2026-04-13T17:00:00Z,0.151
2026-04-13T17:30:00Z,0.145
2026-04-13T18:00:00Z,0.162
2026-04-13T18:30:00Z,0.146
2026-04-13T19:00:00Z,0.171
2026-04-13T19:30:00Z,0.207
2026-04-13T20:00:00Z,0.303
2026-04-13T20:30:00Z,0.259
2026-04-13T21:00:00Z,0.18
2026-04-13T21:30:00Z,0.183
2026-04-13T22:00:00Z,0.167
2026-04-13T22:30:00Z,0.155
2026-04-13T23:00:00Z,0.118
2026-04-13T23:30:00Z,0.118
2026-04-14T00:00:00Z,0.118
2026-04-14T00:30:00Z,0.115
2026-04-14T01:00:00Z,0.114
2026-04-14T01:30:00Z,0.116
2026-04-14T02:00:00Z,0.119
2026-04-14T02:30:00Z,0.118
2026-04-14T03:00:00Z,0.118
2026-04-14T03:30:00Z,0.117
2026-04-14T04:00:00Z,0.114
2026-04-14T04:30:00Z,0.137
2026-04-14T05:00:00Z,0.138
2026-04-14T05:30:00Z,0.148
2026-04-14T06:00:00Z,0.141
2026-04-14T06:30:00Z,0.185
2026-04-14T07:00:00Z,0.209
2026-04-14T07:30:00Z,0.312
2026-04-14T08:00:00Z,0.203
2026-04-14T08:30:00Z,0.189
2026-04-14T09:00:00Z,0.173
2026-04-14T09:30:00Z,0.173
2026-04-14T10:00:00Z,0.165
2026-04-14T10:30:00Z,0.189
2026-04-14T11:00:00Z,0.557
2026-04-14T11:30:00Z,0.145
2026-04-14T12:00:00Z,0.131
2026-04-14T12:30:00Z,0.134
2026-04-14T13:00:00Z,0.116
2026-04-14T13:30:00Z,0.113
2026-04-14T14:00:00Z,0.122
2026-04-14T14:30:00Z,0.134
2026-04-14T15:00:00Z,0.165
2026-04-14T15:30:00Z,0.166
2026-04-14T16:00:00Z,0.358
2026-04-14T16:30:00Z,0.439
2026-04-14T17:00:00Z,0.343
2026-04-14T17:30:00Z,0.206
2026-04-14T18:00:00Z,0.118
2026-04-14T18:30:00Z,0.122
2026-04-14T19:00:00Z,0.131
2026-04-14T19:30:00Z,0.132
2026-04-14T20:00:00Z,0.131
2026-04-14T20:30:00Z,0.125
2026-04-14T21:00:00Z,0.125
2026-04-14T21:30:00Z,0.117
2026-04-14T22:00:00Z,0.112
2026-04-14T22:30:00Z,0.111
2026-04-14T23:00:00Z,0.116
2026-04-14T23:30:00Z,0.117
2026-04-15T00:00:00Z,0.108
2026-04-15T00:30:00Z,0.107
2026-04-15T01:00:00Z,0.107
2026-04-15T01:30:00Z,0.11
2026-04-15T02:00:00Z,0.112
2026-04-15T02:30:00Z,0.111
2026-04-15T03:00:00Z,0.128
2026-04-15T03:30:00Z,0.14
2026-04-15T04:00:00Z,0.135
2026-04-15T04:30:00Z,0.115
2026-04-15T05:00:00Z,0.111
2026-04-15T05:30:00Z,0.11
2026-04-15T06:00:00Z,0.104
2026-04-15T06:30:00Z,0.112
2026-04-15T07:00:00Z,0.119
2026-04-15T07:30:00Z,0.129
2026-04-15T08:00:00Z,0.297
2026-04-15T08:30:00Z,0.221
2026-04-15T09:00:00Z,0.183
2026-04-15T09:30:00Z,0.182
2026-04-15T10:00:00Z,0.185
2026-04-15T10:30:00Z,0.369
2026-04-15T11:00:00Z,0.18
2026-04-15T11:30:00Z,0.164
2026-04-15T12:00:00Z,0.185
2026-04-15T12:30:00Z,0.173
2026-04-15T13:00:00Z,0.159
2026-04-15T13:30:00Z,0.22
2026-04-15T14:00:00Z,0.227
2026-04-15T14:30:00Z,0.21
2026-04-15T15:00:00Z,0.169
2026-04-15T15:30:00Z,0.168
2026-04-15T16:00:00Z,0.169
2026-04-15T16:30:00Z,0.208
2026-04-15T17:00:00Z,0.495
2026-04-15T17:30:00Z,0.304
2026-04-15T18:00:00Z,0.187
2026-04-15T18:30:00Z,0.171
2026-04-15T19:00:00Z,0.145
2026-04-15T19:30:00Z,0.154
2026-04-15T20:00:00Z,0.496
2026-04-15T20:30:00Z,0.165
2026-04-15T21:00:00Z,0.167
2026-04-15T21:30:00Z,0.411
2026-04-15T22:00:00Z,0.997
2026-04-15T22:30:00Z,0.276
2026-04-15T23:00:00Z,0.447
2026-04-15T23:30:00Z,0.408
2026-04-16T00:00:00Z,0.407
2026-04-16T00:30:00Z,0.102
2026-04-16T01:00:00Z,0.092
2026-04-16T01:30:00Z,0.101
2026-04-16T02:00:00Z,0.096
2026-04-16T02:30:00Z,0.084
2026-04-16T03:00:00Z,0.076
2026-04-16T03:30:00Z,0.063
2026-04-16T04:00:00Z,0.063
2026-04-16T04:30:00Z,0.063
2026-04-16T05:00:00Z,0.061
2026-04-16T05:30:00Z,0.062
2026-04-16T06:00:00Z,0.081
2026-04-16T06:30:00Z,0.146
2026-04-16T07:00:00Z,0.116
2026-04-16T07:30:00Z,0.252
2026-04-16T08:00:00Z,0.138
2026-04-16T08:30:00Z,0.099
2026-04-16T09:00:00Z,0.138
2026-04-16T09:30:00Z,0.138
2026-04-16T10:00:00Z,0.086
2026-04-16T10:30:00Z,0.136
2026-04-16T11:00:00Z,0.223
2026-04-16T11:30:00Z,0.108
2026-04-16T12:00:00Z,0.42
2026-04-16T12:30:00Z,0.141
2026-04-16T13:00:00Z,0.124
2026-04-16T13:30:00Z,0.116
2026-04-16T14:00:00Z,0.566
2026-04-16T14:30:00Z,0.073
2026-04-16T15:00:00Z,0.065
2026-04-16T15:30:00Z,0.065
2026-04-16T16:00:00Z,0.068
2026-04-16T16:30:00Z,0.135
2026-04-16T17:00:00Z,0.133
2026-04-16T17:30:00Z,0.251
2026-04-16T18:00:00Z,0.375
2026-04-16T18:30:00Z,0.129
2026-04-16T19:00:00Z,0.12
2026-04-16T19:30:00Z,0.159
2026-04-16T20:00:00Z,0.198
2026-04-16T20:30:00Z,0.198
2026-04-16T21:00:00Z,0.175
2026-04-16T21:30:00Z,0.171
2026-04-16T22:00:00Z,0.149
2026-04-16T22:30:00Z,0.118
2026-04-16T23:00:00Z,0.148
2026-04-16T23:30:00Z,0.169
2026-04-17T00:00:00Z,0.488
2026-04-17T00:30:00Z,0.181
2026-04-17T01:00:00Z,0.157
2026-04-17T01:30:00Z,0.128
2026-04-17T02:00:00Z,0.583
2026-04-17T02:30:00Z,0.113
2026-04-17T03:00:00Z,0.112
2026-04-17T03:30:00Z,0.111
2026-04-17T04:00:00Z,0.111
2026-04-17T04:30:00Z,0.11
2026-04-17T05:00:00Z,0.115
2026-04-17T05:30:00Z,0.113
2026-04-17T06:00:00Z,0.238
2026-04-17T06:30:00Z,0.421
2026-04-17T07:00:00Z,0.476
2026-04-17T07:30:00Z,0.372
2026-04-17T08:00:00Z,0.312
2026-04-17T08:30:00Z,0.371
2026-04-17T09:00:00Z,0.316
2026-04-17T09:30:00Z,0.24
2026-04-17T10:00:00Z,0.215
2026-04-17T10:30:00Z,0.19
2026-04-17T11:00:00Z,0.28
2026-04-17T11:30:00Z,0.179
2026-04-17T12:00:00Z,0.217
2026-04-17T12:30:00Z,0.151
2026-04-17T13:00:00Z,0.143
2026-04-17T13:30:00Z,0.195
2026-04-17T14:00:00Z,0.183
2026-04-17T14:30:00Z,0.19
2026-04-17T15:00:00Z,0.185
2026-04-17T15:30:00Z,0.253
2026-04-17T16:00:00Z,0.206
2026-04-17T16:30:00Z,0.215
2026-04-17T17:00:00Z,0.334
2026-04-17T17:30:00Z,0.308
2026-04-17T18:00:00Z,0.215
2026-04-17T18:30:00Z,0.181
2026-04-17T19:00:00Z,0.165
2026-04-17T19:30:00Z,0.177
2026-04-17T20:00:00Z,0.175
2026-04-17T20:30:00Z,0.184
2026-04-17T21:00:00Z,0.186
2026-04-17T21:30:00Z,0.17
2026-04-17T22:00:00Z,0.172
2026-04-17T22:30:00Z,0.112
2026-04-17T23:00:00Z,0.152
2026-04-17T23:30:00Z,0.22
2026-04-18T00:00:00Z,0.521
2026-04-18T00:30:00Z,0.137
2026-04-18T01:00:00Z,0.117
2026-04-18T01:30:00Z,0.103
2026-04-18T02:00:00Z,0.105
2026-04-18T02:30:00Z,0.106
2026-04-18T03:00:00Z,0.108
2026-04-18T03:30:00Z,0.104
2026-04-18T04:00:00Z,0.103
2026-04-18T04:30:00Z,0.103
2026-04-18T05:00:00Z,0.102
2026-04-18T05:30:00Z,0.104
2026-04-18T06:00:00Z,0.106
2026-04-18T06:30:00Z,0.106
2026-04-18T07:00:00Z,0.122
2026-04-18T07:30:00Z,0.126
2026-04-18T08:00:00Z,0.148
2026-04-18T08:30:00Z,0.174
2026-04-18T09:00:00Z,0.156
2026-04-18T09:30:00Z,0.137
2026-04-18T10:00:00Z,0.123
2026-04-18T10:30:00Z,0.129
2026-04-18T11:00:00Z,0.132
2026-04-18T11:30:00Z,0.176
2026-04-18T12:00:00Z,0.165
2026-04-18T12:30:00Z,0.164
2026-04-18T13:00:00Z,0.181
2026-04-18T13:30:00Z,0.169
2026-04-18T14:00:00Z,0.16
2026-04-18T14:30:00Z,0.123
2026-04-18T15:00:00Z,0.121
2026-04-18T15:30:00Z,0.136
2026-04-18T16:00:00Z,0.146
2026-04-18T16:30:00Z,0.154
2026-04-18T17:00:00Z,0.173
2026-04-18T17:30:00Z,0.172
2026-04-18T18:00:00Z,0.153
2026-04-18T18:30:00Z,0.395
2026-04-18T19:00:00Z,0.226
2026-04-18T19:30:00Z,0.222
2026-04-18T20:00:00Z,0.224
2026-04-18T20:30:00Z,0.181
2026-04-18T21:00:00Z,0.162
2026-04-18T21:30:00Z,0.171
2026-04-18T22:00:00Z,0.156
2026-04-18T22:30:00Z,0.158
2026-04-18T23:00:00Z,0.161
2026-04-18T23:30:00Z,0.165
2026-04-19T00:00:00Z,0.161
2026-04-19T00:30:00Z,0.379
2026-04-19T01:00:00Z,0.488
2026-04-19T01:30:00Z,0.402
2026-04-19T02:00:00Z,0.362
2026-04-19T02:30:00Z,0.444
2026-04-19T03:00:00Z,0.166
2026-04-19T03:30:00Z,0.114
2026-04-19T04:00:00Z,0.121
2026-04-19T04:30:00Z,0.098
2026-04-19T05:00:00Z,0.105
2026-04-19T05:30:00Z,0.107
2026-04-19T06:00:00Z,0.102
2026-04-19T06:30:00Z,0.103
2026-04-19T07:00:00Z,0.103
2026-04-19T07:30:00Z,0.103
2026-04-19T08:00:00Z,0.113
2026-04-19T08:30:00Z,0.135
2026-04-19T09:00:00Z,0.151
2026-04-19T09:30:00Z,0.128
2026-04-19T10:00:00Z,0.101
2026-04-19T10:30:00Z,0.304
2026-04-19T11:00:00Z,0.278
2026-04-19T11:30:00Z,0.165
2026-04-19T12:00:00Z,0.266
2026-04-19T12:30:00Z,0.181
2026-04-19T13:00:00Z,0.143
2026-04-19T13:30:00Z,0.148
2026-04-19T14:00:00Z,0.147
2026-04-19T14:30:00Z,0.267
2026-04-19T15:00:00Z,0.435
2026-04-19T15:30:00Z,0.294
2026-04-19T16:00:00Z,0.187
2026-04-19T16:30:00Z,0.173
2026-04-19T17:00:00Z,0.163
2026-04-19T17:30:00Z,0.152
2026-04-19T18:00:00Z,0.173
2026-04-19T18:30:00Z,0.179
2026-04-19T19:00:00Z,0.122
2026-04-19T19:30:00Z,0.149
2026-04-19T20:00:00Z,0.156
2026-04-19T20:30:00Z,0.155
2026-04-19T21:00:00Z,0.155
2026-04-19T21:30:00Z,0.16
2026-04-19T22:00:00Z,0.173
2026-04-19T22:30:00Z,0.179
2026-04-19T23:00:00Z,0.123
2026-04-19T23:30:00Z,0.123
2026-04-20T00:00:00Z,0.138
2026-04-20T00:30:00Z,0.145
2026-04-20T01:00:00Z,0.147
2026-04-20T01:30:00Z,0.126
2026-04-20T02:00:00Z,0.135
2026-04-20T02:30:00Z,0.137
2026-04-20T03:00:00Z,0.137
2026-04-20T03:30:00Z,0.134
2026-04-20T04:00:00Z,0.126
2026-04-20T04:30:00Z,0.135
2026-04-20T05:00:00Z,0.135
2026-04-20T05:30:00Z,0.135
2026-04-20T06:00:00Z,0.127
2026-04-20T06:30:00Z,0.135
2026-04-20T07:00:00Z,0.137
2026-04-20T07:30:00Z,0.194
2026-04-20T08:00:00Z,0.184
2026-04-20T08:30:00Z,0.215
2026-04-20T09:00:00Z,0.271
2026-04-20T09:30:00Z,0.21
2026-04-20T10:00:00Z,0.248
2026-04-20T10:30:00Z,0.45
2026-04-20T11:00:00Z,0.443
2026-04-20T11:30:00Z,0.175
2026-04-20T12:00:00Z,0.189
2026-04-20T12:30:00Z,0.219
2026-04-20T13:00:00Z,0.219
2026-04-20T13:30:00Z,0.21
2026-04-20T14:00:00Z,0.199
2026-04-20T14:30:00Z,0.207
2026-04-20T15:00:00Z,0.223
2026-04-20T15:30:00Z,0.201
2026-04-20T16:00:00Z,0.464
2026-04-20T16:30:00Z,0.199
2026-04-20T17:00:00Z,0.169
2026-04-20T17:30:00Z,0.377
2026-04-20T18:00:00Z,1.199
2026-04-20T18:30:00Z,0.199
2026-04-20T19:00:00Z,0.17
2026-04-20T19:30:00Z,0.201
2026-04-20T20:00:00Z,0.253
2026-04-20T20:30:00Z,0.226
2026-04-20T21:00:00Z,0.193
2026-04-20T21:30:00Z,0.46
2026-04-20T22:00:00Z,0.19
2026-04-20T22:30:00Z,0.184
2026-04-20T23:00:00Z,0.143
2026-04-20T23:30:00Z,0.153
2026-04-21T00:00:00Z,0.338
2026-04-21T00:30:00Z,0.461
2026-04-21T01:00:00Z,0.415
2026-04-21T01:30:00Z,0.387
2026-04-21T02:00:00Z,0.432
2026-04-21T02:30:00Z,0.305
2026-04-21T03:00:00Z,0.099
2026-04-21T03:30:00Z,0.105
2026-04-21T04:00:00Z,0.111
2026-04-21T04:30:00Z,0.1
2026-04-21T05:00:00Z,0.105
2026-04-21T05:30:00Z,0.107
2026-04-21T06:00:00Z,0.095
2026-04-21T06:30:00Z,0.109
2026-04-21T07:00:00Z,0.114
2026-04-21T07:30:00Z,0.106
2026-04-21T08:00:00Z,0.587
2026-04-21T08:30:00Z,0.688
2026-04-21T09:00:00Z,0.332
2026-04-21T09:30:00Z,0.684
2026-04-21T10:00:00Z,0.254
2026-04-21T10:30:00Z,0.326
2026-04-21T11:00:00Z,0.571
2026-04-21T11:30:00Z,0.381
2026-04-21T12:00:00Z,0.206
2026-04-21T12:30:00Z,0.211
2026-04-21T13:00:00Z,0.203
2026-04-21T13:30:00Z,0.203
2026-04-21T14:00:00Z,0.189
2026-04-21T14:30:00Z,0.17
2026-04-21T15:00:00Z,0.246
2026-04-21T15:30:00Z,0.206
2026-04-21T16:00:00Z,0.191
2026-04-21T16:30:00Z,0.193
2026-04-21T17:00:00Z,0.33
2026-04-21T17:30:00Z,0.334
2026-04-21T18:00:00Z,0.33
2026-04-21T18:30:00Z,0.141
2026-04-21T19:00:00Z,0.097
2026-04-21T19:30:00Z,0.129
2026-04-21T20:00:00Z,0.235
2026-04-21T20:30:00Z,0.126
2026-04-21T21:00:00Z,0.122
2026-04-21T21:30:00Z,0.118
2026-04-21T22:00:00Z,0.103
2026-04-21T22:30:00Z,0.095
2026-04-21T23:00:00Z,0.848
2026-04-21T23:30:00Z,0.448
2026-04-22T00:00:00Z,0.438
2026-04-22T00:30:00Z,0.463
2026-04-22T01:00:00Z,0.865
2026-04-22T01:30:00Z,0.447
2026-04-22T02:00:00Z,0.153
2026-04-22T02:30:00Z,0.111
2026-04-22T03:00:00Z,0.104
2026-04-22T03:30:00Z,0.11
2026-04-22T04:00:00Z,0.11
2026-04-22T04:30:00Z,0.108
2026-04-22T05:00:00Z,0.097
2026-04-22T05:30:00Z,0.109
2026-04-22T06:00:00Z,0.116
2026-04-22T06:30:00Z,0.186
2026-04-22T07:00:00Z,0.17
2026-04-22T07:30:00Z,0.249
2026-04-22T08:00:00Z,0.157
2026-04-22T08:30:00Z,0.127
2026-04-22T09:00:00Z,0.185
2026-04-22T09:30:00Z,0.188
2026-04-22T10:00:00Z,0.181
2026-04-22T10:30:00Z,0.164
2026-04-22T11:00:00Z,0.19
2026-04-22T11:30:00Z,0.35
2026-04-22T12:00:00Z,0.186
2026-04-22T12:30:00Z,0.176
2026-04-22T13:00:00Z,0.167
2026-04-22T13:30:00Z,0.145
2026-04-22T14:00:00Z,0.147
2026-04-22T14:30:00Z,0.154
2026-04-22T15:00:00Z,0.19
2026-04-22T15:30:00Z,0.558
2026-04-22T16:00:00Z,0.221
2026-04-22T16:30:00Z,0.207
2026-04-22T17:00:00Z,0.186
2026-04-22T17:30:00Z,0.163
2026-04-22T18:00:00Z,0.144
2026-04-22T18:30:00Z,0.157
2026-04-22T19:00:00Z,0.301
2026-04-22T19:30:00Z,0.17
2026-04-22T20:00:00Z,0.156
2026-04-22T20:30:00Z,0.154
2026-04-22T21:00:00Z,0.158
2026-04-22T21:30:00Z,0.145
2026-04-22T22:00:00Z,0.419
2026-04-22T22:30:00Z,0.476
2026-04-22T23:00:00Z,0.155
2026-04-22T23:30:00Z,0.123
2026-04-23T00:00:00Z,0.116
2026-04-23T00:30:00Z,0.111
2026-04-23T01:00:00Z,0.125
2026-04-23T01:30:00Z,0.117
2026-04-23T02:00:00Z,0.112
2026-04-23T02:30:00Z,0.115
2026-04-23T03:00:00Z,0.113
2026-04-23T03:30:00Z,0.115
2026-04-23T04:00:00Z,0.109
2026-04-23T04:30:00Z,0.106
2026-04-23T05:00:00Z,0.097
2026-04-23T05:30:00Z,0.102
2026-04-23T06:00:00Z,0.108
2026-04-23T06:30:00Z,0.111
2026-04-23T07:00:00Z,0.123
2026-04-23T07:30:00Z,0.562
2026-04-23T08:00:00Z,0.297
2026-04-23T08:30:00Z,0.274
2026-04-23T09:00:00Z,0.273
2026-04-23T09:30:00Z,0.984
2026-04-23T10:00:00Z,0.334
2026-04-23T10:30:00Z,0.322
2026-04-23T11:00:00Z,0.259
2026-04-23T11:30:00Z,0.166
2026-04-23T12:00:00Z,0.147
2026-04-23T12:30:00Z,0.145
2026-04-23T13:00:00Z,0.161
2026-04-23T13:30:00Z,0.148
2026-04-23T14:00:00Z,0.117
2026-04-23T14:30:00Z,0.163
2026-04-23T15:00:00Z,0.223
2026-04-23T15:30:00Z,0.216
2026-04-23T16:00:00Z,0.191
2026-04-23T16:30:00Z,0.175
2026-04-23T17:00:00Z,0.181
2026-04-23T17:30:00Z,0.178
2026-04-23T18:00:00Z,0.182
2026-04-23T18:30:00Z,0.295
2026-04-23T19:00:00Z,0.247
2026-04-23T19:30:00Z,0.177
2026-04-23T20:00:00Z,0.178
2026-04-23T20:30:00Z,0.171
2026-04-23T21:00:00Z,0.172
2026-04-23T21:30:00Z,0.161
2026-04-23T22:00:00Z,0.16
2026-04-23T22:30:00Z,0.164
2026-04-23T23:00:00Z,0.127
2026-04-23T23:30:00Z,0.117
2026-04-24T00:00:00Z,0.115
2026-04-24T00:30:00Z,0.117
2026-04-24T01:00:00Z,0.116
2026-04-24T01:30:00Z,0.118
2026-04-24T02:00:00Z,0.114
2026-04-24T02:30:00Z,0.118
2026-04-24T03:00:00Z,0.117
2026-04-24T03:30:00Z,0.115
2026-04-24T04:00:00Z,0.116
2026-04-24T04:30:00Z,0.117
2026-04-24T05:00:00Z,0.123
2026-04-24T05:30:00Z,0.116
2026-04-24T06:00:00Z,0.114
2026-04-24T06:30:00Z,0.113
2026-04-24T07:00:00Z,0.123
2026-04-24T07:30:00Z,0.62
2026-04-24T08:00:00Z,0.467
2026-04-24T08:30:00Z,0.323
2026-04-24T09:00:00Z,0.656
2026-04-24T09:30:00Z,0.174
2026-04-24T10:00:00Z,0.171
2026-04-24T10:30:00Z,0.282
2026-04-24T11:00:00Z,0.257
2026-04-24T11:30:00Z,0.183
2026-04-24T12:00:00Z,0.191
2026-04-24T12:30:00Z,0.225
2026-04-24T13:00:00Z,0.161
2026-04-24T13:30:00Z,0.118
2026-04-24T14:00:00Z,0.119
2026-04-24T14:30:00Z,0.173
2026-04-24T15:00:00Z,0.194
2026-04-24T15:30:00Z,0.189
2026-04-24T16:00:00Z,0.204
2026-04-24T16:30:00Z,0.135
2026-04-24T17:00:00Z,0.115
2026-04-24T17:30:00Z,0.102
2026-04-24T18:00:00Z,0.142
2026-04-24T18:30:00Z,0.255
2026-04-24T19:00:00Z,0.76
2026-04-24T19:30:00Z,0.265
2026-04-24T20:00:00Z,0.25
2026-04-24T20:30:00Z,0.217
2026-04-24T21:00:00Z,0.192
2026-04-24T21:30:00Z,0.19
2026-04-24T22:00:00Z,0.353
2026-04-24T22:30:00Z,0.484
2026-04-24T23:00:00Z,0.617
2026-04-24T23:30:00Z,0.777
2026-04-25T00:00:00Z,0.379
2026-04-25T00:30:00Z,0.116
2026-04-25T01:00:00Z,0.113
2026-04-25T01:30:00Z,0.111
2026-04-25T02:00:00Z,0.11
2026-04-25T02:30:00Z,0.108
2026-04-25T03:00:00Z,0.108
2026-04-25T03:30:00Z,0.11
2026-04-25T04:00:00Z,0.117
2026-04-25T04:30:00Z,0.111
2026-04-25T05:00:00Z,0.111
2026-04-25T05:30:00Z,0.109
2026-04-25T06:00:00Z,0.109
2026-04-25T06:30:00Z,0.108
2026-04-25T07:00:00Z,0.108
2026-04-25T07:30:00Z,0.11
2026-04-25T08:00:00Z,0.114
2026-04-25T08:30:00Z,0.129
2026-04-25T09:00:00Z,0.162
2026-04-25T09:30:00Z,0.176
2026-04-25T10:00:00Z,0.872
2026-04-25T10:30:00Z,0.619
2026-04-25T11:00:00Z,0.246
2026-04-25T11:30:00Z,0.223
2026-04-25T12:00:00Z,0.243
2026-04-25T12:30:00Z,0.191
2026-04-25T13:00:00Z,0.179
2026-04-25T13:30:00Z,0.159
2026-04-25T14:00:00Z,0.148
2026-04-25T14:30:00Z,0.155
2026-04-25T15:00:00Z,0.155
2026-04-25T15:30:00Z,0.207
2026-04-25T16:00:00Z,0.149
2026-04-25T16:30:00Z,0.155
2026-04-25T17:00:00Z,0.25
2026-04-25T17:30:00Z,0.195
2026-04-25T18:00:00Z,0.194
2026-04-25T18:30:00Z,0.209
2026-04-25T19:00:00Z,0.889
2026-04-25T19:30:00Z,0.519
2026-04-25T20:00:00Z,0.298
2026-04-25T20:30:00Z,0.286
2026-04-25T21:00:00Z,0.209
2026-04-25T21:30:00Z,0.217
2026-04-25T22:00:00Z,0.189
2026-04-25T22:30:00Z,0.176
2026-04-25T23:00:00Z,0.11
2026-04-25T23:30:00Z,0.139
2026-04-26T00:00:00Z,0.129
2026-04-26T00:30:00Z,0.115
2026-04-26T01:00:00Z,0.11
2026-04-26T01:30:00Z,0.109
2026-04-26T02:00:00Z,0.108
2026-04-26T02:30:00Z,0.106
2026-04-26T03:00:00Z,0.092
2026-04-26T03:30:00Z,0.093
2026-04-26T04:00:00Z,0.109
2026-04-26T04:30:00Z,0.114
2026-04-26T05:00:00Z,0.115
2026-04-26T05:30:00Z,0.111
2026-04-26T06:00:00Z,0.13
2026-04-26T06:30:00Z,0.134
2026-04-26T07:00:00Z,0.592
2026-04-26T07:30:00Z,0.435
2026-04-26T08:00:00Z,0.192
2026-04-26T08:30:00Z,0.58
2026-04-26T09:00:00Z,0.155
2026-04-26T09:30:00Z,0.151
2026-04-26T10:00:00Z,0.166
2026-04-26T10:30:00Z,0.207
2026-04-26T11:00:00Z,0.181
2026-04-26T11:30:00Z,0.145
2026-04-26T12:00:00Z,0.16
2026-04-26T12:30:00Z,0.114
2026-04-26T13:00:00Z,0.104
2026-04-26T13:30:00Z,0.107
2026-04-26T14:00:00Z,0.107
2026-04-26T14:30:00Z,0.106
2026-04-26T15:00:00Z,0.107
2026-04-26T15:30:00Z,0.104
2026-04-26T16:00:00Z,0.103
2026-04-26T16:30:00Z,0.104
2026-04-26T17:00:00Z,0.114
2026-04-26T17:30:00Z,0.106
2026-04-26T18:00:00Z,0.097
2026-04-26T18:30:00Z,0.103
2026-04-26T19:00:00Z,0.114
2026-04-26T19:30:00Z,0.139
2026-04-26T20:00:00Z,0.132
2026-04-26T20:30:00Z,0.148
2026-04-26T21:00:00Z,0.578
2026-04-26T21:30:00Z,0.225
2026-04-26T22:00:00Z,0.161
2026-04-26T22:30:00Z,0.145
2026-04-26T23:00:00Z,0.596
2026-04-26T23:30:00Z,0.102
2026-04-27T00:00:00Z,0.505
2026-04-27T00:30:00Z,0.073
2026-04-27T01:00:00Z,0.064
2026-04-27T01:30:00Z,0.065
2026-04-27T02:00:00Z,0.068
2026-04-27T02:30:00Z,0.065
2026-04-27T03:00:00Z,0.064
2026-04-27T03:30:00Z,0.078
2026-04-27T04:00:00Z,0.066
2026-04-27T04:30:00Z,0.06
2026-04-27T05:00:00Z,0.084
2026-04-27T05:30:00Z,0.099
2026-04-27T06:00:00Z,0.095
2026-04-27T06:30:00Z,0.104
2026-04-27T07:00:00Z,0.122
2026-04-27T07:30:00Z,0.222
2026-04-27T08:00:00Z,0.155
2026-04-27T08:30:00Z,0.129
2026-04-27T09:00:00Z,0.548
2026-04-27T09:30:00Z,0.215
2026-04-27T10:00:00Z,0.156
2026-04-27T10:30:00Z,0.086
2026-04-27T11:00:00Z,0.524
2026-04-27T11:30:00Z,0.554
2026-04-27T12:00:00Z,0.516
2026-04-27T12:30:00Z,0.776
2026-04-27T13:00:00Z,0.256
2026-04-27T13:30:00Z,0.069
2026-04-27T14:00:00Z,0.062
2026-04-27T14:30:00Z,0.063
2026-04-27T15:00:00Z,0.1
2026-04-27T15:30:00Z,0.148
2026-04-27T16:00:00Z,0.122
2026-04-27T16:30:00Z,0.128
2026-04-27T17:00:00Z,0.095
2026-04-27T17:30:00Z,0.078
2026-04-27T18:00:00Z,0.073
2026-04-27T18:30:00Z,0.055
2026-04-27T19:00:00Z,0.096
2026-04-27T19:30:00Z,0.125
2026-04-27T20:00:00Z,0.172
2026-04-27T20:30:00Z,0.176
2026-04-27T21:00:00Z,0.158
2026-04-27T21:30:00Z,0.117
2026-04-27T22:00:00Z,0.122
2026-04-27T22:30:00Z,0.122
2026-04-27T23:00:00Z,0.07
2026-04-27T23:30:00Z,0.078
2026-04-28T00:00:00Z,0.078
2026-04-28T00:30:00Z,0.091
2026-04-28T01:00:00Z,0.088
2026-04-28T01:30:00Z,0.095
2026-04-28T02:00:00Z,0.076
2026-04-28T02:30:00Z,0.552
2026-04-28T03:00:00Z,0.371
2026-04-28T03:30:00Z,0.08
2026-04-28T04:00:00Z,0.521
2026-04-28T04:30:00Z,0.062
2026-04-28T05:00:00Z,0.061
2026-04-28T05:30:00Z,0.056
2026-04-28T06:00:00Z,0.08
2026-04-28T06:30:00Z,0.087
2026-04-28T07:00:00Z,0.166
2026-04-28T07:30:00Z,0.181
2026-04-28T08:00:00Z,0.18
2026-04-28T08:30:00Z,0.139
2026-04-28T09:00:00Z,0.159
2026-04-28T09:30:00Z,0.132
2026-04-28T10:00:00Z,0.129
2026-04-28T10:30:00Z,0.438
2026-04-28T11:00:00Z,0.311
2026-04-28T11:30:00Z,0.392
2026-04-28T12:00:00Z,0.362
2026-04-28T12:30:00Z,0.214
2026-04-28T13:00:00Z,0.162
2026-04-28T13:30:00Z,0.283
2026-04-28T14:00:00Z,0.428
2026-04-28T14:30:00Z,0.499
2026-04-28T15:00:00Z,0.5
2026-04-28T15:30:00Z,0.415
2026-04-28T16:00:00Z,0.437
2026-04-28T16:30:00Z,0.499
2026-04-28T17:00:00Z,0.143
2026-04-28T17:30:00Z,0.35
2026-04-28T18:00:00Z,0.193
2026-04-28T18:30:00Z,0.082
2026-04-28T19:00:00Z,0.17
2026-04-28T19:30:00Z,0.276
2026-04-28T20:00:00Z,0.182
2026-04-28T20:30:00Z,0.112
2026-04-28T21:00:00Z,0.125
2026-04-28T21:30:00Z,0.135
2026-04-28T22:00:00Z,0.102
2026-04-28T22:30:00Z,0.318
2026-04-28T23:00:00Z,0.121
2026-04-28T23:30:00Z,0.119
2026-04-29T00:00:00Z,0.117
2026-04-29T00:30:00Z,0.112
2026-04-29T01:00:00Z,0.124
2026-04-29T01:30:00Z,0.124
2026-04-29T02:00:00Z,0.119
2026-04-29T02:30:00Z,0.12
2026-04-29T03:00:00Z,0.153
2026-04-29T03:30:00Z,0.155
2026-04-29T04:00:00Z,0.136
2026-04-29T04:30:00Z,0.109
2026-04-29T05:00:00Z,0.121
2026-04-29T05:30:00Z,0.12
2026-04-29T06:00:00Z,0.121
2026-04-29T06:30:00Z,0.133
2026-04-29T07:00:00Z,0.211
2026-04-29T07:30:00Z,0.479
2026-04-29T08:00:00Z,0.184
2026-04-29T08:30:00Z,0.176
2026-04-29T09:00:00Z,0.145
2026-04-29T09:30:00Z,0.174
2026-04-29T10:00:00Z,0.403
2026-04-29T10:30:00Z,0.421
2026-04-29T11:00:00Z,0.45
2026-04-29T11:30:00Z,0.541
2026-04-29T12:00:00Z,0.349
2026-04-29T12:30:00Z,0.294
2026-04-29T13:00:00Z,0.221
2026-04-29T13:30:00Z,0.685
2026-04-29T14:00:00Z,0.178
2026-04-29T14:30:00Z,0.172
2026-04-29T15:00:00Z,0.215
2026-04-29T15:30:00Z,0.224
2026-04-29T16:00:00Z,0.266
2026-04-29T16:30:00Z,0.32
2026-04-29T17:00:00Z,0.19
2026-04-29T17:30:00Z,0.207
2026-04-29T18:00:00Z,0.176
2026-04-29T18:30:00Z,0.149
2026-04-29T19:00:00Z,0.155
2026-04-29T19:30:00Z,0.174
2026-04-29T20:00:00Z,0.148
2026-04-29T20:30:00Z,0.19
2026-04-29T21:00:00Z,0.208
2026-04-29T21:30:00Z,0.184
2026-04-29T22:00:00Z,0.195
2026-04-29T22:30:00Z,0.131
2026-04-29T23:00:00Z,0.386
2026-04-29T23:30:00Z,0.417
2026-04-30T00:00:00Z,0.261
2026-04-30T00:30:00Z,0.139
2026-04-30T01:00:00Z,0.434
2026-04-30T01:30:00Z,0.13
2026-04-30T02:00:00Z,0.13
2026-04-30T02:30:00Z,0.128
2026-04-30T03:00:00Z,0.53
2026-04-30T03:30:00Z,0.107
2026-04-30T04:00:00Z,0.108
2026-04-30T04:30:00Z,0.108
2026-04-30T05:00:00Z,0.109
2026-04-30T05:30:00Z,0.109
2026-04-30T06:00:00Z,0.119
2026-04-30T06:30:00Z,0.144
2026-04-30T07:00:00Z,0.224
2026-04-30T07:30:00Z,0.271
2026-04-30T08:00:00Z,0.19
2026-04-30T08:30:00Z,0.18
2026-04-30T09:00:00Z,0.172
2026-04-30T09:30:00Z,0.141
2026-04-30T10:00:00Z,0.178
2026-04-30T10:30:00Z,0.186
2026-04-30T11:00:00Z,0.388
2026-04-30T11:30:00Z,0.347
2026-04-30T12:00:00Z,0.148
2026-04-30T12:30:00Z,0.13
2026-04-30T13:00:00Z,0.138
2026-04-30T13:30:00Z,0.121
2026-04-30T14:00:00Z,0.109
2026-04-30T14:30:00Z,0.526
2026-04-30T15:00:00Z,0.228
2026-04-30T15:30:00Z,0.174
2026-04-30T16:00:00Z,0.121
2026-04-30T16:30:00Z,0.113
2026-04-30T17:00:00Z,0.112
2026-04-30T17:30:00Z,0.118
2026-04-30T18:00:00Z,0.143
2026-04-30T18:30:00Z,0.144
2026-04-30T19:00:00Z,0.131
2026-04-30T19:30:00Z,0.116
2026-04-30T20:00:00Z,0.113
2026-04-30T20:30:00Z,0.109
2026-04-30T21:00:00Z,0.108
2026-04-30T21:30:00Z,0.146
2026-04-30T22:00:00Z,0.131
2026-04-30T22:30:00Z,0.137
2026-04-30T23:00:00Z,0.114
2026-04-30T23:30:00Z,0.114
2026-05-01T00:00:00Z,0.098
2026-05-01T00:30:00Z,0.102
2026-05-01T01:00:00Z,0.111
2026-05-01T01:30:00Z,0.141
2026-05-01T02:00:00Z,0.137
2026-05-01T02:30:00Z,0.123
2026-05-01T03:00:00Z,0.102
2026-05-01T03:30:00Z,0.097
2026-05-01T04:00:00Z,0.104
2026-05-01T04:30:00Z,0.106
2026-05-01T05:00:00Z,0.105
2026-05-01T05:30:00Z,0.098
2026-05-01T06:00:00Z,0.273
2026-05-01T06:30:00Z,0.147
2026-05-01T07:00:00Z,0.186
2026-05-01T07:30:00Z,0.163
2026-05-01T08:00:00Z,0.238
2026-05-01T08:30:00Z,0.177
2026-05-01T09:00:00Z,0.148
2026-05-01T09:30:00Z,0.146
2026-05-01T10:00:00Z,0.138
2026-05-01T10:30:00Z,0.141
2026-05-01T11:00:00Z,0.197
2026-05-01T11:30:00Z,0.148
2026-05-01T12:00:00Z,0.141
2026-05-01T12:30:00Z,0.147
2026-05-01T13:00:00Z,0.158
2026-05-01T13:30:00Z,0.132
2026-05-01T14:00:00Z,0.109
2026-05-01T14:30:00Z,0.109
2026-05-01T15:00:00Z,0.578
2026-05-01T15:30:00Z,0.328
2026-05-01T16:00:00Z,0.182
2026-05-01T16:30:00Z,0.345
2026-05-01T17:00:00Z,0.234
2026-05-01T17:30:00Z,0.181
2026-05-01T18:00:00Z,0.168
2026-05-01T18:30:00Z,0.145
2026-05-01T19:00:00Z,0.168
2026-05-01T19:30:00Z,0.562
2026-05-01T20:00:00Z,0.404
2026-05-01T20:30:00Z,0.152
2026-05-01T21:00:00Z,0.574
2026-05-01T21:30:00Z,0.133
2026-05-01T22:00:00Z,0.132
2026-05-01T22:30:00Z,0.135
2026-05-01T23:00:00Z,0.061
2026-05-01T23:30:00Z,0.069
2026-05-02T00:00:00Z,0.064
2026-05-02T00:30:00Z,0.058
2026-05-02T01:00:00Z,0.061
2026-05-02T01:30:00Z,0.062
2026-05-02T02:00:00Z,0.065
2026-05-02T02:30:00Z,0.062
2026-05-02T03:00:00Z,0.069
2026-05-02T03:30:00Z,0.097
2026-05-02T04:00:00Z,0.099
2026-05-02T04:30:00Z,0.083
2026-05-02T05:00:00Z,0.063
2026-05-02T05:30:00Z,0.061
2026-05-02T06:00:00Z,0.065
2026-05-02T06:30:00Z,0.085
2026-05-02T07:00:00Z,0.642
2026-05-02T07:30:00Z,0.728
2026-05-02T08:00:00Z,0.217
2026-05-02T08:30:00Z,0.155
2026-05-02T09:00:00Z,0.177
2026-05-02T09:30:00Z,0.174
2026-05-02T10:00:00Z,0.417
2026-05-02T10:30:00Z,0.5
2026-05-02T11:00:00Z,0.334
2026-05-02T11:30:00Z,0.375
2026-05-02T12:00:00Z,0.357
2026-05-02T12:30:00Z,0.058
2026-05-02T13:00:00Z,0.052
2026-05-02T13:30:00Z,0.068
2026-05-02T14:00:00Z,0.074
2026-05-02T14:30:00Z,0.063
2026-05-02T15:00:00Z,0.065
2026-05-02T15:30:00Z,0.118
2026-05-02T16:00:00Z,0.105
2026-05-02T16:30:00Z,0.113
2026-05-02T17:00:00Z,0.333
2026-05-02T17:30:00Z,0.333
2026-05-02T18:00:00Z,0.153
2026-05-02T18:30:00Z,0.11
2026-05-02T19:00:00Z,0.122
2026-05-02T19:30:00Z,0.087
2026-05-02T20:00:00Z,0.062
2026-05-02T20:30:00Z,0.061
2026-05-02T21:00:00Z,0.065
2026-05-02T21:30:00Z,0.065
2026-05-02T22:00:00Z,0.068
2026-05-02T22:30:00Z,0.062
2026-05-02T23:00:00Z,0.061
2026-05-02T23:30:00Z,0.061
2026-05-03T00:00:00Z,0.061
2026-05-03T00:30:00Z,0.064
2026-05-03T01:00:00Z,0.064
2026-05-03T01:30:00Z,0.065
2026-05-03T02:00:00Z,0.061
2026-05-03T02:30:00Z,0.077
2026-05-03T03:00:00Z,0.094
2026-05-03T03:30:00Z,0.094
2026-05-03T04:00:00Z,0.068
2026-05-03T04:30:00Z,0.065
2026-05-03T05:00:00Z,0.064
2026-05-03T05:30:00Z,0.062
2026-05-03T06:00:00Z,0.061
2026-05-03T06:30:00Z,0.069
2026-05-03T07:00:00Z,0.103
2026-05-03T07:30:00Z,0.105
2026-05-03T08:00:00Z,0.688
2026-05-03T08:30:00Z,0.436
2026-05-03T09:00:00Z,0.088
2026-05-03T09:30:00Z,0.452
2026-05-03T10:00:00Z,0.062
2026-05-03T10:30:00Z,0.075
2026-05-03T11:00:00Z,0.087
2026-05-03T11:30:00Z,0.283
2026-05-03T12:00:00Z,1.281
2026-05-03T12:30:00Z,0.522
2026-05-03T13:00:00Z,0.198
2026-05-03T13:30:00Z,0.113
2026-05-03T14:00:00Z,0.111
2026-05-03T14:30:00Z,0.097
2026-05-03T15:00:00Z,0.064
2026-05-03T15:30:00Z,0.056
2026-05-03T16:00:00Z,0.062
2026-05-03T16:30:00Z,0.063
2026-05-03T17:00:00Z,0.062
2026-05-03T17:30:00Z,0.061
2026-05-03T18:00:00Z,0.115
2026-05-03T18:30:00Z,0.141
2026-05-03T19:00:00Z,0.14
2026-05-03T19:30:00Z,0.374
2026-05-03T20:00:00Z,0.354
2026-05-03T20:30:00Z,0.073
2026-05-03T21:00:00Z,0.066
2026-05-03T21:30:00Z,0.093
2026-05-03T22:00:00Z,0.105
2026-05-03T22:30:00Z,0.078
2026-05-03T23:00:00Z,0.188
2026-05-03T23:30:00Z,0.171
2026-05-04T00:00:00Z,0.183
2026-05-04T00:30:00Z,0.153
2026-05-04T01:00:00Z,0.133
2026-05-04T01:30:00Z,0.115
2026-05-04T02:00:00Z,0.12
2026-05-04T02:30:00Z,0.119
2026-05-04T03:00:00Z,0.411
2026-05-04T03:30:00Z,0.142
2026-05-04T04:00:00Z,0.142
2026-05-04T04:30:00Z,0.145
2026-05-04T05:00:00Z,0.626
2026-05-04T05:30:00Z,0.126
2026-05-04T06:00:00Z,0.126
2026-05-04T06:30:00Z,0.141
2026-05-04T07:00:00Z,0.201
2026-05-04T07:30:00Z,0.29
2026-05-04T08:00:00Z,0.259
2026-05-04T08:30:00Z,0.145
2026-05-04T09:00:00Z,0.197
2026-05-04T09:30:00Z,0.174
2026-05-04T10:00:00Z,0.201
2026-05-04T10:30:00Z,0.488
2026-05-04T11:00:00Z,0.375
2026-05-04T11:30:00Z,0.24
2026-05-04T12:00:00Z,0.216
2026-05-04T12:30:00Z,0.182
2026-05-04T13:00:00Z,0.169
2026-05-04T13:30:00Z,0.155
2026-05-04T14:00:00Z,0.134
2026-05-04T14:30:00Z,0.11
2026-05-04T15:00:00Z,0.108
2026-05-04T15:30:00Z,0.11
2026-05-04T16:00:00Z,0.123
2026-05-04T16:30:00Z,0.147
2026-05-04T17:00:00Z,0.14
2026-05-04T17:30:00Z,0.134
2026-05-04T18:00:00Z,0.151
2026-05-04T18:30:00Z,0.183
2026-05-04T19:00:00Z,0.188
2026-05-04T19:30:00Z,0.176
2026-05-04T20:00:00Z,0.167
2026-05-04T20:30:00Z,0.184
2026-05-04T21:00:00Z,0.197
2026-05-04T21:30:00Z,0.193
2026-05-04T22:00:00Z,0.194
2026-05-04T22:30:00Z,0.192
2026-05-04T23:00:00Z,0.062
2026-05-04T23:30:00Z,0.063
2026-05-05T00:00:00Z,0.078
2026-05-05T00:30:00Z,0.07
2026-05-05T01:00:00Z,0.064
2026-05-05T01:30:00Z,0.064
2026-05-05T02:00:00Z,0.062
2026-05-05T02:30:00Z,0.061
2026-05-05T03:00:00Z,0.079
2026-05-05T03:30:00Z,0.067
2026-05-05T04:00:00Z,0.051
2026-05-05T04:30:00Z,0.051
2026-05-05T05:00:00Z,0.05
2026-05-05T05:30:00Z,0.051
2026-05-05T06:00:00Z,0.251
2026-05-05T06:30:00Z,0.301
2026-05-05T07:00:00Z,0.315
2026-05-05T07:30:00Z,0.272
2026-05-05T08:00:00Z,0.332
2026-05-05T08:30:00Z,0.349
2026-05-05T09:00:00Z,0.285
2026-05-05T09:30:00Z,0.256
2026-05-05T10:00:00Z,0.333
2026-05-05T10:30:00Z,0.349
2026-05-05T11:00:00Z,0.346
2026-05-05T11:30:00Z,0.336
2026-05-05T12:00:00Z,0.293
2026-05-05T12:30:00Z,0.246
2026-05-05T13:00:00Z,0.233
2026-05-05T13:30:00Z,0.245
2026-05-05T14:00:00Z,0.252
2026-05-05T14:30:00Z,0.252
2026-05-05T15:00:00Z,0.3
2026-05-05T15:30:00Z,0.268
2026-05-05T16:00:00Z,0.285
2026-05-05T16:30:00Z,0.45
2026-05-05T17:00:00Z,0.378
2026-05-05T17:30:00Z,0.56
2026-05-05T18:00:00Z,0.474
2026-05-05T18:30:00Z,0.585
2026-05-05T19:00:00Z,0.257
2026-05-05T19:30:00Z,0.217
2026-05-05T20:00:00Z,0.216
2026-05-05T20:30:00Z,0.242
2026-05-05T21:00:00Z,0.226
2026-05-05T21:30:00Z,0.212
2026-05-05T22:00:00Z,0.236
2026-05-05T22:30:00Z,0.242
2026-05-05T23:00:00Z,0.441
2026-05-05T23:30:00Z,0.337
2026-05-06T00:00:00Z,0.353
2026-05-06T00:30:00Z,0.307
2026-05-06T01:00:00Z,0.33
2026-05-06T01:30:00Z,0.299
2026-05-06T02:00:00Z,0.31
2026-05-06T02:30:00Z,0.315
2026-05-06T03:00:00Z,0.072
2026-05-06T03:30:00Z,0.072
2026-05-06T04:00:00Z,0.069
2026-05-06T04:30:00Z,0.073
2026-05-06T05:00:00Z,0.068
2026-05-06T05:30:00Z,0.067
2026-05-06T06:00:00Z,0.066
2026-05-06T06:30:00Z,0.067
2026-05-06T07:00:00Z,0.07
2026-05-06T07:30:00Z,0.086
2026-05-06T08:00:00Z,0.09
2026-05-06T08:30:00Z,0.098
2026-05-06T09:00:00Z,0.178
2026-05-06T09:30:00Z,0.407
2026-05-06T10:00:00Z,0.55
2026-05-06T10:30:00Z,0.391
2026-05-06T11:00:00Z,0.567
2026-05-06T11:30:00Z,0.147
2026-05-06T12:00:00Z,0.107
2026-05-06T12:30:00Z,0.068
2026-05-06T13:00:00Z,0.067
2026-05-06T13:30:00Z,0.067
2026-05-06T14:00:00Z,0.071
2026-05-06T14:30:00Z,0.071
2026-05-06T15:00:00Z,0.073
2026-05-06T15:30:00Z,0.067
2026-05-06T16:00:00Z,0.067
2026-05-06T16:30:00Z,0.076
2026-05-06T17:00:00Z,0.118
2026-05-06T17:30:00Z,0.148
2026-05-06T18:00:00Z,0.157
2026-05-06T18:30:00Z,0.128
2026-05-06T19:00:00Z,0.123
2026-05-06T19:30:00Z,0.094
2026-05-06T20:00:00Z,0.099
2026-05-06T20:30:00Z,0.179
2026-05-06T21:00:00Z,0.114
2026-05-06T21:30:00Z,0.152
2026-05-06T22:00:00Z,0.181
2026-05-06T22:30:00Z,0.169
2026-05-06T23:00:00Z,0.177
2026-05-06T23:30:00Z,0.193
2026-05-07T00:00:00Z,0.184
2026-05-07T00:30:00Z,0.162
2026-05-07T01:00:00Z,0.146
2026-05-07T01:30:00Z,0.147
2026-05-07T02:00:00Z,0.147
2026-05-07T02:30:00Z,0.148
2026-05-07T03:00:00Z,0.149
2026-05-07T03:30:00Z,0.144
2026-05-07T04:00:00Z,0.147
2026-05-07T04:30:00Z,0.154
2026-05-07T05:00:00Z,0.152
2026-05-07T05:30:00Z,0.158
2026-05-07T06:00:00Z,0.164
2026-05-07T06:30:00Z,0.16
2026-05-07T07:00:00Z,0.155
2026-05-07T07:30:00Z,0.16
2026-05-07T08:00:00Z,0.16
2026-05-07T08:30:00Z,0.161
2026-05-07T09:00:00Z,0.376
2026-05-07T09:30:00Z,0.291
2026-05-07T10:00:00Z,0.405
2026-05-07T10:30:00Z,0.446
2026-05-07T11:00:00Z,0.597
2026-05-07T11:30:00Z,0.213
2026-05-07T12:00:00Z,0.321
2026-05-07T12:30:00Z,0.2
2026-05-07T13:00:00Z,0.361
2026-05-07T13:30:00Z,0.746
2026-05-07T14:00:00Z,0.581
2026-05-07T14:30:00Z,0.961
2026-05-07T15:00:00Z,0.477
2026-05-07T15:30:00Z,0.47
2026-05-07T16:00:00Z,0.476
2026-05-07T16:30:00Z,0.469
2026-05-07T17:00:00Z,0.458
2026-05-07T17:30:00Z,0.364
2026-05-07T18:00:00Z,0.146
2026-05-07T18:30:00Z,0.176
2026-05-07T19:00:00Z,0.184
2026-05-07T19:30:00Z,0.168
2026-05-07T20:00:00Z,0.182
2026-05-07T20:30:00Z,0.189
2026-05-07T21:00:00Z,0.171
2026-05-07T21:30:00Z,0.158
2026-05-07T22:00:00Z,0.151
2026-05-07T22:30:00Z,0.176
2026-05-07T23:00:00Z,0.682
2026-05-07T23:30:00Z,0.542
2026-05-08T00:00:00Z,0.528
2026-05-08T00:30:00Z,0.267
2026-05-08T01:00:00Z,0.567
2026-05-08T01:30:00Z,0.128
2026-05-08T02:00:00Z,0.118
2026-05-08T02:30:00Z,0.122
2026-05-08T03:00:00Z,0.125
2026-05-08T03:30:00Z,0.129
2026-05-08T04:00:00Z,0.132
2026-05-08T04:30:00Z,0.134
2026-05-08T05:00:00Z,0.139
2026-05-08T05:30:00Z,0.125
2026-05-08T06:00:00Z,0.142
2026-05-08T06:30:00Z,0.357
2026-05-08T07:00:00Z,0.248
2026-05-08T07:30:00Z,0.1
2026-05-08T08:00:00Z,0.109
2026-05-08T08:30:00Z,0.177
2026-05-08T09:00:00Z,0.092
2026-05-08T09:30:00Z,0.092
2026-05-08T10:00:00Z,0.089
2026-05-08T10:30:00Z,0.091
2026-05-08T11:00:00Z,0.189
2026-05-08T11:30:00Z,0.12
2026-05-08T12:00:00Z,0.117
2026-05-08T12:30:00Z,0.111
2026-05-08T13:00:00Z,0.103
2026-05-08T13:30:00Z,0.205
2026-05-08T14:00:00Z,0.126
2026-05-08T14:30:00Z,0.195
2026-05-08T15:00:00Z,0.18
2026-05-08T15:30:00Z,0.147
2026-05-08T16:00:00Z,0.09
2026-05-08T16:30:00Z,0.129
2026-05-08T17:00:00Z,0.131
2026-05-08T17:30:00Z,0.172
2026-05-08T18:00:00Z,0.172
2026-05-08T18:30:00Z,0.124
2026-05-08T19:00:00Z,0.071
2026-05-08T19:30:00Z,0.088
2026-05-08T20:00:00Z,0.147
2026-05-08T20:30:00Z,0.089
2026-05-08T21:00:00Z,0.061
2026-05-08T21:30:00Z,0.064
2026-05-08T22:00:00Z,0.064
2026-05-08T22:30:00Z,0.065
2026-05-08T23:00:00Z,0.223
2026-05-08T23:30:00Z,0.189
2026-05-09T00:00:00Z,0.187
2026-05-09T00:30:00Z,0.204
2026-05-09T01:00:00Z,0.208
2026-05-09T01:30:00Z,0.202
2026-05-09T02:00:00Z,0.189
2026-05-09T02:30:00Z,0.183
2026-05-09T03:00:00Z,0.18
2026-05-09T03:30:00Z,0.183
2026-05-09T04:00:00Z,0.18
2026-05-09T04:30:00Z,0.183
2026-05-09T05:00:00Z,0.182
2026-05-09T05:30:00Z,0.175
2026-05-09T06:00:00Z,0.14
2026-05-09T06:30:00Z,0.148
2026-05-09T07:00:00Z,0.148
2026-05-09T07:30:00Z,0.18
2026-05-09T08:00:00Z,0.24
2026-05-09T08:30:00Z,0.183
2026-05-09T09:00:00Z,0.221
2026-05-09T09:30:00Z,0.146
2026-05-09T10:00:00Z,0.187
2026-05-09T10:30:00Z,0.802
2026-05-09T11:00:00Z,0.358
2026-05-09T11:30:00Z,0.289
2026-05-09T12:00:00Z,0.206
2026-05-09T12:30:00Z,0.204
2026-05-09T13:00:00Z,0.422
2026-05-09T13:30:00Z,0.231
2026-05-09T14:00:00Z,0.225
2026-05-09T14:30:00Z,0.183
2026-05-09T15:00:00Z,0.156
2026-05-09T15:30:00Z,0.137
2026-05-09T16:00:00Z,0.182
2026-05-09T16:30:00Z,0.156
2026-05-09T17:00:00Z,0.411
2026-05-09T17:30:00Z,0.502
2026-05-09T18:00:00Z,0.658
2026-05-09T18:30:00Z,0.348
2026-05-09T19:00:00Z,0.197
2026-05-09T19:30:00Z,0.255
2026-05-09T20:00:00Z,0.258
2026-05-09T20:30:00Z,0.198
2026-05-09T21:00:00Z,0.172
2026-05-09T21:30:00Z,0.174
2026-05-09T22:00:00Z,0.158
2026-05-09T22:30:00Z,0.131
2026-05-09T23:00:00Z,0.207
2026-05-09T23:30:00Z,0.21
2026-05-10T00:00:00Z,0.159
2026-05-10T00:30:00Z,0.144
2026-05-10T01:00:00Z,0.142
2026-05-10T01:30:00Z,0.145
2026-05-10T02:00:00Z,0.139
2026-05-10T02:30:00Z,0.128
2026-05-10T03:00:00Z,0.12
2026-05-10T03:30:00Z,0.118
2026-05-10T04:00:00Z,0.118
2026-05-10T04:30:00Z,0.124
2026-05-10T05:00:00Z,0.127
2026-05-10T05:30:00Z,0.127
2026-05-10T06:00:00Z,0.331
2026-05-10T06:30:00Z,0.469
2026-05-10T07:00:00Z,0.414
2026-05-10T07:30:00Z,0.271
2026-05-10T08:00:00Z,0.579
2026-05-10T08:30:00Z,0.319
2026-05-10T09:00:00Z,0.182
2026-05-10T09:30:00Z,0.235
2026-05-10T10:00:00Z,0.189
2026-05-10T10:30:00Z,0.147
2026-05-10T11:00:00Z,0.139
2026-05-10T11:30:00Z,0.165
2026-05-10T12:00:00Z,0.175
2026-05-10T12:30:00Z,0.172
2026-05-10T13:00:00Z,0.171
2026-05-10T13:30:00Z,0.138
2026-05-10T14:00:00Z,0.116
2026-05-10T14:30:00Z,0.114
2026-05-10T15:00:00Z,0.115
2026-05-10T15:30:00Z,0.113
2026-05-10T16:00:00Z,0.121
2026-05-10T16:30:00Z,0.17
2026-05-10T17:00:00Z,0.251
2026-05-10T17:30:00Z,0.261
2026-05-10T18:00:00Z,0.309
2026-05-10T18:30:00Z,0.22
2026-05-10T19:00:00Z,0.278
2026-05-10T19:30:00Z,0.187
2026-05-10T20:00:00Z,0.196
2026-05-10T20:30:00Z,0.191
2026-05-10T21:00:00Z,0.195
2026-05-10T21:30:00Z,0.266
2026-05-10T22:00:00Z,0.188
2026-05-10T22:30:00Z,0.175
2026-05-10T23:00:00Z,0.375
2026-05-10T23:30:00Z,0.192
2026-05-11T00:00:00Z,0.07
2026-05-11T00:30:00Z,0.064
2026-05-11T01:00:00Z,0.06
2026-05-11T01:30:00Z,0.061
2026-05-11T02:00:00Z,0.065
2026-05-11T02:30:00Z,0.064
2026-05-11T03:00:00Z,0.064
2026-05-11T03:30:00Z,0.09
2026-05-11T04:00:00Z,0.093
2026-05-11T04:30:00Z,0.094
2026-05-11T05:00:00Z,0.063
2026-05-11T05:30:00Z,0.068
2026-05-11T06:00:00Z,0.222
2026-05-11T06:30:00Z,0.143
2026-05-11T07:00:00Z,0.096
2026-05-11T07:30:00Z,0.194
2026-05-11T08:00:00Z,0.08
2026-05-11T08:30:00Z,0.093
2026-05-11T09:00:00Z,0.087
2026-05-11T09:30:00Z,0.084
2026-05-11T10:00:00Z,0.089
2026-05-11T10:30:00Z,0.183
2026-05-11T11:00:00Z,0.142
2026-05-11T11:30:00Z,0.114
2026-05-11T12:00:00Z,0.098
2026-05-11T12:30:00Z,0.099
2026-05-11T13:00:00Z,0.089
2026-05-11T13:30:00Z,0.081
2026-05-11T14:00:00Z,0.069
2026-05-11T14:30:00Z,0.073
2026-05-11T15:00:00Z,0.116
2026-05-11T15:30:00Z,0.235
2026-05-11T16:00:00Z,0.15
2026-05-11T16:30:00Z,0.213
2026-05-11T17:00:00Z,0.275
2026-05-11T17:30:00Z,0.336
2026-05-11T18:00:00Z,0.125
2026-05-11T18:30:00Z,0.139
2026-05-11T19:00:00Z,0.116
2026-05-11T19:30:00Z,0.074
2026-05-11T20:00:00Z,0.114
2026-05-11T20:30:00Z,0.11
2026-05-11T21:00:00Z,0.112
2026-05-11T21:30:00Z,0.114
2026-05-11T22:00:00Z,0.129
2026-05-11T22:30:00Z,0.116
2026-05-11T23:00:00Z,0.112
2026-05-11T23:30:00Z,0.126
2026-05-12T00:00:00Z,0.145
2026-05-12T00:30:00Z,0.146
2026-05-12T01:00:00Z,0.127
2026-05-12T01:30:00Z,0.114
2026-05-12T02:00:00Z,0.112
2026-05-12T02:30:00Z,0.113
2026-05-12T03:00:00Z,0.108
2026-05-12T03:30:00Z,0.1
2026-05-12T04:00:00Z,0.104
2026-05-12T04:30:00Z,0.122
2026-05-12T05:00:00Z,0.121
2026-05-12T05:30:00Z,0.108
2026-05-12T06:00:00Z,0.116
2026-05-12T06:30:00Z,0.178
2026-05-12T07:00:00Z,0.161
2026-05-12T07:30:00Z,0.69
2026-05-12T08:00:00Z,0.462
2026-05-12T08:30:00Z,0.433
2026-05-12T09:00:00Z,0.414
2026-05-12T09:30:00Z,0.178
2026-05-12T10:00:00Z,0.173
2026-05-12T10:30:00Z,0.202
2026-05-12T11:00:00Z,0.434
2026-05-12T11:30:00Z,0.217
2026-05-12T12:00:00Z,0.223
2026-05-12T12:30:00Z,0.21
2026-05-12T13:00:00Z,0.187
2026-05-12T13:30:00Z,0.166
2026-05-12T14:00:00Z,0.175
2026-05-12T14:30:00Z,0.205
2026-05-12T15:00:00Z,0.192
2026-05-12T15:30:00Z,0.477
2026-05-12T16:00:00Z,0.22
2026-05-12T16:30:00Z,0.255
2026-05-12T17:00:00Z,0.523
2026-05-12T17:30:00Z,0.277
2026-05-12T18:00:00Z,0.238
2026-05-12T18:30:00Z,0.463
2026-05-12T19:00:00Z,0.208
2026-05-12T19:30:00Z,0.263
2026-05-12T20:00:00Z,0.243
2026-05-12T20:30:00Z,0.206
2026-05-12T21:00:00Z,0.185
2026-05-12T21:30:00Z,0.183
2026-05-12T22:00:00Z,0.186
2026-05-12T22:30:00Z,0.188
2026-05-12T23:00:00Z,0.206
2026-05-12T23:30:00Z,0.214
2026-05-13T00:00:00Z,0.232
2026-05-13T00:30:00Z,0.214
2026-05-13T01:00:00Z,0.224
2026-05-13T01:30:00Z,0.217
2026-05-13T02:00:00Z,0.239
2026-05-13T02:30:00Z,0.223
2026-05-13T03:00:00Z,0.216
2026-05-13T03:30:00Z,0.233
2026-05-13T04:00:00Z,0.205
2026-05-13T04:30:00Z,0.205
2026-05-13T05:00:00Z,0.233
2026-05-13T05:30:00Z,0.249
2026-05-13T06:00:00Z,0.173
2026-05-13T06:30:00Z,0.134
2026-05-13T07:00:00Z,0.081
2026-05-13T07:30:00Z,0.083
2026-05-13T08:00:00Z,0.382
2026-05-13T08:30:00Z,0.116
2026-05-13T09:00:00Z,0.128
2026-05-13T09:30:00Z,0.136
2026-05-13T10:00:00Z,0.181
2026-05-13T10:30:00Z,0.448
2026-05-13T11:00:00Z,0.142
2026-05-13T11:30:00Z,0.118
2026-05-13T12:00:00Z,0.098
2026-05-13T12:30:00Z,0.117
2026-05-13T13:00:00Z,0.069
2026-05-13T13:30:00Z,0.069
2026-05-13T14:00:00Z,0.071
2026-05-13T14:30:00Z,0.123
2026-05-13T15:00:00Z,0.177
2026-05-13T15:30:00Z,0.122
2026-05-13T16:00:00Z,0.118
2026-05-13T16:30:00Z,0.527
2026-05-13T17:00:00Z,0.174
2026-05-13T17:30:00Z,0.194
2026-05-13T18:00:00Z,0.139
2026-05-13T18:30:00Z,0.074
2026-05-13T19:00:00Z,0.081
2026-05-13T19:30:00Z,0.069
2026-05-13T20:00:00Z,0.074
2026-05-13T20:30:00Z,0.078
2026-05-13T21:00:00Z,0.065
2026-05-13T21:30:00Z,0.073
2026-05-13T22:00:00Z,0.09
2026-05-13T22:30:00Z,0.075
2026-05-13T23:00:00Z,0.103
2026-05-13T23:30:00Z,0.099
2026-05-14T00:00:00Z,0.094
2026-05-14T00:30:00Z,0.096
2026-05-14T01:00:00Z,0.115
2026-05-14T01:30:00Z,0.117
2026-05-14T02:00:00Z,0.133
2026-05-14T02:30:00Z,0.114
2026-05-14T03:00:00Z,0.087
2026-05-14T03:30:00Z,0.092
2026-05-14T04:00:00Z,0.093
2026-05-14T04:30:00Z,0.096
2026-05-14T05:00:00Z,0.098
2026-05-14T05:30:00Z,0.127
2026-05-14T06:00:00Z,0.137
2026-05-14T06:30:00Z,0.165
2026-05-14T07:00:00Z,0.108
2026-05-14T07:30:00Z,0.101
2026-05-14T08:00:00Z,0.486
2026-05-14T08:30:00Z,0.555
2026-05-14T09:00:00Z,0.221
2026-05-14T09:30:00Z,0.631
2026-05-14T10:00:00Z,0.183
2026-05-14T10:30:00Z,0.442
2026-05-14T11:00:00Z,0.32
2026-05-14T11:30:00Z,0.475
2026-05-14T12:00:00Z,0.198
2026-05-14T12:30:00Z,0.201
2026-05-14T13:00:00Z,0.202
2026-05-14T13:30:00Z,0.193
2026-05-14T14:00:00Z,0.164
2026-05-14T14:30:00Z,0.164
2026-05-14T15:00:00Z,0.247
2026-05-14T15:30:00Z,0.25
2026-05-14T16:00:00Z,0.232
2026-05-14T16:30:00Z,0.198
2026-05-14T17:00:00Z,0.21
2026-05-14T17:30:00Z,0.195
2026-05-14T18:00:00Z,0.196
2026-05-14T18:30:00Z,0.148
2026-05-14T19:00:00Z,0.291
2026-05-14T19:30:00Z,0.168
2026-05-14T20:00:00Z,0.585
2026-05-14T20:30:00Z,0.446
2026-05-14T21:00:00Z,0.22
2026-05-14T21:30:00Z,0.45
2026-05-14T22:00:00Z,0.092
2026-05-14T22:30:00Z,0.1
2026-05-14T23:00:00Z,0.195
2026-05-14T23:30:00Z,0.193
2026-05-15T00:00:00Z,0.192
2026-05-15T00:30:00Z,0.19
2026-05-15T01:00:00Z,0.183
2026-05-15T01:30:00Z,0.189
2026-05-15T02:00:00Z,0.185
2026-05-15T02:30:00Z,0.191
2026-05-15T03:00:00Z,0.191
2026-05-15T03:30:00Z,0.191
2026-05-15T04:00:00Z,0.172
2026-05-15T04:30:00Z,0.178
2026-05-15T05:00:00Z,0.177
2026-05-15T05:30:00Z,0.171
2026-05-15T06:00:00Z,0.174
2026-05-15T06:30:00Z,0.175
2026-05-15T07:00:00Z,0.166
2026-05-15T07:30:00Z,0.196
2026-05-15T08:00:00Z,0.248
2026-05-15T08:30:00Z,0.386
2026-05-15T09:00:00Z,0.357
2026-05-15T09:30:00Z,0.201
2026-05-15T10:00:00Z,0.163
2026-05-15T10:30:00Z,0.433
2026-05-15T11:00:00Z,0.507
2026-05-15T11:30:00Z,0.716
2026-05-15T12:00:00Z,0.598
2026-05-15T12:30:00Z,0.504
2026-05-15T13:00:00Z,0.512
2026-05-15T13:30:00Z,0.5
2026-05-15T14:00:00Z,0.206
2026-05-15T14:30:00Z,0.263
2026-05-15T15:00:00Z,0.258
2026-05-15T15:30:00Z,0.25
2026-05-15T16:00:00Z,0.212
2026-05-15T16:30:00Z,0.421
2026-05-15T17:00:00Z,0.164
2026-05-15T17:30:00Z,0.283
2026-05-15T18:00:00Z,0.239
2026-05-15T18:30:00Z,0.593
2026-05-15T19:00:00Z,0.199
2026-05-15T19:30:00Z,0.199
2026-05-15T20:00:00Z,0.202
2026-05-15T20:30:00Z,0.194
2026-05-15T21:00:00Z,0.24
2026-05-15T21:30:00Z,0.221
2026-05-15T22:00:00Z,0.206
2026-05-15T22:30:00Z,0.219
2026-05-15T23:00:00Z,0.407
2026-05-15T23:30:00Z,0.268
2026-05-16T00:00:00Z,0.205
2026-05-16T00:30:00Z,0.19
2026-05-16T01:00:00Z,0.655
2026-05-16T01:30:00Z,0.129
2026-05-16T02:00:00Z,0.125
2026-05-16T02:30:00Z,0.134
2026-05-16T03:00:00Z,0.145
2026-05-16T03:30:00Z,0.146
2026-05-16T04:00:00Z,0.128
2026-05-16T04:30:00Z,0.137
2026-05-16T05:00:00Z,0.14
2026-05-16T05:30:00Z,0.141
2026-05-16T06:00:00Z,0.144
2026-05-16T06:30:00Z,0.143
2026-05-16T07:00:00Z,0.144
2026-05-16T07:30:00Z,0.157
2026-05-16T08:00:00Z,0.598
2026-05-16T08:30:00Z,0.273
2026-05-16T09:00:00Z,0.204
2026-05-16T09:30:00Z,0.367
2026-05-16T10:00:00Z,0.511
2026-05-16T10:30:00Z,0.41
2026-05-16T11:00:00Z,0.411
2026-05-16T11:30:00Z,0.413
2026-05-16T12:00:00Z,0.147
2026-05-16T12:30:00Z,0.148
2026-05-16T13:00:00Z,0.149
2026-05-16T13:30:00Z,0.146
2026-05-16T14:00:00Z,0.146
2026-05-16T14:30:00Z,0.141
2026-05-16T15:00:00Z,0.148
2026-05-16T15:30:00Z,0.147
2026-05-16T16:00:00Z,0.146
2026-05-16T16:30:00Z,0.135
2026-05-16T17:00:00Z,0.139
2026-05-16T17:30:00Z,0.139
2026-05-16T18:00:00Z,0.149
2026-05-16T18:30:00Z,0.179
2026-05-16T19:00:00Z,0.231
2026-05-16T19:30:00Z,0.221
2026-05-16T20:00:00Z,0.191
2026-05-16T20:30:00Z,0.204
2026-05-16T21:00:00Z,0.205
2026-05-16T21:30:00Z,0.198
2026-05-16T22:00:00Z,0.193
2026-05-16T22:30:00Z,0.189
2026-05-16T23:00:00Z,0.16
2026-05-16T23:30:00Z,0.166
2026-05-17T00:00:00Z,0.163
2026-05-17T00:30:00Z,0.167
2026-05-17T01:00:00Z,0.152
2026-05-17T01:30:00Z,0.113
2026-05-17T02:00:00Z,0.114
2026-05-17T02:30:00Z,0.116
2026-05-17T03:00:00Z,0.115
2026-05-17T03:30:00Z,0.116
2026-05-17T04:00:00Z,0.122
2026-05-17T04:30:00Z,0.127
2026-05-17T05:00:00Z,0.127
2026-05-17T05:30:00Z,0.125
2026-05-17T06:00:00Z,0.126
2026-05-17T06:30:00Z,0.13
2026-05-17T07:00:00Z,0.196
2026-05-17T07:30:00Z,0.423
2026-05-17T08:00:00Z,0.821
2026-05-17T08:30:00Z,0.249
2026-05-17T09:00:00Z,0.588
2026-05-17T09:30:00Z,0.192
2026-05-17T10:00:00Z,0.748
2026-05-17T10:30:00Z,0.282
2026-05-17T11:00:00Z,0.415
2026-05-17T11:30:00Z,0.578
2026-05-17T12:00:00Z,0.345
2026-05-17T12:30:00Z,0.177
2026-05-17T13:00:00Z,0.196
2026-05-17T13:30:00Z,0.176
2026-05-17T14:00:00Z,0.153
2026-05-17T14:30:00Z,0.156
2026-05-17T15:00:00Z,0.28
2026-05-17T15:30:00Z,0.185
2026-05-17T16:00:00Z,0.147
2026-05-17T16:30:00Z,0.145
2026-05-17T17:00:00Z,0.143
2026-05-17T17:30:00Z,0.145
2026-05-17T18:00:00Z,0.122
2026-05-17T18:30:00Z,0.126
2026-05-17T19:00:00Z,0.189
2026-05-17T19:30:00Z,0.232
2026-05-17T20:00:00Z,0.49
2026-05-17T20:30:00Z,0.565
2026-05-17T21:00:00Z,0.438
2026-05-17T21:30:00Z,0.425
2026-05-17T22:00:00Z,0.462
2026-05-17T22:30:00Z,0.396
2026-05-17T23:00:00Z,0.079
2026-05-17T23:30:00Z,0.077
2026-05-18T00:00:00Z,0.076
2026-05-18T00:30:00Z,0.059
2026-05-18T01:00:00Z,0.102
2026-05-18T01:30:00Z,0.099
2026-05-18T02:00:00Z,0.092
2026-05-18T02:30:00Z,0.074
2026-05-18T03:00:00Z,0.065
2026-05-18T03:30:00Z,0.067
2026-05-18T04:00:00Z,0.068
2026-05-18T04:30:00Z,0.068
2026-05-18T05:00:00Z,0.066
2026-05-18T05:30:00Z,0.069
2026-05-18T06:00:00Z,0.069
2026-05-18T06:30:00Z,0.055
2026-05-18T07:00:00Z,0.082
2026-05-18T07:30:00Z,0.27
2026-05-18T08:00:00Z,0.41
2026-05-18T08:30:00Z,0.166
2026-05-18T09:00:00Z,0.194
2026-05-18T09:30:00Z,0.167
2026-05-18T10:00:00Z,0.195
2026-05-18T10:30:00Z,0.413
2026-05-18T11:00:00Z,0.39
2026-05-18T11:30:00Z,0.147
2026-05-18T12:00:00Z,0.17
2026-05-18T12:30:00Z,0.133
2026-05-18T13:00:00Z,0.086
2026-05-18T13:30:00Z,0.122
2026-05-18T14:00:00Z,0.096
2026-05-18T14:30:00Z,0.16
2026-05-18T15:00:00Z,0.172
2026-05-18T15:30:00Z,0.153
2026-05-18T16:00:00Z,0.103
2026-05-18T16:30:00Z,0.118
2026-05-18T17:00:00Z,0.125
2026-05-18T17:30:00Z,0.093
2026-05-18T18:00:00Z,0.366
2026-05-18T18:30:00Z,0.6
2026-05-18T19:00:00Z,0.086
2026-05-18T19:30:00Z,0.481
2026-05-18T20:00:00Z,0.062
2026-05-18T20:30:00Z,0.078
2026-05-18T21:00:00Z,0.093
2026-05-18T21:30:00Z,0.096
2026-05-18T22:00:00Z,0.097
2026-05-18T22:30:00Z,0.069
2026-05-18T23:00:00Z,0.073
2026-05-18T23:30:00Z,0.066
2026-05-19T00:00:00Z,0.059
2026-05-19T00:30:00Z,0.069
2026-05-19T01:00:00Z,0.087
2026-05-19T01:30:00Z,0.064
2026-05-19T02:00:00Z,0.061
2026-05-19T02:30:00Z,0.072
2026-05-19T03:00:00Z,0.071
2026-05-19T03:30:00Z,0.051
2026-05-19T04:00:00Z,0.075
2026-05-19T04:30:00Z,0.08
2026-05-19T05:00:00Z,0.072
2026-05-19T05:30:00Z,0.059
2026-05-19T06:00:00Z,0.201
2026-05-19T06:30:00Z,0.361
2026-05-19T07:00:00Z,0.338
2026-05-19T07:30:00Z,0.292
2026-05-19T08:00:00Z,0.326
2026-05-19T08:30:00Z,0.262
2026-05-19T09:00:00Z,0.261
2026-05-19T09:30:00Z,0.228
2026-05-19T10:00:00Z,0.278
2026-05-19T10:30:00Z,0.322
2026-05-19T11:00:00Z,0.252
2026-05-19T11:30:00Z,0.266
2026-05-19T12:00:00Z,0.187
2026-05-19T12:30:00Z,0.615
2026-05-19T13:00:00Z,0.197
2026-05-19T13:30:00Z,0.092
2026-05-19T14:00:00Z,0.064
2026-05-19T14:30:00Z,0.062
2026-05-19T15:00:00Z,0.104
2026-05-19T15:30:00Z,0.107
2026-05-19T16:00:00Z,0.133
2026-05-19T16:30:00Z,0.091
2026-05-19T17:00:00Z,0.25
2026-05-19T17:30:00Z,0.16
2026-05-19T18:00:00Z,0.116
2026-05-19T18:30:00Z,0.074
2026-05-19T19:00:00Z,0.07
2026-05-19T19:30:00Z,0.065
2026-05-19T20:00:00Z,0.059
2026-05-19T20:30:00Z,0.062
2026-05-19T21:00:00Z,0.069
2026-05-19T21:30:00Z,0.093
2026-05-19T22:00:00Z,0.097
2026-05-19T22:30:00Z,0.09
2026-05-19T23:00:00Z,0.061
2026-05-19T23:30:00Z,0.061
2026-05-20T00:00:00Z,0.064
2026-05-20T00:30:00Z,0.06
2026-05-20T01:00:00Z,0.065
2026-05-20T01:30:00Z,0.064
2026-05-20T02:00:00Z,0.064
2026-05-20T02:30:00Z,0.062
2026-05-20T03:00:00Z,0.06
2026-05-20T03:30:00Z,0.061
2026-05-20T04:00:00Z,0.06
2026-05-20T04:30:00Z,0.064
2026-05-20T05:00:00Z,0.064
2026-05-20T05:30:00Z,0.064
2026-05-20T06:00:00Z,0.07
2026-05-20T06:30:00Z,0.084
2026-05-20T07:00:00Z,0.088
2026-05-20T07:30:00Z,0.072
2026-05-20T08:00:00Z,0.137
2026-05-20T08:30:00Z,0.176
2026-05-20T09:00:00Z,0.115
2026-05-20T09:30:00Z,0.089
2026-05-20T10:00:00Z,0.516
2026-05-20T10:30:00Z,1.307
2026-05-20T11:00:00Z,0.25
2026-05-20T11:30:00Z,0.095
2026-05-20T12:00:00Z,0.507
2026-05-20T12:30:00Z,0.077
2026-05-20T13:00:00Z,0.066
2026-05-20T13:30:00Z,0.07
2026-05-20T14:00:00Z,0.063
2026-05-20T14:30:00Z,0.068
2026-05-20T15:00:00Z,0.176
2026-05-20T15:30:00Z,0.156
2026-05-20T16:00:00Z,0.255
2026-05-20T16:30:00Z,0.107
2026-05-20T17:00:00Z,0.095
2026-05-20T17:30:00Z,0.112
2026-05-20T18:00:00Z,0.128
2026-05-20T18:30:00Z,0.142
2026-05-20T19:00:00Z,0.139
2026-05-20T19:30:00Z,0.07
2026-05-20T20:00:00Z,0.065
2026-05-20T20:30:00Z,0.066
2026-05-20T21:00:00Z,0.065
2026-05-20T21:30:00Z,0.064
2026-05-20T22:00:00Z,0.06
2026-05-20T22:30:00Z,0.062
2026-05-20T23:00:00Z,0.078
2026-05-20T23:30:00Z,0.066
2026-05-21T00:00:00Z,0.064
2026-05-21T00:30:00Z,0.071
2026-05-21T01:00:00Z,0.078
2026-05-21T01:30:00Z,0.062
2026-05-21T02:00:00Z,0.064
2026-05-21T02:30:00Z,0.065
2026-05-21T03:00:00Z,0.067
2026-05-21T03:30:00Z,0.087
2026-05-21T04:00:00Z,0.088
2026-05-21T04:30:00Z,0.066
2026-05-21T05:00:00Z,0.052
2026-05-21T05:30:00Z,0.068
2026-05-21T06:00:00Z,0.298
2026-05-21T06:30:00Z,0.166
2026-05-21T07:00:00Z,0.096
2026-05-21T07:30:00Z,0.067
2026-05-21T08:00:00Z,0.548
2026-05-21T08:30:00Z,0.494
2026-05-21T09:00:00Z,0.149
2026-05-21T09:30:00Z,0.599
2026-05-21T10:00:00Z,0.209
2026-05-21T10:30:00Z,0.326
2026-05-21T11:00:00Z,0.155
2026-05-21T11:30:00Z,0.105
2026-05-21T12:00:00Z,0.1
2026-05-21T12:30:00Z,0.149
2026-05-21T13:00:00Z,0.106
2026-05-21T13:30:00Z,0.125
2026-05-21T14:00:00Z,0.097
2026-05-21T14:30:00Z,0.088
2026-05-21T15:00:00Z,0.128
2026-05-21T15:30:00Z,0.116
2026-05-21T16:00:00Z,0.143
2026-05-21T16:30:00Z,0.128
2026-05-21T17:00:00Z,0.149
2026-05-21T17:30:00Z,0.148
2026-05-21T18:00:00Z,0.13
2026-05-21T18:30:00Z,0.187
2026-05-21T19:00:00Z,0.376
2026-05-21T19:30:00Z,0.434
2026-05-21T20:00:00Z,0.443
2026-05-21T20:30:00Z,0.41
2026-05-21T21:00:00Z,0.15
2026-05-21T21:30:00Z,0.075
2026-05-21T22:00:00Z,0.054
2026-05-21T22:30:00Z,0.088
2026-05-21T23:00:00Z,0.111
2026-05-21T23:30:00Z,0.111
2026-05-22T00:00:00Z,0.111
2026-05-22T00:30:00Z,0.111
2026-05-22T01:00:00Z,0.107
2026-05-22T01:30:00Z,0.108
2026-05-22T02:00:00Z,0.11
2026-05-22T02:30:00Z,0.108
2026-05-22T03:00:00Z,0.111
2026-05-22T03:30:00Z,0.111
2026-05-22T04:00:00Z,0.111
2026-05-22T04:30:00Z,0.111
2026-05-22T05:00:00Z,0.11
2026-05-22T05:30:00Z,0.107
2026-05-22T06:00:00Z,0.169
2026-05-22T06:30:00Z,0.437
2026-05-22T07:00:00Z,0.518
2026-05-22T07:30:00Z,0.644
2026-05-22T08:00:00Z,0.529
2026-05-22T08:30:00Z,0.503
2026-05-22T09:00:00Z,0.573
2026-05-22T09:30:00Z,0.5
2026-05-22T10:00:00Z,0.278
2026-05-22T10:30:00Z,0.139
2026-05-22T11:00:00Z,0.331
2026-05-22T11:30:00Z,0.213
2026-05-22T12:00:00Z,0.207
2026-05-22T12:30:00Z,0.186
2026-05-22T13:00:00Z,0.204
2026-05-22T13:30:00Z,0.573
2026-05-22T14:00:00Z,0.337
2026-05-22T14:30:00Z,0.165
2026-05-22T15:00:00Z,0.194
2026-05-22T15:30:00Z,0.229
2026-05-22T16:00:00Z,0.362
2026-05-22T16:30:00Z,0.228
2026-05-22T17:00:00Z,0.209
2026-05-22T17:30:00Z,0.395
2026-05-22T18:00:00Z,0.334
2026-05-22T18:30:00Z,0.854
2026-05-22T19:00:00Z,0.362
2026-05-22T19:30:00Z,0.234
2026-05-22T20:00:00Z,0.272
2026-05-22T20:30:00Z,0.188
2026-05-22T21:00:00Z,0.18
2026-05-22T21:30:00Z,0.251
2026-05-22T22:00:00Z,0.493
2026-05-22T22:30:00Z,0.505
2026-05-22T23:00:00Z,0.072
2026-05-22T23:30:00Z,0.054
2026-05-23T00:00:00Z,0.059
2026-05-23T00:30:00Z,0.062
2026-05-23T01:00:00Z,0.06
2026-05-23T01:30:00Z,0.049
2026-05-23T02:00:00Z,0.049
2026-05-23T02:30:00Z,0.1
2026-05-23T03:00:00Z,0.104
2026-05-23T03:30:00Z,0.08
2026-05-23T04:00:00Z,0.062
2026-05-23T04:30:00Z,0.061
2026-05-23T05:00:00Z,0.064
2026-05-23T05:30:00Z,0.155
2026-05-23T06:00:00Z,0.341
2026-05-23T06:30:00Z,0.451
2026-05-23T07:00:00Z,0.522
2026-05-23T07:30:00Z,0.26
2026-05-23T08:00:00Z,0.135
2026-05-23T08:30:00Z,0.116
2026-05-23T09:00:00Z,0.143
2026-05-23T09:30:00Z,0.066
2026-05-23T10:00:00Z,0.08
2026-05-23T10:30:00Z,0.259
2026-05-23T11:00:00Z,0.173
2026-05-23T11:30:00Z,0.14
2026-05-23T12:00:00Z,0.247
2026-05-23T12:30:00Z,0.134
2026-05-23T13:00:00Z,0.131
2026-05-23T13:30:00Z,0.137
2026-05-23T14:00:00Z,0.164
2026-05-23T14:30:00Z,0.119
2026-05-23T15:00:00Z,0.163
2026-05-23T15:30:00Z,0.812
2026-05-23T16:00:00Z,0.527
2026-05-23T16:30:00Z,0.419
2026-05-23T17:00:00Z,0.559
2026-05-23T17:30:00Z,0.748
2026-05-23T18:00:00Z,0.5
2026-05-23T18:30:00Z,0.394
2026-05-23T19:00:00Z,0.495
2026-05-23T19:30:00Z,0.471
2026-05-23T20:00:00Z,0.47
2026-05-23T20:30:00Z,0.141
2026-05-23T21:00:00Z,0.139
2026-05-23T21:30:00Z,0.131
2026-05-23T22:00:00Z,0.133
2026-05-23T22:30:00Z,0.118
2026-05-23T23:00:00Z,0.194
2026-05-23T23:30:00Z,0.178
2026-05-24T00:00:00Z,0.173
2026-05-24T00:30:00Z,0.176
2026-05-24T01:00:00Z,0.164
2026-05-24T01:30:00Z,0.15
2026-05-24T02:00:00Z,0.133
2026-05-24T02:30:00Z,0.137
2026-05-24T03:00:00Z,0.141
2026-05-24T03:30:00Z,0.142
2026-05-24T04:00:00Z,0.14
2026-05-24T04:30:00Z,0.141
2026-05-24T05:00:00Z,0.144
2026-05-24T05:30:00Z,0.144
2026-05-24T06:00:00Z,0.151
2026-05-24T06:30:00Z,0.15
2026-05-24T07:00:00Z,0.145
2026-05-24T07:30:00Z,0.154
2026-05-24T08:00:00Z,0.187
2026-05-24T08:30:00Z,0.191
2026-05-24T09:00:00Z,0.236
2026-05-24T09:30:00Z,0.282
2026-05-24T10:00:00Z,0.19
2026-05-24T10:30:00Z,0.187
2026-05-24T11:00:00Z,0.393
2026-05-24T11:30:00Z,0.117
2026-05-24T12:00:00Z,0.1
2026-05-24T12:30:00Z,0.099
2026-05-24T13:00:00Z,0.556
2026-05-24T13:30:00Z,0.132
2026-05-24T14:00:00Z,0.084
2026-05-24T14:30:00Z,0.084
2026-05-24T15:00:00Z,0.087
2026-05-24T15:30:00Z,0.083
2026-05-24T16:00:00Z,0.083
2026-05-24T16:30:00Z,0.084
2026-05-24T17:00:00Z,0.175
2026-05-24T17:30:00Z,0.114
2026-05-24T18:00:00Z,0.105
2026-05-24T18:30:00Z,0.114
2026-05-24T19:00:00Z,0.145
2026-05-24T19:30:00Z,0.145
2026-05-24T20:00:00Z,0.148
2026-05-24T20:30:00Z,0.122
2026-05-24T21:00:00Z,0.124
2026-05-24T21:30:00Z,0.109
2026-05-24T22:00:00Z,0.123
2026-05-24T22:30:00Z,0.421
2026-05-24T23:00:00Z,0.192
2026-05-24T23:30:00Z,0.193
2026-05-25T00:00:00Z,0.196
2026-05-25T00:30:00Z,0.162
2026-05-25T01:00:00Z,0.159
2026-05-25T01:30:00Z,0.158
2026-05-25T02:00:00Z,0.431
2026-05-25T02:30:00Z,0.172
2026-05-25T03:00:00Z,0.157
2026-05-25T03:30:00Z,0.15
2026-05-25T04:00:00Z,0.651
2026-05-25T04:30:00Z,0.14
2026-05-25T05:00:00Z,0.138
2026-05-25T05:30:00Z,0.141
2026-05-25T06:00:00Z,0.14
2026-05-25T06:30:00Z,0.141
2026-05-25T07:00:00Z,0.139
2026-05-25T07:30:00Z,0.147
2026-05-25T08:00:00Z,0.186
2026-05-25T08:30:00Z,0.177
2026-05-25T09:00:00Z,0.203
2026-05-25T09:30:00Z,0.176
2026-05-25T10:00:00Z,0.226
2026-05-25T10:30:00Z,0.22
2026-05-25T11:00:00Z,0.254
2026-05-25T11:30:00Z,0.203
2026-05-25T12:00:00Z,0.207
2026-05-25T12:30:00Z,0.221
2026-05-25T13:00:00Z,0.252
2026-05-25T13:30:00Z,0.197
2026-05-25T14:00:00Z,0.191
2026-05-25T14:30:00Z,0.191
2026-05-25T15:00:00Z,0.189
2026-05-25T15:30:00Z,0.289
2026-05-25T16:00:00Z,0.309
2026-05-25T16:30:00Z,0.783
2026-05-25T17:00:00Z,0.339
2026-05-25T17:30:00Z,0.523
2026-05-25T18:00:00Z,0.141
2026-05-25T18:30:00Z,0.13
2026-05-25T19:00:00Z,0.135
2026-05-25T19:30:00Z,0.134
2026-05-25T20:00:00Z,0.135
2026-05-25T20:30:00Z,0.343
2026-05-25T21:00:00Z,0.179
2026-05-25T21:30:00Z,0.182
2026-05-25T22:00:00Z,0.205
2026-05-25T22:30:00Z,0.202
2026-05-25T23:00:00Z,0.108
2026-05-25T23:30:00Z,0.094
2026-05-26T00:00:00Z,0.093
2026-05-26T00:30:00Z,0.094
2026-05-26T01:00:00Z,0.514
2026-05-26T01:30:00Z,0.391
2026-05-26T02:00:00Z,0.189
2026-05-26T02:30:00Z,0.429
2026-05-26T03:00:00Z,0.066
2026-05-26T03:30:00Z,0.061
2026-05-26T04:00:00Z,0.061
2026-05-26T04:30:00Z,0.061
2026-05-26T05:00:00Z,0.065
2026-05-26T05:30:00Z,0.065
2026-05-26T06:00:00Z,0.155
2026-05-26T06:30:00Z,0.24
2026-05-26T07:00:00Z,0.155
2026-05-26T07:30:00Z,0.231
2026-05-26T08:00:00Z,0.151
2026-05-26T08:30:00Z,0.177
2026-05-26T09:00:00Z,0.127
2026-05-26T09:30:00Z,0.126
2026-05-26T10:00:00Z,0.127
2026-05-26T10:30:00Z,0.384
2026-05-26T11:00:00Z,0.473
2026-05-26T11:30:00Z,0.193
2026-05-26T12:00:00Z,0.211
2026-05-26T12:30:00Z,0.217
2026-05-26T13:00:00Z,0.18
2026-05-26T13:30:00Z,0.142
2026-05-26T14:00:00Z,0.157
2026-05-26T14:30:00Z,0.24
2026-05-26T15:00:00Z,0.232
2026-05-26T15:30:00Z,0.263
2026-05-26T16:00:00Z,0.257
2026-05-26T16:30:00Z,0.249
2026-05-26T17:00:00Z,0.193
2026-05-26T17:30:00Z,0.395
2026-05-26T18:00:00Z,0.208
2026-05-26T18:30:00Z,0.475
2026-05-26T19:00:00Z,0.193
2026-05-26T19:30:00Z,0.235
2026-05-26T20:00:00Z,0.178
2026-05-26T20:30:00Z,0.185
2026-05-26T21:00:00Z,0.183
2026-05-26T21:30:00Z,0.186
2026-05-26T22:00:00Z,0.197
2026-05-26T22:30:00Z,0.19
2026-05-26T23:00:00Z,0.225
2026-05-26T23:30:00Z,0.217
2026-05-27T00:00:00Z,0.228
2026-05-27T00:30:00Z,0.249
2026-05-27T01:00:00Z,0.247
2026-05-27T01:30:00Z,0.222
2026-05-27T02:00:00Z,0.226
2026-05-27T02:30:00Z,0.226
2026-05-27T03:00:00Z,0.219
2026-05-27T03:30:00Z,0.203
2026-05-27T04:00:00Z,0.172
2026-05-27T04:30:00Z,0.179
2026-05-27T05:00:00Z,0.172
2026-05-27T05:30:00Z,0.149
2026-05-27T06:00:00Z,0.149
2026-05-27T06:30:00Z,0.16
2026-05-27T07:00:00Z,0.162
2026-05-27T07:30:00Z,0.166
2026-05-27T08:00:00Z,0.167
2026-05-27T08:30:00Z,0.209
2026-05-27T09:00:00Z,0.583
2026-05-27T09:30:00Z,0.196
2026-05-27T10:00:00Z,0.142
2026-05-27T10:30:00Z,0.156
2026-05-27T11:00:00Z,0.377
2026-05-27T11:30:00Z,0.491
2026-05-27T12:00:00Z,0.225
2026-05-27T12:30:00Z,0.205
2026-05-27T13:00:00Z,0.438
2026-05-27T13:30:00Z,0.699
2026-05-27T14:00:00Z,0.34
2026-05-27T14:30:00Z,0.681
2026-05-27T15:00:00Z,0.291
2026-05-27T15:30:00Z,0.266
2026-05-27T16:00:00Z,0.237
2026-05-27T16:30:00Z,0.194
2026-05-27T17:00:00Z,0.179
2026-05-27T17:30:00Z,0.18
2026-05-27T18:00:00Z,0.248
2026-05-27T18:30:00Z,0.368
2026-05-27T19:00:00Z,0.282
2026-05-27T19:30:00Z,0.216
2026-05-27T20:00:00Z,0.206
2026-05-27T20:30:00Z,0.144
2026-05-27T21:00:00Z,0.204
2026-05-27T21:30:00Z,0.205
2026-05-27T22:00:00Z,0.215
2026-05-27T22:30:00Z,0.204
2026-05-27T23:00:00Z,0.165
2026-05-27T23:30:00Z,0.161
2026-05-28T00:00:00Z,0.568
2026-05-28T00:30:00Z,0.431
2026-05-28T01:00:00Z,0.552
2026-05-28T01:30:00Z,0.148
2026-05-28T02:00:00Z,0.151
2026-05-28T02:30:00Z,0.137
2026-05-28T03:00:00Z,0.127
2026-05-28T03:30:00Z,0.114
2026-05-28T04:00:00Z,0.112
2026-05-28T04:30:00Z,0.116
2026-05-28T05:00:00Z,0.116
2026-05-28T05:30:00Z,0.116
2026-05-28T06:00:00Z,0.119
2026-05-28T06:30:00Z,0.183
2026-05-28T07:00:00Z,0.179
2026-05-28T07:30:00Z,0.226
2026-05-28T08:00:00Z,0.175
2026-05-28T08:30:00Z,0.15
2026-05-28T09:00:00Z,0.123
2026-05-28T09:30:00Z,0.116
2026-05-28T10:00:00Z,0.127
2026-05-28T10:30:00Z,0.152
2026-05-28T11:00:00Z,0.145
2026-05-28T11:30:00Z,0.257
2026-05-28T12:00:00Z,0.17
2026-05-28T12:30:00Z,0.166
2026-05-28T13:00:00Z,0.166
2026-05-28T13:30:00Z,0.154
2026-05-28T14:00:00Z,0.118
2026-05-28T14:30:00Z,0.12
2026-05-28T15:00:00Z,0.198
2026-05-28T15:30:00Z,0.179
2026-05-28T16:00:00Z,0.161
2026-05-28T16:30:00Z,0.174
2026-05-28T17:00:00Z,0.459
2026-05-28T17:30:00Z,0.221
2026-05-28T18:00:00Z,0.183
2026-05-28T18:30:00Z,0.47
2026-05-28T19:00:00Z,0.206
2026-05-28T19:30:00Z,0.206
2026-05-28T20:00:00Z,0.265
2026-05-28T20:30:00Z,0.706
2026-05-28T21:00:00Z,0.228
2026-05-28T21:30:00Z,0.187
2026-05-28T22:00:00Z,0.167
2026-05-28T22:30:00Z,0.139
2026-05-28T23:00:00Z,0.108
2026-05-28T23:30:00Z,0.104
2026-05-29T00:00:00Z,0.105
2026-05-29T00:30:00Z,0.105
2026-05-29T01:00:00Z,0.105
2026-05-29T01:30:00Z,0.102
2026-05-29T02:00:00Z,0.101
2026-05-29T02:30:00Z,0.101
2026-05-29T03:00:00Z,0.127
2026-05-29T03:30:00Z,0.138
2026-05-29T04:00:00Z,0.136
2026-05-29T04:30:00Z,0.103
2026-05-29T05:00:00Z,0.101
2026-05-29T05:30:00Z,0.102
2026-05-29T06:00:00Z,0.206
2026-05-29T06:30:00Z,0.19
2026-05-29T07:00:00Z,0.232
2026-05-29T07:30:00Z,0.172
2026-05-29T08:00:00Z,0.138
2026-05-29T08:30:00Z,0.137
2026-05-29T09:00:00Z,0.185
2026-05-29T09:30:00Z,0.196
2026-05-29T10:00:00Z,0.182
2026-05-29T10:30:00Z,0.296
2026-05-29T11:00:00Z,0.212
2026-05-29T11:30:00Z,0.281
2026-05-29T12:00:00Z,0.17
2026-05-29T12:30:00Z,0.17
2026-05-29T13:00:00Z,0.14
2026-05-29T13:30:00Z,0.165
2026-05-29T14:00:00Z,0.198
2026-05-29T14:30:00Z,0.156
2026-05-29T15:00:00Z,0.208
2026-05-29T15:30:00Z,0.403
2026-05-29T16:00:00Z,0.512
2026-05-29T16:30:00Z,0.475
2026-05-29T17:00:00Z,0.212
2026-05-29T17:30:00Z,0.616
2026-05-29T18:00:00Z,1.614
2026-05-29T18:30:00Z,0.871
2026-05-29T19:00:00Z,0.533
2026-05-29T19:30:00Z,0.186
2026-05-29T20:00:00Z,0.612
2026-05-29T20:30:00Z,0.234
2026-05-29T21:00:00Z,0.407
2026-05-29T21:30:00Z,0.427
2026-05-29T22:00:00Z,0.394
2026-05-29T22:30:00Z,0.413
2026-05-29T23:00:00Z,0.188
2026-05-29T23:30:00Z,0.194
2026-05-30T00:00:00Z,0.183
2026-05-30T00:30:00Z,0.191
2026-05-30T01:00:00Z,0.199
2026-05-30T01:30:00Z,0.171
2026-05-30T02:00:00Z,0.158
2026-05-30T02:30:00Z,0.159
2026-05-30T03:00:00Z,0.156
2026-05-30T03:30:00Z,0.153
2026-05-30T04:00:00Z,0.128
2026-05-30T04:30:00Z,0.144
2026-05-30T05:00:00Z,0.142
2026-05-30T05:30:00Z,0.139
2026-05-30T06:00:00Z,0.137
2026-05-30T06:30:00Z,0.138
2026-05-30T07:00:00Z,0.137
2026-05-30T07:30:00Z,0.138
2026-05-30T08:00:00Z,0.149
2026-05-30T08:30:00Z,0.192
2026-05-30T09:00:00Z,0.19
2026-05-30T09:30:00Z,0.132
2026-05-30T10:00:00Z,0.145
2026-05-30T10:30:00Z,0.14
2026-05-30T11:00:00Z,0.165
2026-05-30T11:30:00Z,0.384
2026-05-30T12:00:00Z,0.29
2026-05-30T12:30:00Z,0.142
2026-05-30T13:00:00Z,0.503
2026-05-30T13:30:00Z,0.113
2026-05-30T14:00:00Z,0.105
2026-05-30T14:30:00Z,0.097
2026-05-30T15:00:00Z,0.097
2026-05-30T15:30:00Z,0.115
2026-05-30T16:00:00Z,0.12
2026-05-30T16:30:00Z,0.125
2026-05-30T17:00:00Z,0.127
2026-05-30T17:30:00Z,0.174
2026-05-30T18:00:00Z,0.22
2026-05-30T18:30:00Z,0.192
2026-05-30T19:00:00Z,0.189
2026-05-30T19:30:00Z,0.19
2026-05-30T20:00:00Z,0.196
2026-05-30T20:30:00Z,0.222
2026-05-30T21:00:00Z,0.246
2026-05-30T21:30:00Z,0.212
2026-05-30T22:00:00Z,0.309
2026-05-30T22:30:00Z,0.263
2026-05-30T23:00:00Z,0.085
2026-05-30T23:30:00Z,0.101
2026-05-31T00:00:00Z,0.106
2026-05-31T00:30:00Z,0.075
2026-05-31T01:00:00Z,0.078
2026-05-31T01:30:00Z,0.083
2026-05-31T02:00:00Z,0.071
2026-05-31T02:30:00Z,0.065
2026-05-31T03:00:00Z,0.069
2026-05-31T03:30:00Z,0.06
2026-05-31T04:00:00Z,0.083
2026-05-31T04:30:00Z,0.086
2026-05-31T05:00:00Z,0.069
2026-05-31T05:30:00Z,0.076
2026-05-31T06:00:00Z,0.081
2026-05-31T06:30:00Z,0.078
2026-05-31T07:00:00Z,0.576
2026-05-31T07:30:00Z,0.509
2026-05-31T08:00:00Z,0.146
2026-05-31T08:30:00Z,0.583
2026-05-31T09:00:00Z,0.071
2026-05-31T09:30:00Z,0.071
2026-05-31T10:00:00Z,0.07
2026-05-31T10:30:00Z,0.128
2026-05-31T11:00:00Z,0.097
2026-05-31T11:30:00Z,0.105
2026-05-31T12:00:00Z,0.101
2026-05-31T12:30:00Z,0.104
2026-05-31T13:00:00Z,0.071
2026-05-31T13:30:00Z,0.068
2026-05-31T14:00:00Z,0.09
2026-05-31T14:30:00Z,0.15
2026-05-31T15:00:00Z,0.184
2026-05-31T15:30:00Z,0.17
2026-05-31T16:00:00Z,0.155
2026-05-31T16:30:00Z,0.278
2026-05-31T17:00:00Z,0.133
2026-05-31T17:30:00Z,0.328
2026-05-31T18:00:00Z,0.249
2026-05-31T18:30:00Z,0.116
2026-05-31T19:00:00Z,0.095
2026-05-31T19:30:00Z,0.079
2026-05-31T20:00:00Z,0.063
2026-05-31T20:30:00Z,0.058
2026-05-31T21:00:00Z,0.059
2026-05-31T21:30:00Z,0.062
2026-05-31T22:00:00Z,0.061
2026-05-31T22:30:00Z,0.073
2026-05-31T23:00:00Z,0.156
2026-05-31T23:30:00Z,0.151
2026-06-01T00:00:00Z,0.131
2026-06-01T00:30:00Z,0.127
2026-06-01T01:00:00Z,0.125
2026-06-01T01:30:00Z,0.126
2026-06-01T02:00:00Z,0.129
2026-06-01T02:30:00Z,0.127
2026-06-01T03:00:00Z,0.109
2026-06-01T03:30:00Z,0.105
2026-06-01T04:00:00Z,0.099
2026-06-01T04:30:00Z,0.099
2026-06-01T05:00:00Z,0.099
2026-06-01T05:30:00Z,0.135
2026-06-01T06:00:00Z,0.165
2026-06-01T06:30:00Z,0.215
2026-06-01T07:00:00Z,0.384
2026-06-01T07:30:00Z,0.832
2026-06-01T08:00:00Z,0.55
2026-06-01T08:30:00Z,0.476
2026-06-01T09:00:00Z,0.433
2026-06-01T09:30:00Z,0.828
2026-06-01T10:00:00Z,0.448
2026-06-01T10:30:00Z,0.471
2026-06-01T11:00:00Z,0.446
2026-06-01T11:30:00Z,0.174
2026-06-01T12:00:00Z,0.251
2026-06-01T12:30:00Z,0.232
2026-06-01T13:00:00Z,0.222
2026-06-01T13:30:00Z,0.17
2026-06-01T14:00:00Z,0.153
2026-06-01T14:30:00Z,0.162
2026-06-01T15:00:00Z,0.32
2026-06-01T15:30:00Z,0.178
2026-06-01T16:00:00Z,0.196
2026-06-01T16:30:00Z,0.214
2026-06-01T17:00:00Z,0.361
2026-06-01T17:30:00Z,0.51
2026-06-01T18:00:00Z,0.181
2026-06-01T18:30:00Z,0.202
2026-06-01T19:00:00Z,0.12
2026-06-01T19:30:00Z,0.117
2026-06-01T20:00:00Z,0.117
2026-06-01T20:30:00Z,0.116
2026-06-01T21:00:00Z,0.142
2026-06-01T21:30:00Z,0.258
2026-06-01T22:00:00Z,0.155
2026-06-01T22:30:00Z,0.126
2026-06-01T23:00:00Z,0.151
2026-06-01T23:30:00Z,0.15
2026-06-02T00:00:00Z,0.152
2026-06-02T00:30:00Z,0.157
2026-06-02T01:00:00Z,0.138
2026-06-02T01:30:00Z,0.543
2026-06-02T02:00:00Z,0.425
2026-06-02T02:30:00Z,0.496
2026-06-02T03:00:00Z,0.49
2026-06-02T03:30:00Z,0.191
2026-06-02T04:00:00Z,0.138
2026-06-02T04:30:00Z,0.141
2026-06-02T05:00:00Z,0.144
2026-06-02T05:30:00Z,0.147
2026-06-02T06:00:00Z,0.367
2026-06-02T06:30:00Z,0.566
2026-06-02T07:00:00Z,0.487
2026-06-02T07:30:00Z,0.322
2026-06-02T08:00:00Z,0.076
2026-06-02T08:30:00Z,0.078
2026-06-02T09:00:00Z,0.124
2026-06-02T09:30:00Z,0.121
2026-06-02T10:00:00Z,0.126
2026-06-02T10:30:00Z,0.374
2026-06-02T11:00:00Z,0.122
2026-06-02T11:30:00Z,0.114
2026-06-02T12:00:00Z,0.11
2026-06-02T12:30:00Z,0.093
2026-06-02T13:00:00Z,0.08
2026-06-02T13:30:00Z,0.074
2026-06-02T14:00:00Z,0.071
2026-06-02T14:30:00Z,0.335
2026-06-02T15:00:00Z,0.09
2026-06-02T15:30:00Z,0.073
2026-06-02T16:00:00Z,0.074
2026-06-02T16:30:00Z,0.094
2026-06-02T17:00:00Z,0.182
2026-06-02T17:30:00Z,0.238
2026-06-02T18:00:00Z,0.105
2026-06-02T18:30:00Z,0.192
2026-06-02T19:00:00Z,0.149
2026-06-02T19:30:00Z,0.162
2026-06-02T20:00:00Z,0.141
2026-06-02T20:30:00Z,0.122
2026-06-02T21:00:00Z,0.084
2026-06-02T21:30:00Z,0.115
2026-06-02T22:00:00Z,0.129
2026-06-02T22:30:00Z,0.121
2026-06-02T23:00:00Z,0.21
2026-06-02T23:30:00Z,0.209
2026-06-03T00:00:00Z,0.21
2026-06-03T00:30:00Z,0.212
2026-06-03T01:00:00Z,0.207
2026-06-03T01:30:00Z,0.207
2026-06-03T02:00:00Z,0.207
2026-06-03T02:30:00Z,0.209
2026-06-03T03:00:00Z,0.206
2026-06-03T03:30:00Z,0.206
2026-06-03T04:00:00Z,0.208
2026-06-03T04:30:00Z,0.209
2026-06-03T05:00:00Z,0.21
2026-06-03T05:30:00Z,0.215
2026-06-03T06:00:00Z,0.238
2026-06-03T06:30:00Z,0.25
2026-06-03T07:00:00Z,0.276
2026-06-03T07:30:00Z,0.294
2026-06-03T08:00:00Z,0.244
2026-06-03T08:30:00Z,0.171
2026-06-03T09:00:00Z,0.14
2026-06-03T09:30:00Z,0.14
2026-06-03T10:00:00Z,0.264
2026-06-03T10:30:00Z,0.178
2026-06-03T11:00:00Z,0.401
2026-06-03T11:30:00Z,0.219
2026-06-03T12:00:00Z,0.222
2026-06-03T12:30:00Z,0.158
2026-06-03T13:00:00Z,0.14
2026-06-03T13:30:00Z,0.12
2026-06-03T14:00:00Z,0.131
2026-06-03T14:30:00Z,0.158
2026-06-03T15:00:00Z,0.249
2026-06-03T15:30:00Z,0.475
2026-06-03T16:00:00Z,0.268
2026-06-03T16:30:00Z,0.419
2026-06-03T17:00:00Z,0.218
2026-06-03T17:30:00Z,0.201
2026-06-03T18:00:00Z,0.286
2026-06-03T18:30:00Z,0.24
2026-06-03T19:00:00Z,0.615
2026-06-03T19:30:00Z,0.283
2026-06-03T20:00:00Z,0.256
2026-06-03T20:30:00Z,0.26
2026-06-03T21:00:00Z,0.266
2026-06-03T21:30:00Z,0.341
2026-06-03T22:00:00Z,0.588
2026-06-03T22:30:00Z,0.482
2026-06-03T23:00:00Z,0.146
2026-06-03T23:30:00Z,0.153
2026-06-04T00:00:00Z,0.57
2026-06-04T00:30:00Z,0.434
2026-06-04T01:00:00Z,0.286
2026-06-04T01:30:00Z,0.429
2026-06-04T02:00:00Z,0.157
2026-06-04T02:30:00Z,0.155
2026-06-04T03:00:00Z,0.152
2026-06-04T03:30:00Z,0.152
2026-06-04T04:00:00Z,0.152
2026-06-04T04:30:00Z,0.152
2026-06-04T05:00:00Z,0.158
2026-06-04T05:30:00Z,0.187
2026-06-04T06:00:00Z,0.17
2026-06-04T06:30:00Z,0.221
2026-06-04T07:00:00Z,0.188
2026-06-04T07:30:00Z,0.137
2026-06-04T08:00:00Z,0.138
2026-06-04T08:30:00Z,0.145
2026-06-04T09:00:00Z,0.218
2026-06-04T09:30:00Z,0.175
2026-06-04T10:00:00Z,0.165
2026-06-04T10:30:00Z,0.166
2026-06-04T11:00:00Z,0.24
2026-06-04T11:30:00Z,0.156
2026-06-04T12:00:00Z,0.169
2026-06-04T12:30:00Z,0.17
2026-06-04T13:00:00Z,0.166
2026-06-04T13:30:00Z,0.161
2026-06-04T14:00:00Z,0.148
2026-06-04T14:30:00Z,0.134
2026-06-04T15:00:00Z,0.159
2026-06-04T15:30:00Z,0.31
2026-06-04T16:00:00Z,0.345
2026-06-04T16:30:00Z,0.199
2026-06-04T17:00:00Z,0.171
2026-06-04T17:30:00Z,0.176
2026-06-04T18:00:00Z,0.441
2026-06-04T18:30:00Z,0.285
2026-06-04T19:00:00Z,0.227
2026-06-04T19:30:00Z,0.187
2026-06-04T20:00:00Z,0.147
2026-06-04T20:30:00Z,0.14
2026-06-04T21:00:00Z,0.165
2026-06-04T21:30:00Z,0.135
2026-06-04T22:00:00Z,0.191
2026-06-04T22:30:00Z,0.165
2026-06-04T23:00:00Z,0.446
2026-06-04T23:30:00Z,0.145
2026-06-05T00:00:00Z,0.141
2026-06-05T00:30:00Z,0.142
2026-06-05T01:00:00Z,0.152
2026-06-05T01:30:00Z,0.403
2026-06-05T02:00:00Z,0.162
2026-06-05T02:30:00Z,0.161
2026-06-05T03:00:00Z,0.147
2026-06-05T03:30:00Z,0.513
2026-06-05T04:00:00Z,0.122
2026-06-05T04:30:00Z,0.126
2026-06-05T05:00:00Z,0.129
2026-06-05T05:30:00Z,0.143
2026-06-05T06:00:00Z,0.158
2026-06-05T06:30:00Z,0.153
2026-06-05T07:00:00Z,0.304
2026-06-05T07:30:00Z,0.382
2026-06-05T08:00:00Z,0.851
2026-06-05T08:30:00Z,1.143
2026-06-05T09:00:00Z,0.587
2026-06-05T09:30:00Z,0.83
2026-06-05T10:00:00Z,0.276
2026-06-05T10:30:00Z,0.153
2026-06-05T11:00:00Z,0.557
2026-06-05T11:30:00Z,0.106
2026-06-05T12:00:00Z,0.09
2026-06-05T12:30:00Z,0.086
2026-06-05T13:00:00Z,0.073
2026-06-05T13:30:00Z,0.073
2026-06-05T14:00:00Z,0.074
2026-06-05T14:30:00Z,0.167
2026-06-05T15:00:00Z,0.45
2026-06-05T15:30:00Z,0.87
2026-06-05T16:00:00Z,0.899
2026-06-05T16:30:00Z,0.434
2026-06-05T17:00:00Z,0.345
2026-06-05T17:30:00Z,0.363
2026-06-05T18:00:00Z,0.129
2026-06-05T18:30:00Z,0.264
2026-06-05T19:00:00Z,0.248
2026-06-05T19:30:00Z,0.115
2026-06-05T20:00:00Z,0.089
2026-06-05T20:30:00Z,0.113
2026-06-05T21:00:00Z,0.135
2026-06-05T21:30:00Z,0.101
2026-06-05T22:00:00Z,0.099
2026-06-05T22:30:00Z,0.094
2026-06-05T23:00:00Z,0.26
2026-06-05T23:30:00Z,0.253
2026-06-06T00:00:00Z,0.25
2026-06-06T00:30:00Z,0.244
2026-06-06T01:00:00Z,0.244
2026-06-06T01:30:00Z,0.244
2026-06-06T02:00:00Z,0.243
2026-06-06T02:30:00Z,0.242
2026-06-06T03:00:00Z,0.241
2026-06-06T03:30:00Z,0.239
2026-06-06T04:00:00Z,0.241
2026-06-06T04:30:00Z,0.245
2026-06-06T05:00:00Z,0.246
2026-06-06T05:30:00Z,0.248
2026-06-06T06:00:00Z,0.204
2026-06-06T06:30:00Z,0.202
2026-06-06T07:00:00Z,0.205
2026-06-06T07:30:00Z,0.197
2026-06-06T08:00:00Z,0.201
2026-06-06T08:30:00Z,0.204
2026-06-06T09:00:00Z,0.185
2026-06-06T09:30:00Z,0.166
2026-06-06T10:00:00Z,0.178
2026-06-06T10:30:00Z,0.195
2026-06-06T11:00:00Z,0.231
2026-06-06T11:30:00Z,0.258
2026-06-06T12:00:00Z,0.926
2026-06-06T12:30:00Z,0.525
2026-06-06T13:00:00Z,0.273
2026-06-06T13:30:00Z,0.253
2026-06-06T14:00:00Z,0.227
2026-06-06T14:30:00Z,0.26
2026-06-06T15:00:00Z,0.3
2026-06-06T15:30:00Z,0.279
2026-06-06T16:00:00Z,0.202
2026-06-06T16:30:00Z,0.2
2026-06-06T17:00:00Z,0.144
2026-06-06T17:30:00Z,0.145
2026-06-06T18:00:00Z,0.283
2026-06-06T18:30:00Z,0.245
2026-06-06T19:00:00Z,0.19
2026-06-06T19:30:00Z,0.221
2026-06-06T20:00:00Z,0.242
2026-06-06T20:30:00Z,0.264
2026-06-06T21:00:00Z,0.273
2026-06-06T21:30:00Z,0.27
2026-06-06T22:00:00Z,0.247
2026-06-06T22:30:00Z,0.237
2026-06-06T23:00:00Z,0.127
2026-06-06T23:30:00Z,0.124
2026-06-07T00:00:00Z,0.127
2026-06-07T00:30:00Z,0.128
2026-06-07T01:00:00Z,0.127
2026-06-07T01:30:00Z,0.128
2026-06-07T02:00:00Z,0.125
2026-06-07T02:30:00Z,0.129
2026-06-07T03:00:00Z,0.121
2026-06-07T03:30:00Z,0.127
2026-06-07T04:00:00Z,0.122
2026-06-07T04:30:00Z,0.121
2026-06-07T05:00:00Z,0.152
2026-06-07T05:30:00Z,0.145
2026-06-07T06:00:00Z,0.147
2026-06-07T06:30:00Z,0.177
2026-06-07T07:00:00Z,0.295
2026-06-07T07:30:00Z,0.224
2026-06-07T08:00:00Z,0.622
2026-06-07T08:30:00Z,0.96
2026-06-07T09:00:00Z,0.227
2026-06-07T09:30:00Z,0.414
2026-06-07T10:00:00Z,0.673
2026-06-07T10:30:00Z,0.61
2026-06-07T11:00:00Z,0.6
2026-06-07T11:30:00Z,0.149
2026-06-07T12:00:00Z,0.117
2026-06-07T12:30:00Z,0.115
2026-06-07T13:00:00Z,0.15
2026-06-07T13:30:00Z,0.484
2026-06-07T14:00:00Z,0.499
2026-06-07T14:30:00Z,0.475
2026-06-07T15:00:00Z,0.424
2026-06-07T15:30:00Z,0.236
2026-06-07T16:00:00Z,0.167
2026-06-07T16:30:00Z,0.184
2026-06-07T17:00:00Z,0.195
2026-06-07T17:30:00Z,0.137
2026-06-07T18:00:00Z,0.118
2026-06-07T18:30:00Z,0.119
2026-06-07T19:00:00Z,0.162
2026-06-07T19:30:00Z,0.154
2026-06-07T20:00:00Z,0.151
2026-06-07T20:30:00Z,0.149
2026-06-07T21:00:00Z,0.15
2026-06-07T21:30:00Z,0.161
2026-06-07T22:00:00Z,0.14
2026-06-07T22:30:00Z,0.159
2026-06-07T23:00:00Z,0.453
2026-06-07T23:30:00Z,0.197
2026-06-08T00:00:00Z,0.139
2026-06-08T00:30:00Z,0.135
2026-06-08T01:00:00Z,0.529
2026-06-08T01:30:00Z,0.119
2026-06-08T02:00:00Z,0.122
2026-06-08T02:30:00Z,0.122
2026-06-08T03:00:00Z,0.123
2026-06-08T03:30:00Z,0.122
2026-06-08T04:00:00Z,0.12
2026-06-08T04:30:00Z,0.123
2026-06-08T05:00:00Z,0.128
2026-06-08T05:30:00Z,0.131
2026-06-08T06:00:00Z,0.153
2026-06-08T06:30:00Z,0.177
2026-06-08T07:00:00Z,0.153
2026-06-08T07:30:00Z,0.215
2026-06-08T08:00:00Z,0.165
2026-06-08T08:30:00Z,0.284
2026-06-08T09:00:00Z,0.219
2026-06-08T09:30:00Z,0.196
2026-06-08T10:00:00Z,0.191
2026-06-08T10:30:00Z,0.165
2026-06-08T11:00:00Z,0.167
2026-06-08T11:30:00Z,0.174
2026-06-08T12:00:00Z,0.2
2026-06-08T12:30:00Z,0.196
2026-06-08T13:00:00Z,0.212
2026-06-08T13:30:00Z,0.203
2026-06-08T14:00:00Z,0.156
2026-06-08T14:30:00Z,0.215
2026-06-08T15:00:00Z,0.211
2026-06-08T15:30:00Z,0.216
2026-06-08T16:00:00Z,0.19
2026-06-08T16:30:00Z,0.213
2026-06-08T17:00:00Z,0.189
2026-06-08T17:30:00Z,0.326
2026-06-08T18:00:00Z,0.433
2026-06-08T18:30:00Z,0.259
2026-06-08T19:00:00Z,0.168
2026-06-08T19:30:00Z,0.161
2026-06-08T20:00:00Z,0.148
2026-06-08T20:30:00Z,0.175
2026-06-08T21:00:00Z,0.203
2026-06-08T21:30:00Z,0.206
2026-06-08T22:00:00Z,0.214
2026-06-08T22:30:00Z,0.458
2026-06-08T23:00:00Z,0.13
2026-06-08T23:30:00Z,0.129
2026-06-09T00:00:00Z,0.408
2026-06-09T00:30:00Z,0.147
2026-06-09T01:00:00Z,0.149
2026-06-09T01:30:00Z,0.144
2026-06-09T02:00:00Z,0.539
2026-06-09T02:30:00Z,0.128
2026-06-09T03:00:00Z,0.119
2026-06-09T03:30:00Z,0.102
2026-06-09T04:00:00Z,0.115
2026-06-09T04:30:00Z,0.114
2026-06-09T05:00:00Z,0.111
2026-06-09T05:30:00Z,0.109
2026-06-09T06:00:00Z,0.134
2026-06-09T06:30:00Z,0.208
2026-06-09T07:00:00Z,0.196
2026-06-09T07:30:00Z,0.292
2026-06-09T08:00:00Z,0.184
2026-06-09T08:30:00Z,0.184
2026-06-09T09:00:00Z,0.183
2026-06-09T09:30:00Z,0.176
2026-06-09T10:00:00Z,0.175
2026-06-09T10:30:00Z,0.317
2026-06-09T11:00:00Z,0.177
2026-06-09T11:30:00Z,0.276
2026-06-09T12:00:00Z,0.197
2026-06-09T12:30:00Z,0.198
2026-06-09T13:00:00Z,0.189
2026-06-09T13:30:00Z,0.19
2026-06-09T14:00:00Z,0.197
2026-06-09T14:30:00Z,0.18
2026-06-09T15:00:00Z,0.253
2026-06-09T15:30:00Z,0.289
2026-06-09T16:00:00Z,0.19
2026-06-09T16:30:00Z,0.174
2026-06-09T17:00:00Z,0.214
2026-06-09T17:30:00Z,0.208
2026-06-09T18:00:00Z,0.249
2026-06-09T18:30:00Z,0.247
2026-06-09T19:00:00Z,0.227
2026-06-09T19:30:00Z,0.138
2026-06-09T20:00:00Z,0.137
2026-06-09T20:30:00Z,0.148
2026-06-09T21:00:00Z,0.152
2026-06-09T21:30:00Z,0.153
2026-06-09T22:00:00Z,0.171
2026-06-09T22:30:00Z,0.147
2026-06-09T23:00:00Z,0.22
2026-06-09T23:30:00Z,0.217
2026-06-10T00:00:00Z,0.214
2026-06-10T00:30:00Z,0.208
2026-06-10T01:00:00Z,0.2
2026-06-10T01:30:00Z,0.199
2026-06-10T02:00:00Z,0.17
2026-06-10T02:30:00Z,0.192
2026-06-10T03:00:00Z,0.176
2026-06-10T03:30:00Z,0.168
2026-06-10T04:00:00Z,0.169
2026-06-10T04:30:00Z,0.168
2026-06-10T05:00:00Z,0.154
2026-06-10T05:30:00Z,0.152
2026-06-10T06:00:00Z,0.168
2026-06-10T06:30:00Z,0.187
2026-06-10T07:00:00Z,0.244
2026-06-10T07:30:00Z,0.661
2026-06-10T08:00:00Z,0.494
2026-06-10T08:30:00Z,0.814
2026-06-10T09:00:00Z,0.264
2026-06-10T09:30:00Z,0.35
2026-06-10T10:00:00Z,0.29
2026-06-10T10:30:00Z,0.243
2026-06-10T11:00:00Z,0.386
2026-06-10T11:30:00Z,0.531
2026-06-10T12:00:00Z,0.279
2026-06-10T12:30:00Z,0.266
2026-06-10T13:00:00Z,0.209
2026-06-10T13:30:00Z,0.226
2026-06-10T14:00:00Z,0.204
2026-06-10T14:30:00Z,0.219
2026-06-10T15:00:00Z,0.241
2026-06-10T15:30:00Z,0.333
2026-06-10T16:00:00Z,0.231
2026-06-10T16:30:00Z,0.232
2026-06-10T17:00:00Z,0.225
2026-06-10T17:30:00Z,0.47
2026-06-10T18:00:00Z,0.277
2026-06-10T18:30:00Z,0.245
2026-06-10T19:00:00Z,0.229
2026-06-10T19:30:00Z,0.484
2026-06-10T20:00:00Z,0.273
2026-06-10T20:30:00Z,0.206
2026-06-10T21:00:00Z,0.228
2026-06-10T21:30:00Z,0.625
2026-06-10T22:00:00Z,0.274
2026-06-10T22:30:00Z,0.264
2026-06-10T23:00:00Z,0.518
2026-06-10T23:30:00Z,0.527
2026-06-11T00:00:00Z,0.58
2026-06-11T00:30:00Z,0.472
2026-06-11T01:00:00Z,0.451
2026-06-11T01:30:00Z,0.385
2026-06-11T02:00:00Z,0.341
2026-06-11T02:30:00Z,0.172
2026-06-11T03:00:00Z,0.175
2026-06-11T03:30:00Z,0.16
2026-06-11T04:00:00Z,0.159
2026-06-11T04:30:00Z,0.158
2026-06-11T05:00:00Z,0.159
2026-06-11T05:30:00Z,0.159
2026-06-11T06:00:00Z,0.17
2026-06-11T06:30:00Z,0.181
2026-06-11T07:00:00Z,0.178
2026-06-11T07:30:00Z,0.239
2026-06-11T08:00:00Z,0.212
2026-06-11T08:30:00Z,0.226
2026-06-11T09:00:00Z,0.321
2026-06-11T09:30:00Z,0.244
2026-06-11T10:00:00Z,0.194
2026-06-11T10:30:00Z,0.184
2026-06-11T11:00:00Z,0.386
2026-06-11T11:30:00Z,0.208
2026-06-11T12:00:00Z,0.215
2026-06-11T12:30:00Z,0.189
2026-06-11T13:00:00Z,0.193
2026-06-11T13:30:00Z,0.194
2026-06-11T14:00:00Z,0.19
2026-06-11T14:30:00Z,0.22
2026-06-11T15:00:00Z,0.218
2026-06-11T15:30:00Z,0.218
2026-06-11T16:00:00Z,0.383
2026-06-11T16:30:00Z,0.335
2026-06-11T17:00:00Z,0.324
2026-06-11T17:30:00Z,0.45
2026-06-11T18:00:00Z,0.185
2026-06-11T18:30:00Z,0.188
2026-06-11T19:00:00Z,0.195
2026-06-11T19:30:00Z,0.192
2026-06-11T20:00:00Z,0.208
2026-06-11T20:30:00Z,0.216
2026-06-11T21:00:00Z,0.221
2026-06-11T21:30:00Z,0.23
2026-06-11T22:00:00Z,0.257
2026-06-11T22:30:00Z,0.236
2026-06-11T23:00:00Z,0.239
2026-06-11T23:30:00Z,0.186
2026-06-12T00:00:00Z,0.187
2026-06-12T00:30:00Z,0.188
2026-06-12T01:00:00Z,0.186
2026-06-12T01:30:00Z,0.187
2026-06-12T02:00:00Z,0.188
2026-06-12T02:30:00Z,0.176
2026-06-12T03:00:00Z,0.173
2026-06-12T03:30:00Z,0.17
2026-06-12T04:00:00Z,0.176
2026-06-12T04:30:00Z,0.178
2026-06-12T05:00:00Z,0.181
2026-06-12T05:30:00Z,0.187
2026-06-12T06:00:00Z,0.197
2026-06-12T06:30:00Z,0.215
2026-06-12T07:00:00Z,0.379
2026-06-12T07:30:00Z,0.706
2026-06-12T08:00:00Z,0.479
2026-06-12T08:30:00Z,0.257
2026-06-12T09:00:00Z,0.585
2026-06-12T09:30:00Z,0.203
2026-06-12T10:00:00Z,0.214
2026-06-12T10:30:00Z,0.218
2026-06-12T11:00:00Z,0.263
2026-06-12T11:30:00Z,0.243
2026-06-12T12:00:00Z,0.217
2026-06-12T12:30:00Z,0.199
2026-06-12T13:00:00Z,0.329
2026-06-12T13:30:00Z,0.226
2026-06-12T14:00:00Z,0.244
2026-06-12T14:30:00Z,0.206
2026-06-12T15:00:00Z,0.238
2026-06-12T15:30:00Z,0.477
2026-06-12T16:00:00Z,0.471
2026-06-12T16:30:00Z,0.415
2026-06-12T17:00:00Z,0.213
2026-06-12T17:30:00Z,0.27
2026-06-12T18:00:00Z,0.241
2026-06-12T18:30:00Z,0.37
2026-06-12T19:00:00Z,0.224
2026-06-12T19:30:00Z,0.209
2026-06-12T20:00:00Z,0.2
2026-06-12T20:30:00Z,0.247
2026-06-12T21:00:00Z,0.262
2026-06-12T21:30:00Z,0.253
2026-06-12T22:00:00Z,0.195
2026-06-12T22:30:00Z,0.185
2026-06-12T23:00:00Z,0.205
2026-06-12T23:30:00Z,0.203
2026-06-13T00:00:00Z,0.186
2026-06-13T00:30:00Z,0.176
2026-06-13T01:00:00Z,0.175
2026-06-13T01:30:00Z,0.174
2026-06-13T02:00:00Z,0.174
2026-06-13T02:30:00Z,0.174
2026-06-13T03:00:00Z,0.174
2026-06-13T03:30:00Z,0.173
2026-06-13T04:00:00Z,0.176
2026-06-13T04:30:00Z,0.173
2026-06-13T05:00:00Z,0.174
2026-06-13T05:30:00Z,0.175
2026-06-13T06:00:00Z,0.174
2026-06-13T06:30:00Z,0.172
2026-06-13T07:00:00Z,0.175
2026-06-13T07:30:00Z,0.176
2026-06-13T08:00:00Z,0.216
2026-06-13T08:30:00Z,0.255
2026-06-13T09:00:00Z,0.6
2026-06-13T09:30:00Z,0.299
2026-06-13T10:00:00Z,0.614
2026-06-13T10:30:00Z,0.619
2026-06-13T11:00:00Z,0.275
2026-06-13T11:30:00Z,0.529
2026-06-13T12:00:00Z,0.533
2026-06-13T12:30:00Z,0.446
2026-06-13T13:00:00Z,0.39
2026-06-13T13:30:00Z,0.401
2026-06-13T14:00:00Z,0.392
2026-06-13T14:30:00Z,0.385
2026-06-13T15:00:00Z,0.419
2026-06-13T15:30:00Z,0.459
2026-06-13T16:00:00Z,0.601
2026-06-13T16:30:00Z,0.506
2026-06-13T17:00:00Z,0.16
2026-06-13T17:30:00Z,0.498
2026-06-13T18:00:00Z,0.152
2026-06-13T18:30:00Z,0.208
2026-06-13T19:00:00Z,0.204
2026-06-13T19:30:00Z,0.209
2026-06-13T20:00:00Z,0.256
2026-06-13T20:30:00Z,0.205
2026-06-13T21:00:00Z,0.252
2026-06-13T21:30:00Z,0.245
2026-06-13T22:00:00Z,0.238
2026-06-13T22:30:00Z,0.263
2026-06-13T23:00:00Z,0.22
2026-06-13T23:30:00Z,0.221
2026-06-14T00:00:00Z,0.217
2026-06-14T00:30:00Z,0.216
2026-06-14T01:00:00Z,0.219
2026-06-14T01:30:00Z,0.215
2026-06-14T02:00:00Z,0.214
2026-06-14T02:30:00Z,0.214
2026-06-14T03:00:00Z,0.213
2026-06-14T03:30:00Z,0.213
2026-06-14T04:00:00Z,0.21
2026-06-14T04:30:00Z,0.184
2026-06-14T05:00:00Z,0.184
2026-06-14T05:30:00Z,0.186
2026-06-14T06:00:00Z,0.188
2026-06-14T06:30:00Z,0.186
2026-06-14T07:00:00Z,0.194
2026-06-14T07:30:00Z,0.216
2026-06-14T08:00:00Z,0.289
2026-06-14T08:30:00Z,0.326
2026-06-14T09:00:00Z,0.272
2026-06-14T09:30:00Z,0.302
2026-06-14T10:00:00Z,0.777
2026-06-14T10:30:00Z,0.484
2026-06-14T11:00:00Z,0.325
2026-06-14T11:30:00Z,0.274
2026-06-14T12:00:00Z,0.224
2026-06-14T12:30:00Z,0.425
2026-06-14T13:00:00Z,0.665
2026-06-14T13:30:00Z,0.48
2026-06-14T14:00:00Z,0.481
2026-06-14T14:30:00Z,0.478
2026-06-14T15:00:00Z,0.534
2026-06-14T15:30:00Z,0.527
2026-06-14T16:00:00Z,0.767
2026-06-14T16:30:00Z,0.242
2026-06-14T17:00:00Z,0.474
2026-06-14T17:30:00Z,0.524
2026-06-14T18:00:00Z,0.513
2026-06-14T18:30:00Z,0.632
2026-06-14T19:00:00Z,0.28
2026-06-14T19:30:00Z,0.308
2026-06-14T20:00:00Z,0.255
2026-06-14T20:30:00Z,0.218
2026-06-14T21:00:00Z,0.218
2026-06-14T21:30:00Z,0.231
2026-06-14T22:00:00Z,0.245
2026-06-14T22:30:00Z,0.242
2026-06-14T23:00:00Z,0.192
2026-06-14T23:30:00Z,0.195
2026-06-15T00:00:00Z,0.188
2026-06-15T00:30:00Z,0.184
2026-06-15T01:00:00Z,0.177
2026-06-15T01:30:00Z,0.186
2026-06-15T02:00:00Z,0.182
2026-06-15T02:30:00Z,0.182
2026-06-15T03:00:00Z,0.182
2026-06-15T03:30:00Z,0.179
2026-06-15T04:00:00Z,0.177
2026-06-15T04:30:00Z,0.183
2026-06-15T05:00:00Z,0.201
2026-06-15T05:30:00Z,0.19
2026-06-15T06:00:00Z,0.185
2026-06-15T06:30:00Z,0.195
2026-06-15T07:00:00Z,0.195
2026-06-15T07:30:00Z,0.326
2026-06-15T08:00:00Z,0.434
2026-06-15T08:30:00Z,0.373
2026-06-15T09:00:00Z,0.423
2026-06-15T09:30:00Z,0.551
2026-06-15T10:00:00Z,0.27
2026-06-15T10:30:00Z,0.271
2026-06-15T11:00:00Z,0.203
2026-06-15T11:30:00Z,0.37
2026-06-15T12:00:00Z,0.55
2026-06-15T12:30:00Z,0.409
2026-06-15T13:00:00Z,0.617
2026-06-15T13:30:00Z,0.26
2026-06-15T14:00:00Z,0.232
2026-06-15T14:30:00Z,0.222
2026-06-15T15:00:00Z,0.239
2026-06-15T15:30:00Z,0.264
2026-06-15T16:00:00Z,0.269
2026-06-15T16:30:00Z,0.239
2026-06-15T17:00:00Z,0.213
2026-06-15T17:30:00Z,0.206
2026-06-15T18:00:00Z,0.196
2026-06-15T18:30:00Z,0.201
2026-06-15T19:00:00Z,0.219
2026-06-15T19:30:00Z,0.224
2026-06-15T20:00:00Z,0.215
2026-06-15T20:30:00Z,0.225
2026-06-15T21:00:00Z,0.25
2026-06-15T21:30:00Z,0.251
2026-06-15T22:00:00Z,0.233
2026-06-15T22:30:00Z,0.19
2026-06-15T23:00:00Z,0.433
2026-06-15T23:30:00Z,0.13
2026-06-16T00:00:00Z,0.544
2026-06-16T00:30:00Z,0.112
2026-06-16T01:00:00Z,0.113
2026-06-16T01:30:00Z,0.116
2026-06-16T02:00:00Z,0.112
2026-06-16T02:30:00Z,0.11
2026-06-16T03:00:00Z,0.109
2026-06-16T03:30:00Z,0.109
2026-06-16T04:00:00Z,0.111
2026-06-16T04:30:00Z,0.113
2026-06-16T05:00:00Z,0.113
2026-06-16T05:30:00Z,0.112
2026-06-16T06:00:00Z,0.122
2026-06-16T06:30:00Z,0.135
2026-06-16T07:00:00Z,0.149
2026-06-16T07:30:00Z,0.261
2026-06-16T08:00:00Z,0.444
2026-06-16T08:30:00Z,0.359
2026-06-16T09:00:00Z,0.426
2026-06-16T09:30:00Z,0.182
2026-06-16T10:00:00Z,0.185
2026-06-16T10:30:00Z,0.151
2026-06-16T11:00:00Z,0.167
2026-06-16T11:30:00Z,0.198
2026-06-16T12:00:00Z,0.198
2026-06-16T12:30:00Z,0.206
2026-06-16T13:00:00Z,0.211
2026-06-16T13:30:00Z,0.21
2026-06-16T14:00:00Z,0.213
2026-06-16T14:30:00Z,0.202
2026-06-16T15:00:00Z,0.271
2026-06-16T15:30:00Z,0.203
2026-06-16T16:00:00Z,0.476
2026-06-16T16:30:00Z,0.341
2026-06-16T17:00:00Z,0.288
2026-06-16T17:30:00Z,0.261
2026-06-16T18:00:00Z,0.344
2026-06-16T18:30:00Z,0.691
2026-06-16T19:00:00Z,0.396
2026-06-16T19:30:00Z,0.195
2026-06-16T20:00:00Z,0.193
2026-06-16T20:30:00Z,0.201
2026-06-16T21:00:00Z,0.185
2026-06-16T21:30:00Z,0.148
2026-06-16T22:00:00Z,0.152
2026-06-16T22:30:00Z,0.152
2026-06-16T23:00:00Z,0.184
2026-06-16T23:30:00Z,0.185
2026-06-17T00:00:00Z,0.546
2026-06-17T00:30:00Z,0.468
2026-06-17T01:00:00Z,0.204
2026-06-17T01:30:00Z,0.575
2026-06-17T02:00:00Z,0.191
2026-06-17T02:30:00Z,0.184
2026-06-17T03:00:00Z,0.172
2026-06-17T03:30:00Z,0.173
2026-06-17T04:00:00Z,0.174
2026-06-17T04:30:00Z,0.174
2026-06-17T05:00:00Z,0.18
2026-06-17T05:30:00Z,0.183
2026-06-17T06:00:00Z,0.188
2026-06-17T06:30:00Z,0.171
2026-06-17T07:00:00Z,0.18
2026-06-17T07:30:00Z,0.21
2026-06-17T08:00:00Z,0.197
2026-06-17T08:30:00Z,0.297
2026-06-17T09:00:00Z,0.435
2026-06-17T09:30:00Z,0.183
2026-06-17T10:00:00Z,0.149
2026-06-17T10:30:00Z,0.132
2026-06-17T11:00:00Z,0.116
2026-06-17T11:30:00Z,0.123
2026-06-17T12:00:00Z,0.309
2026-06-17T12:30:00Z,0.14
2026-06-17T13:00:00Z,0.131
2026-06-17T13:30:00Z,0.358
2026-06-17T14:00:00Z,0.348
2026-06-17T14:30:00Z,0.159
2026-06-17T15:00:00Z,0.152
2026-06-17T15:30:00Z,0.148
2026-06-17T16:00:00Z,0.106
2026-06-17T16:30:00Z,0.11
2026-06-17T17:00:00Z,0.248
2026-06-17T17:30:00Z,0.117
2026-06-17T18:00:00Z,0.108
2026-06-17T18:30:00Z,0.121
2026-06-17T19:00:00Z,0.522
2026-06-17T19:30:00Z,0.364
2026-06-17T20:00:00Z,0.157
2026-06-17T20:30:00Z,0.162
2026-06-17T21:00:00Z,0.306
2026-06-17T21:30:00Z,0.5
2026-06-17T22:00:00Z,0.54
2026-06-17T22:30:00Z,0.447
2026-06-17T23:00:00Z,0.132
2026-06-17T23:30:00Z,0.151
2026-06-18T00:00:00Z,0.146
2026-06-18T00:30:00Z,0.146
2026-06-18T01:00:00Z,0.107
2026-06-18T01:30:00Z,0.101
2026-06-18T02:00:00Z,0.103
2026-06-18T02:30:00Z,0.116
2026-06-18T03:00:00Z,0.129
2026-06-18T03:30:00Z,0.126
2026-06-18T04:00:00Z,0.096
2026-06-18T04:30:00Z,0.096
2026-06-18T05:00:00Z,0.104
2026-06-18T05:30:00Z,0.125
2026-06-18T06:00:00Z,0.127
2026-06-18T06:30:00Z,0.147
2026-06-18T07:00:00Z,0.145
2026-06-18T07:30:00Z,0.229
2026-06-18T08:00:00Z,0.132
2026-06-18T08:30:00Z,0.188
2026-06-18T09:00:00Z,0.179
2026-06-18T09:30:00Z,0.179
2026-06-18T10:00:00Z,0.176
2026-06-18T10:30:00Z,0.159
2026-06-18T11:00:00Z,0.389
2026-06-18T11:30:00Z,0.199
2026-06-18T12:00:00Z,0.476
2026-06-18T12:30:00Z,0.2
2026-06-18T13:00:00Z,0.253
2026-06-18T13:30:00Z,0.192
2026-06-18T14:00:00Z,0.567
2026-06-18T14:30:00Z,0.151
2026-06-18T15:00:00Z,0.169
2026-06-18T15:30:00Z,0.198
2026-06-18T16:00:00Z,0.182
2026-06-18T16:30:00Z,0.167
2026-06-18T17:00:00Z,0.167
2026-06-18T17:30:00Z,0.25
2026-06-18T18:00:00Z,0.593
2026-06-18T18:30:00Z,0.218
2026-06-18T19:00:00Z,0.179
2026-06-18T19:30:00Z,0.171
2026-06-18T20:00:00Z,0.18
2026-06-18T20:30:00Z,0.164
2026-06-18T21:00:00Z,0.393
2026-06-18T21:30:00Z,0.529
2026-06-18T22:00:00Z,0.5
2026-06-18T22:30:00Z,0.39
2026-06-18T23:00:00Z,0.186
2026-06-18T23:30:00Z,0.186
2026-06-19T00:00:00Z,0.187
2026-06-19T00:30:00Z,0.186
2026-06-19T01:00:00Z,0.177
2026-06-19T01:30:00Z,0.155
2026-06-19T02:00:00Z,0.158
2026-06-19T02:30:00Z,0.155
2026-06-19T03:00:00Z,0.155
2026-06-19T03:30:00Z,0.154
2026-06-19T04:00:00Z,0.163
2026-06-19T04:30:00Z,0.18
2026-06-19T05:00:00Z,0.18
2026-06-19T05:30:00Z,0.187
2026-06-19T06:00:00Z,0.185
2026-06-19T06:30:00Z,0.227
2026-06-19T07:00:00Z,0.225
2026-06-19T07:30:00Z,0.248
2026-06-19T08:00:00Z,0.183
2026-06-19T08:30:00Z,0.185
2026-06-19T09:00:00Z,0.185
2026-06-19T09:30:00Z,0.38
2026-06-19T10:00:00Z,0.273
2026-06-19T10:30:00Z,0.249
2026-06-19T11:00:00Z,0.36
2026-06-19T11:30:00Z,0.476
2026-06-19T12:00:00Z,0.347
2026-06-19T12:30:00Z,0.357
2026-06-19T13:00:00Z,0.392
2026-06-19T13:30:00Z,0.281
2026-06-19T14:00:00Z,0.318
2026-06-19T14:30:00Z,0.429
2026-06-19T15:00:00Z,0.627
2026-06-19T15:30:00Z,0.517
2026-06-19T16:00:00Z,0.534
2026-06-19T16:30:00Z,0.504
2026-06-19T17:00:00Z,0.316
2026-06-19T17:30:00Z,0.41
2026-06-19T18:00:00Z,0.635
2026-06-19T18:30:00Z,0.259
2026-06-19T19:00:00Z,0.257
2026-06-19T19:30:00Z,0.242
2026-06-19T20:00:00Z,0.28
2026-06-19T20:30:00Z,0.477
2026-06-19T21:00:00Z,0.255
2026-06-19T21:30:00Z,0.262
2026-06-19T22:00:00Z,0.257
2026-06-19T22:30:00Z,0.625
2026-06-19T23:00:00Z,0.121
2026-06-19T23:30:00Z,0.141
2026-06-20T00:00:00Z,0.17
2026-06-20T00:30:00Z,0.172
2026-06-20T01:00:00Z,0.162
2026-06-20T01:30:00Z,0.106
2026-06-20T02:00:00Z,0.118
2026-06-20T02:30:00Z,0.112
2026-06-20T03:00:00Z,0.109
2026-06-20T03:30:00Z,0.11
2026-06-20T04:00:00Z,0.118
2026-06-20T04:30:00Z,0.135
2026-06-20T05:00:00Z,0.136
2026-06-20T05:30:00Z,0.139
2026-06-20T06:00:00Z,0.574
2026-06-20T06:30:00Z,0.433
2026-06-20T07:00:00Z,0.234
2026-06-20T07:30:00Z,0.455
2026-06-20T08:00:00Z,0.155
2026-06-20T08:30:00Z,0.161
2026-06-20T09:00:00Z,0.216
2026-06-20T09:30:00Z,0.545
2026-06-20T10:00:00Z,0.362
2026-06-20T10:30:00Z,0.377
2026-06-20T11:00:00Z,0.15
2026-06-20T11:30:00Z,0.18
2026-06-20T12:00:00Z,1.028
2026-06-20T12:30:00Z,0.586
2026-06-20T13:00:00Z,0.402
2026-06-20T13:30:00Z,0.553
2026-06-20T14:00:00Z,0.182
2026-06-20T14:30:00Z,0.348
2026-06-20T15:00:00Z,0.491
2026-06-20T15:30:00Z,0.585
2026-06-20T16:00:00Z,0.436
2026-06-20T16:30:00Z,0.478
2026-06-20T17:00:00Z,0.37
2026-06-20T17:30:00Z,0.141
2026-06-20T18:00:00Z,0.123
2026-06-20T18:30:00Z,0.127
2026-06-20T19:00:00Z,0.123
2026-06-20T19:30:00Z,0.173
2026-06-20T20:00:00Z,0.185
2026-06-20T20:30:00Z,0.27
2026-06-20T21:00:00Z,0.212
2026-06-20T21:30:00Z,0.207
2026-06-20T22:00:00Z,0.209
2026-06-20T22:30:00Z,0.145
2026-06-20T23:00:00Z,0.164
2026-06-20T23:30:00Z,0.149
2026-06-21T00:00:00Z,0.155
2026-06-21T00:30:00Z,0.151
2026-06-21T01:00:00Z,0.147
2026-06-21T01:30:00Z,0.145
2026-06-21T02:00:00Z,0.154
2026-06-21T02:30:00Z,0.148
2026-06-21T03:00:00Z,0.372
2026-06-21T03:30:00Z,0.219
2026-06-21T04:00:00Z,0.209
2026-06-21T04:30:00Z,0.146
2026-06-21T05:00:00Z,0.401
2026-06-21T05:30:00Z,0.14
2026-06-21T06:00:00Z,0.141
2026-06-21T06:30:00Z,0.543
2026-06-21T07:00:00Z,0.133
2026-06-21T07:30:00Z,0.138
2026-06-21T08:00:00Z,0.17
2026-06-21T08:30:00Z,0.29
2026-06-21T09:00:00Z,0.189
2026-06-21T09:30:00Z,0.322
2026-06-21T10:00:00Z,0.532
2026-06-21T10:30:00Z,0.539
2026-06-21T11:00:00Z,0.433
2026-06-21T11:30:00Z,0.432
2026-06-21T12:00:00Z,0.146
2026-06-21T12:30:00Z,0.131
2026-06-21T13:00:00Z,0.13
2026-06-21T13:30:00Z,0.128
2026-06-21T14:00:00Z,0.143
2026-06-21T14:30:00Z,0.127
2026-06-21T15:00:00Z,0.155
2026-06-21T15:30:00Z,0.167
2026-06-21T16:00:00Z,0.217
2026-06-21T16:30:00Z,0.209
2026-06-21T17:00:00Z,0.182
2026-06-21T17:30:00Z,0.175
2026-06-21T18:00:00Z,0.17
2026-06-21T18:30:00Z,0.196
2026-06-21T19:00:00Z,0.179
2026-06-21T19:30:00Z,0.277
2026-06-21T20:00:00Z,0.305
2026-06-21T20:30:00Z,0.195
2026-06-21T21:00:00Z,0.175
2026-06-21T21:30:00Z,0.177
2026-06-21T22:00:00Z,0.174
2026-06-21T22:30:00Z,0.18
2026-06-21T23:00:00Z,0.11
2026-06-21T23:30:00Z,0.07
2026-06-22T00:00:00Z,0.063
2026-06-22T00:30:00Z,0.06
2026-06-22T01:00:00Z,0.061
2026-06-22T01:30:00Z,0.06
2026-06-22T02:00:00Z,0.321
2026-06-22T02:30:00Z,0.079
2026-06-22T03:00:00Z,0.078
2026-06-22T03:30:00Z,0.446
2026-06-22T04:00:00Z,0.061
2026-06-22T04:30:00Z,0.059
2026-06-22T05:00:00Z,0.059
2026-06-22T05:30:00Z,0.059
2026-06-22T06:00:00Z,0.08
2026-06-22T06:30:00Z,0.105
2026-06-22T07:00:00Z,0.152
2026-06-22T07:30:00Z,0.23
2026-06-22T08:00:00Z,0.137
2026-06-22T08:30:00Z,0.106
2026-06-22T09:00:00Z,0.1
2026-06-22T09:30:00Z,0.095
2026-06-22T10:00:00Z,0.124
2026-06-22T10:30:00Z,0.409
2026-06-22T11:00:00Z,0.257
2026-06-22T11:30:00Z,0.147
2026-06-22T12:00:00Z,0.137
2026-06-22T12:30:00Z,0.118
2026-06-22T13:00:00Z,0.099
2026-06-22T13:30:00Z,0.093
2026-06-22T14:00:00Z,0.447
2026-06-22T14:30:00Z,0.137
2026-06-22T15:00:00Z,0.107
2026-06-22T15:30:00Z,0.264
2026-06-22T16:00:00Z,0.263
2026-06-22T16:30:00Z,0.107
2026-06-22T17:00:00Z,0.112
2026-06-22T17:30:00Z,0.232
2026-06-22T18:00:00Z,0.191
2026-06-22T18:30:00Z,0.146
2026-06-22T19:00:00Z,0.309
2026-06-22T19:30:00Z,0.521
2026-06-22T20:00:00Z,0.482
2026-06-22T20:30:00Z,0.177
2026-06-22T21:00:00Z,0.151
2026-06-22T21:30:00Z,0.192
2026-06-22T22:00:00Z,0.167
2026-06-22T22:30:00Z,0.158
2026-06-22T23:00:00Z,0.157
2026-06-22T23:30:00Z,0.142
2026-06-23T00:00:00Z,0.137
2026-06-23T00:30:00Z,0.14
2026-06-23T01:00:00Z,0.144
2026-06-23T01:30:00Z,0.145
2026-06-23T02:00:00Z,0.139
2026-06-23T02:30:00Z,0.114
2026-06-23T03:00:00Z,0.11
2026-06-23T03:30:00Z,0.11
2026-06-23T04:00:00Z,0.111
2026-06-23T04:30:00Z,0.108
2026-06-23T05:00:00Z,0.104
2026-06-23T05:30:00Z,0.108
2026-06-23T06:00:00Z,0.113
2026-06-23T06:30:00Z,0.134
2026-06-23T07:00:00Z,0.366
2026-06-23T07:30:00Z,0.712
2026-06-23T08:00:00Z,0.194
2026-06-23T08:30:00Z,0.536
2026-06-23T09:00:00Z,0.189
2026-06-23T09:30:00Z,0.146
2026-06-23T10:00:00Z,0.143
2026-06-23T10:30:00Z,0.171
2026-06-23T11:00:00Z,0.704
2026-06-23T11:30:00Z,0.172
2026-06-23T12:00:00Z,0.174
2026-06-23T12:30:00Z,0.144
2026-06-23T13:00:00Z,0.141
2026-06-23T13:30:00Z,0.18
2026-06-23T14:00:00Z,0.198
2026-06-23T14:30:00Z,0.23
2026-06-23T15:00:00Z,0.239
2026-06-23T15:30:00Z,0.486
2026-06-23T16:00:00Z,0.606
2026-06-23T16:30:00Z,0.216
2026-06-23T17:00:00Z,0.211
2026-06-23T17:30:00Z,0.485
2026-06-23T18:00:00Z,0.189
2026-06-23T18:30:00Z,0.185
2026-06-23T19:00:00Z,0.278
2026-06-23T19:30:00Z,0.224
2026-06-23T20:00:00Z,0.184
2026-06-23T20:30:00Z,0.178
2026-06-23T21:00:00Z,0.187
2026-06-23T21:30:00Z,0.158
2026-06-23T22:00:00Z,0.159
2026-06-23T22:30:00Z,0.161
2026-06-23T23:00:00Z,0.232
2026-06-23T23:30:00Z,0.2
2026-06-24T00:00:00Z,0.563
2026-06-24T00:30:00Z,0.174
2026-06-24T01:00:00Z,0.171
2026-06-24T01:30:00Z,0.169
2026-06-24T02:00:00Z,0.166
2026-06-24T02:30:00Z,0.164
2026-06-24T03:00:00Z,0.165
2026-06-24T03:30:00Z,0.17
2026-06-24T04:00:00Z,0.179
2026-06-24T04:30:00Z,0.168
2026-06-24T05:00:00Z,0.175
2026-06-24T05:30:00Z,0.15
2026-06-24T06:00:00Z,0.163
2026-06-24T06:30:00Z,0.182
2026-06-24T07:00:00Z,0.182
2026-06-24T07:30:00Z,0.186
2026-06-24T08:00:00Z,0.184
2026-06-24T08:30:00Z,0.15
2026-06-24T09:00:00Z,0.183
2026-06-24T09:30:00Z,0.147
2026-06-24T10:00:00Z,0.178
2026-06-24T10:30:00Z,0.229
2026-06-24T11:00:00Z,0.196
2026-06-24T11:30:00Z,0.214
2026-06-24T12:00:00Z,0.215
2026-06-24T12:30:00Z,0.243
2026-06-24T13:00:00Z,0.241
2026-06-24T13:30:00Z,0.168
2026-06-24T14:00:00Z,0.156
2026-06-24T14:30:00Z,0.168
2026-06-24T15:00:00Z,0.198
2026-06-24T15:30:00Z,0.225
2026-06-24T16:00:00Z,0.237
2026-06-24T16:30:00Z,0.449
2026-06-24T17:00:00Z,0.406
2026-06-24T17:30:00Z,0.188
2026-06-24T18:00:00Z,0.754
2026-06-24T18:30:00Z,0.31
2026-06-24T19:00:00Z,0.566
2026-06-24T19:30:00Z,0.312
2026-06-24T20:00:00Z,0.444
2026-06-24T20:30:00Z,0.158
2026-06-24T21:00:00Z,0.151
2026-06-24T21:30:00Z,0.349
2026-06-24T22:00:00Z,0.511
2026-06-24T22:30:00Z,0.48
2026-06-24T23:00:00Z,0.157
2026-06-24T23:30:00Z,0.141
2026-06-25T00:00:00Z,0.128
2026-06-25T00:30:00Z,0.12
2026-06-25T01:00:00Z,0.102
2026-06-25T01:30:00Z,0.103
2026-06-25T02:00:00Z,0.108
2026-06-25T02:30:00Z,0.107
2026-06-25T03:00:00Z,0.107
2026-06-25T03:30:00Z,0.105
2026-06-25T04:00:00Z,0.103
2026-06-25T04:30:00Z,0.102
2026-06-25T05:00:00Z,0.103
2026-06-25T05:30:00Z,0.108
2026-06-25T06:00:00Z,0.127
2026-06-25T06:30:00Z,0.352
2026-06-25T07:00:00Z,0.687
2026-06-25T07:30:00Z,0.506
2026-06-25T08:00:00Z,0.644
2026-06-25T08:30:00Z,0.43
2026-06-25T09:00:00Z,0.393
2026-06-25T09:30:00Z,0.253
2026-06-25T10:00:00Z,0.224
2026-06-25T10:30:00Z,0.23
2026-06-25T11:00:00Z,0.218
2026-06-25T11:30:00Z,0.167
2026-06-25T12:00:00Z,0.161
2026-06-25T12:30:00Z,0.158
2026-06-25T13:00:00Z,0.173
2026-06-25T13:30:00Z,0.165
2026-06-25T14:00:00Z,0.149
2026-06-25T14:30:00Z,0.161
2026-06-25T15:00:00Z,0.215
2026-06-25T15:30:00Z,0.218
2026-06-25T16:00:00Z,0.223
2026-06-25T16:30:00Z,0.198
2026-06-25T17:00:00Z,0.195
2026-06-25T17:30:00Z,0.198
2026-06-25T18:00:00Z,0.213
2026-06-25T18:30:00Z,0.161
2026-06-25T19:00:00Z,0.161
2026-06-25T19:30:00Z,0.158
2026-06-25T20:00:00Z,0.155
2026-06-25T20:30:00Z,0.15
2026-06-25T21:00:00Z,0.18
2026-06-25T21:30:00Z,0.222
2026-06-25T22:00:00Z,0.2
2026-06-25T22:30:00Z,0.195
2026-06-25T23:00:00Z,0.191
2026-06-25T23:30:00Z,0.189
2026-06-26T00:00:00Z,0.186
2026-06-26T00:30:00Z,0.173
2026-06-26T01:00:00Z,0.174
2026-06-26T01:30:00Z,0.176
2026-06-26T02:00:00Z,0.174
2026-06-26T02:30:00Z,0.173
2026-06-26T03:00:00Z,0.179
2026-06-26T03:30:00Z,0.427
2026-06-26T04:00:00Z,0.194
2026-06-26T04:30:00Z,0.194
2026-06-26T05:00:00Z,0.558
2026-06-26T05:30:00Z,0.185
2026-06-26T06:00:00Z,0.188
2026-06-26T06:30:00Z,0.207
2026-06-26T07:00:00Z,0.263
2026-06-26T07:30:00Z,0.283
2026-06-26T08:00:00Z,0.273
2026-06-26T08:30:00Z,0.282
2026-06-26T09:00:00Z,0.199
2026-06-26T09:30:00Z,0.271
2026-06-26T10:00:00Z,0.555
2026-06-26T10:30:00Z,0.25
2026-06-26T11:00:00Z,0.216
2026-06-26T11:30:00Z,0.288
2026-06-26T12:00:00Z,0.226
2026-06-26T12:30:00Z,0.222
2026-06-26T13:00:00Z,0.178
2026-06-26T13:30:00Z,0.152
2026-06-26T14:00:00Z,0.181
2026-06-26T14:30:00Z,0.176
2026-06-26T15:00:00Z,0.175
2026-06-26T15:30:00Z,0.171
2026-06-26T16:00:00Z,0.166
2026-06-26T16:30:00Z,0.205
2026-06-26T17:00:00Z,0.164
2026-06-26T17:30:00Z,0.146
2026-06-26T18:00:00Z,0.147
2026-06-26T18:30:00Z,0.146
2026-06-26T19:00:00Z,0.145
2026-06-26T19:30:00Z,0.307
2026-06-26T20:00:00Z,0.703
2026-06-26T20:30:00Z,0.198
2026-06-26T21:00:00Z,0.189
2026-06-26T21:30:00Z,0.19
2026-06-26T22:00:00Z,0.156
2026-06-26T22:30:00Z,0.156
2026-06-26T23:00:00Z,0.137
2026-06-26T23:30:00Z,0.127
2026-06-27T00:00:00Z,0.132
2026-06-27T00:30:00Z,0.127
2026-06-27T01:00:00Z,0.125
2026-06-27T01:30:00Z,0.125
2026-06-27T02:00:00Z,0.126
2026-06-27T02:30:00Z,0.129
2026-06-27T03:00:00Z,0.128
2026-06-27T03:30:00Z,0.131
2026-06-27T04:00:00Z,0.131
2026-06-27T04:30:00Z,0.131
2026-06-27T05:00:00Z,0.134
2026-06-27T05:30:00Z,0.136
2026-06-27T06:00:00Z,0.142
2026-06-27T06:30:00Z,0.14
2026-06-27T07:00:00Z,0.22
2026-06-27T07:30:00Z,0.306
2026-06-27T08:00:00Z,0.249
2026-06-27T08:30:00Z,0.263
2026-06-27T09:00:00Z,0.386
2026-06-27T09:30:00Z,0.299
2026-06-27T10:00:00Z,0.166
2026-06-27T10:30:00Z,0.185
2026-06-27T11:00:00Z,0.189
2026-06-27T11:30:00Z,0.194
2026-06-27T12:00:00Z,0.162
2026-06-27T12:30:00Z,0.176
2026-06-27T13:00:00Z,0.156
2026-06-27T13:30:00Z,0.14
2026-06-27T14:00:00Z,0.156
2026-06-27T14:30:00Z,0.301
2026-06-27T15:00:00Z,0.221
2026-06-27T15:30:00Z,0.173
2026-06-27T16:00:00Z,0.176
2026-06-27T16:30:00Z,0.149
2026-06-27T17:00:00Z,0.319
2026-06-27T17:30:00Z,0.314
2026-06-27T18:00:00Z,0.41
2026-06-27T18:30:00Z,0.176
2026-06-27T19:00:00Z,0.191
2026-06-27T19:30:00Z,0.205
2026-06-27T20:00:00Z,0.389
2026-06-27T20:30:00Z,0.193
2026-06-27T21:00:00Z,0.186
2026-06-27T21:30:00Z,0.137
2026-06-27T22:00:00Z,0.127
2026-06-27T22:30:00Z,0.571
2026-06-27T23:00:00Z,0.157
2026-06-27T23:30:00Z,0.154
2026-06-28T00:00:00Z,0.154
2026-06-28T00:30:00Z,0.152
2026-06-28T01:00:00Z,0.156
2026-06-28T01:30:00Z,0.156
2026-06-28T02:00:00Z,0.157
2026-06-28T02:30:00Z,0.157
2026-06-28T03:00:00Z,0.156
2026-06-28T03:30:00Z,0.252
2026-06-28T04:00:00Z,0.212
2026-06-28T04:30:00Z,0.21
2026-06-28T05:00:00Z,0.16
2026-06-28T05:30:00Z,0.159
2026-06-28T06:00:00Z,0.169
2026-06-28T06:30:00Z,0.169
2026-06-28T07:00:00Z,0.433
2026-06-28T07:30:00Z,0.644
2026-06-28T08:00:00Z,0.431
2026-06-28T08:30:00Z,0.914
2026-06-28T09:00:00Z,0.481
2026-06-28T09:30:00Z,0.448
2026-06-28T10:00:00Z,0.411
2026-06-28T10:30:00Z,0.526
2026-06-28T11:00:00Z,0.944
2026-06-28T11:30:00Z,0.419
2026-06-28T12:00:00Z,0.143
2026-06-28T12:30:00Z,0.185
2026-06-28T13:00:00Z,0.199
2026-06-28T13:30:00Z,0.169
2026-06-28T14:00:00Z,0.165
2026-06-28T14:30:00Z,0.134
2026-06-28T15:00:00Z,0.126
2026-06-28T15:30:00Z,0.158
2026-06-28T16:00:00Z,0.147
2026-06-28T16:30:00Z,0.14
2026-06-28T17:00:00Z,0.144
2026-06-28T17:30:00Z,0.144
2026-06-28T18:00:00Z,0.144
2026-06-28T18:30:00Z,0.665
2026-06-28T19:00:00Z,0.679
2026-06-28T19:30:00Z,0.211
2026-06-28T20:00:00Z,0.209
2026-06-28T20:30:00Z,0.207
2026-06-28T21:00:00Z,0.218
2026-06-28T21:30:00Z,0.217
2026-06-28T22:00:00Z,0.218
2026-06-28T22:30:00Z,0.208
2026-06-28T23:00:00Z,0.105
2026-06-28T23:30:00Z,0.128
2026-06-29T00:00:00Z,0.121
2026-06-29T00:30:00Z,0.107
2026-06-29T01:00:00Z,0.074
2026-06-29T01:30:00Z,0.064
2026-06-29T02:00:00Z,0.068
2026-06-29T02:30:00Z,0.068
2026-06-29T03:00:00Z,0.067
2026-06-29T03:30:00Z,0.065
2026-06-29T04:00:00Z,0.066
2026-06-29T04:30:00Z,0.063
2026-06-29T05:00:00Z,0.076
2026-06-29T05:30:00Z,0.105
2026-06-29T06:00:00Z,0.104
2026-06-29T06:30:00Z,0.758
2026-06-29T07:00:00Z,0.861
2026-06-29T07:30:00Z,0.554
2026-06-29T08:00:00Z,0.835
2026-06-29T08:30:00Z,0.662
2026-06-29T09:00:00Z,0.608
2026-06-29T09:30:00Z,0.221
2026-06-29T10:00:00Z,0.194
2026-06-29T10:30:00Z,0.429
2026-06-29T11:00:00Z,0.156
2026-06-29T11:30:00Z,0.201
2026-06-29T12:00:00Z,0.188
2026-06-29T12:30:00Z,0.212
2026-06-29T13:00:00Z,0.189
2026-06-29T13:30:00Z,0.19
2026-06-29T14:00:00Z,0.18
2026-06-29T14:30:00Z,0.173
2026-06-29T15:00:00Z,0.178
2026-06-29T15:30:00Z,0.175
2026-06-29T16:00:00Z,0.153
2026-06-29T16:30:00Z,0.203
2026-06-29T17:00:00Z,0.189
2026-06-29T17:30:00Z,0.158
2026-06-29T18:00:00Z,0.38
2026-06-29T18:30:00Z,0.398
2026-06-29T19:00:00Z,0.284
2026-06-29T19:30:00Z,0.316
2026-06-29T20:00:00Z,0.208
2026-06-29T20:30:00Z,0.157
2026-06-29T21:00:00Z,0.155
2026-06-29T21:30:00Z,0.105
2026-06-29T22:00:00Z,0.098
2026-06-29T22:30:00Z,0.11
2026-06-29T23:00:00Z,0.119
2026-06-29T23:30:00Z,0.116
2026-06-30T00:00:00Z,0.113
2026-06-30T00:30:00Z,0.143
2026-06-30T01:00:00Z,0.144
2026-06-30T01:30:00Z,0.143
2026-06-30T02:00:00Z,0.125
2026-06-30T02:30:00Z,0.101
2026-06-30T03:00:00Z,0.11
2026-06-30T03:30:00Z,0.116
2026-06-30T04:00:00Z,0.118
2026-06-30T04:30:00Z,0.124
2026-06-30T05:00:00Z,0.123
2026-06-30T05:30:00Z,0.129
2026-06-30T06:00:00Z,0.132
2026-06-30T06:30:00Z,0.154
2026-06-30T07:00:00Z,0.187
2026-06-30T07:30:00Z,0.279
2026-06-30T08:00:00Z,0.177
2026-06-30T08:30:00Z,0.144
2026-06-30T09:00:00Z,0.143
2026-06-30T09:30:00Z,0.174
2026-06-30T10:00:00Z,0.267
2026-06-30T10:30:00Z,0.232
2026-06-30T11:00:00Z,0.239
2026-06-30T11:30:00Z,0.619
2026-06-30T12:00:00Z,0.444
2026-06-30T12:30:00Z,0.139
2026-06-30T13:00:00Z,0.548
2026-06-30T13:30:00Z,0.135
2026-06-30T14:00:00Z,0.113
2026-06-30T14:30:00Z,0.117
2026-06-30T15:00:00Z,0.121
2026-06-30T15:30:00Z,0.123
2026-06-30T16:00:00Z,0.135
2026-06-30T16:30:00Z,0.137
2026-06-30T17:00:00Z,0.312
2026-06-30T17:30:00Z,0.303
2026-06-30T18:00:00Z,0.16
2026-06-30T18:30:00Z,0.152
2026-06-30T19:00:00Z,0.116
2026-06-30T19:30:00Z,0.15
2026-06-30T20:00:00Z,0.17
2026-06-30T20:30:00Z,0.201
2026-06-30T21:00:00Z,0.189
2026-06-30T21:30:00Z,0.159
2026-06-30T22:00:00Z,0.158
2026-06-30T22:30:00Z,0.126
2026-06-30T23:00:00Z,0.197
2026-06-30T23:30:00Z,0.187
2026-07-01T00:00:00Z,0.187
2026-07-01T00:30:00Z,0.188
2026-07-01T01:00:00Z,0.2
2026-07-01T01:30:00Z,0.186
2026-07-01T02:00:00Z,0.187
2026-07-01T02:30:00Z,0.187
2026-07-01T03:00:00Z,0.187
2026-07-01T03:30:00Z,0.186
2026-07-01T04:00:00Z,0.166
2026-07-01T04:30:00Z,0.165
2026-07-01T05:00:00Z,0.159
2026-07-01T05:30:00Z,0.16
2026-07-01T06:00:00Z,0.167
2026-07-01T06:30:00Z,0.161
2026-07-01T07:00:00Z,0.188
2026-07-01T07:30:00Z,0.178
2026-07-01T08:00:00Z,0.292
2026-07-01T08:30:00Z,0.463
2026-07-01T09:00:00Z,0.611
2026-07-01T09:30:00Z,0.423
2026-07-01T10:00:00Z,0.194
2026-07-01T10:30:00Z,0.156
2026-07-01T11:00:00Z,0.24
2026-07-01T11:30:00Z,0.177
2026-07-01T12:00:00Z,0.154
2026-07-01T12:30:00Z,0.149
2026-07-01T13:00:00Z,0.146
2026-07-01T13:30:00Z,0.151
2026-07-01T14:00:00Z,0.151
2026-07-01T14:30:00Z,0.149
2026-07-01T15:00:00Z,0.128
2026-07-01T15:30:00Z,0.23
2026-07-01T16:00:00Z,0.167
2026-07-01T16:30:00Z,0.148
2026-07-01T17:00:00Z,0.137
2026-07-01T17:30:00Z,0.352
2026-07-01T18:00:00Z,0.158
2026-07-01T18:30:00Z,0.216
2026-07-01T19:00:00Z,0.185
2026-07-01T19:30:00Z,0.187
2026-07-01T20:00:00Z,0.563
2026-07-01T20:30:00Z,0.492
2026-07-01T21:00:00Z,0.205
2026-07-01T21:30:00Z,0.584
2026-07-01T22:00:00Z,0.177
2026-07-01T22:30:00Z,0.175
2026-07-01T23:00:00Z,0.137
2026-07-01T23:30:00Z,0.138
2026-07-02T00:00:00Z,0.128
2026-07-02T00:30:00Z,0.129
2026-07-02T01:00:00Z,0.131
2026-07-02T01:30:00Z,0.125
2026-07-02T02:00:00Z,0.128
2026-07-02T02:30:00Z,0.136
2026-07-02T03:00:00Z,0.147
2026-07-02T03:30:00Z,0.151
2026-07-02T04:00:00Z,0.154
2026-07-02T04:30:00Z,0.152
2026-07-02T05:00:00Z,0.151
2026-07-02T05:30:00Z,0.144
2026-07-02T06:00:00Z,0.137
2026-07-02T06:30:00Z,0.136
2026-07-02T07:00:00Z,0.137
2026-07-02T07:30:00Z,0.151
2026-07-02T08:00:00Z,0.156
2026-07-02T08:30:00Z,0.167
2026-07-02T09:00:00Z,0.278
2026-07-02T09:30:00Z,0.33
2026-07-02T10:00:00Z,0.363
2026-07-02T10:30:00Z,0.561
2026-07-02T11:00:00Z,0.779
2026-07-02T11:30:00Z,0.586
2026-07-02T12:00:00Z,0.291
2026-07-02T12:30:00Z,0.254
2026-07-02T13:00:00Z,0.24
2026-07-02T13:30:00Z,0.233
2026-07-02T14:00:00Z,0.214
2026-07-02T14:30:00Z,0.219
2026-07-02T15:00:00Z,0.372
2026-07-02T15:30:00Z,0.399
2026-07-02T16:00:00Z,0.353
2026-07-02T16:30:00Z,0.257
2026-07-02T17:00:00Z,0.216
2026-07-02T17:30:00Z,0.499
2026-07-02T18:00:00Z,0.593
2026-07-02T18:30:00Z,0.391
2026-07-02T19:00:00Z,0.239
2026-07-02T19:30:00Z,0.172
2026-07-02T20:00:00Z,0.588
2026-07-02T20:30:00Z,0.48
2026-07-02T21:00:00Z,0.225
2026-07-02T21:30:00Z,0.59
2026-07-02T22:00:00Z,0.207
2026-07-02T22:30:00Z,0.187
2026-07-02T23:00:00Z,0.193
2026-07-02T23:30:00Z,0.193
2026-07-03T00:00:00Z,0.22
2026-07-03T00:30:00Z,0.222
2026-07-03T01:00:00Z,0.183
2026-07-03T01:30:00Z,0.17
2026-07-03T02:00:00Z,0.17
2026-07-03T02:30:00Z,0.156
2026-07-03T03:00:00Z,0.155
2026-07-03T03:30:00Z,0.154
2026-07-03T04:00:00Z,0.155
2026-07-03T04:30:00Z,0.161
2026-07-03T05:00:00Z,0.166
2026-07-03T05:30:00Z,0.165
2026-07-03T06:00:00Z,0.167
2026-07-03T06:30:00Z,0.166
2026-07-03T07:00:00Z,0.155
2026-07-03T07:30:00Z,0.153
2026-07-03T08:00:00Z,0.154
2026-07-03T08:30:00Z,0.271
2026-07-03T09:00:00Z,0.214
2026-07-03T09:30:00Z,0.193
2026-07-03T10:00:00Z,0.316
2026-07-03T10:30:00Z,0.429
2026-07-03T11:00:00Z,0.167
2026-07-03T11:30:00Z,0.292
2026-07-03T12:00:00Z,0.267
2026-07-03T12:30:00Z,0.396
2026-07-03T13:00:00Z,0.304
2026-07-03T13:30:00Z,0.619
2026-07-03T14:00:00Z,0.56
2026-07-03T14:30:00Z,0.593
2026-07-03T15:00:00Z,0.473
2026-07-03T15:30:00Z,0.515
2026-07-03T16:00:00Z,0.671
2026-07-03T16:30:00Z,0.247
2026-07-03T17:00:00Z,0.202
2026-07-03T17:30:00Z,0.23
2026-07-03T18:00:00Z,0.221
2026-07-03T18:30:00Z,0.196
2026-07-03T19:00:00Z,0.323
2026-07-03T19:30:00Z,0.612
2026-07-03T20:00:00Z,0.79
2026-07-03T20:30:00Z,0.882
2026-07-03T21:00:00Z,0.428
2026-07-03T21:30:00Z,0.583
2026-07-03T22:00:00Z,0.224
2026-07-03T22:30:00Z,0.227
2026-07-03T23:00:00Z,0.236
2026-07-03T23:30:00Z,0.252
2026-07-04T00:00:00Z,0.222
2026-07-04T00:30:00Z,0.198
2026-07-04T01:00:00Z,0.178
2026-07-04T01:30:00Z,0.164
2026-07-04T02:00:00Z,0.164
2026-07-04T02:30:00Z,0.163
2026-07-04T03:00:00Z,0.186
2026-07-04T03:30:00Z,0.185
2026-07-04T04:00:00Z,0.191
2026-07-04T04:30:00Z,0.191
2026-07-04T05:00:00Z,0.188
2026-07-04T05:30:00Z,0.188
2026-07-04T06:00:00Z,0.193
2026-07-04T06:30:00Z,0.193
2026-07-04T07:00:00Z,0.181
2026-07-04T07:30:00Z,0.165
2026-07-04T08:00:00Z,0.217
2026-07-04T08:30:00Z,0.256
2026-07-04T09:00:00Z,0.355
2026-07-04T09:30:00Z,0.484
2026-07-04T10:00:00Z,0.192
2026-07-04T10:30:00Z,0.17
2026-07-04T11:00:00Z,0.156
2026-07-04T11:30:00Z,0.203
2026-07-04T12:00:00Z,0.166
2026-07-04T12:30:00Z,0.174
2026-07-04T13:00:00Z,0.146
2026-07-04T13:30:00Z,0.141
2026-07-04T14:00:00Z,0.139
2026-07-04T14:30:00Z,0.163
2026-07-04T15:00:00Z,0.137
2026-07-04T15:30:00Z,0.157
2026-07-04T16:00:00Z,0.143
2026-07-04T16:30:00Z,0.126
2026-07-04T17:00:00Z,0.122
2026-07-04T17:30:00Z,0.122
2026-07-04T18:00:00Z,0.174
2026-07-04T18:30:00Z,0.294
2026-07-04T19:00:00Z,0.314
2026-07-04T19:30:00Z,0.582
2026-07-04T20:00:00Z,0.454
2026-07-04T20:30:00Z,0.438
2026-07-04T21:00:00Z,0.339
2026-07-04T21:30:00Z,0.297
2026-07-04T22:00:00Z,0.206
2026-07-04T22:30:00Z,0.192
2026-07-04T23:00:00Z,0.178
2026-07-04T23:30:00Z,0.176
2026-07-05T00:00:00Z,0.161
2026-07-05T00:30:00Z,0.168
2026-07-05T01:00:00Z,0.173
2026-07-05T01:30:00Z,0.164
2026-07-05T02:00:00Z,0.163
2026-07-05T02:30:00Z,0.172
2026-07-05T03:00:00Z,0.187
2026-07-05T03:30:00Z,0.186
2026-07-05T04:00:00Z,0.191
2026-07-05T04:30:00Z,0.196
2026-07-05T05:00:00Z,0.192
2026-07-05T05:30:00Z,0.19
2026-07-05T06:00:00Z,0.186
2026-07-05T06:30:00Z,0.19
2026-07-05T07:00:00Z,0.157
2026-07-05T07:30:00Z,0.153
2026-07-05T08:00:00Z,0.249
2026-07-05T08:30:00Z,0.304
2026-07-05T09:00:00Z,0.206
2026-07-05T09:30:00Z,0.373
2026-07-05T10:00:00Z,0.207
2026-07-05T10:30:00Z,0.189
2026-07-05T11:00:00Z,0.13
2026-07-05T11:30:00Z,0.127
2026-07-05T12:00:00Z,0.124
2026-07-05T12:30:00Z,0.125
2026-07-05T13:00:00Z,0.13
2026-07-05T13:30:00Z,0.127
2026-07-05T14:00:00Z,0.153
2026-07-05T14:30:00Z,0.452
2026-07-05T15:00:00Z,0.513
2026-07-05T15:30:00Z,0.449
2026-07-05T16:00:00Z,0.448
2026-07-05T16:30:00Z,0.574
2026-07-05T17:00:00Z,0.38
2026-07-05T17:30:00Z,0.214
2026-07-05T18:00:00Z,0.254
2026-07-05T18:30:00Z,0.4
2026-07-05T19:00:00Z,0.233
2026-07-05T19:30:00Z,0.405
2026-07-05T20:00:00Z,0.589
2026-07-05T20:30:00Z,0.358
2026-07-05T21:00:00Z,0.456
2026-07-05T21:30:00Z,0.332
2026-07-05T22:00:00Z,0.189
2026-07-05T22:30:00Z,0.174
2026-07-05T23:00:00Z,0.173
2026-07-05T23:30:00Z,0.145
2026-07-06T00:00:00Z,0.118
2026-07-06T00:30:00Z,0.118
2026-07-06T01:00:00Z,0.124
2026-07-06T01:30:00Z,0.143
2026-07-06T02:00:00Z,0.141
2026-07-06T02:30:00Z,0.145
2026-07-06T03:00:00Z,0.143
2026-07-06T03:30:00Z,0.142
2026-07-06T04:00:00Z,0.143
2026-07-06T04:30:00Z,0.144
2026-07-06T05:00:00Z,0.142
2026-07-06T05:30:00Z,0.128
2026-07-06T06:00:00Z,0.126
2026-07-06T06:30:00Z,0.125
2026-07-06T07:00:00Z,0.142
2026-07-06T07:30:00Z,0.197
2026-07-06T08:00:00Z,0.143
2026-07-06T08:30:00Z,0.123
2026-07-06T09:00:00Z,0.113
2026-07-06T09:30:00Z,0.399
2026-07-06T10:00:00Z,0.331
2026-07-06T10:30:00Z,0.396
2026-07-06T11:00:00Z,0.49
2026-07-06T11:30:00Z,0.235
2026-07-06T12:00:00Z,0.227
2026-07-06T12:30:00Z,0.216
2026-07-06T13:00:00Z,0.236
2026-07-06T13:30:00Z,0.25
2026-07-06T14:00:00Z,0.265
2026-07-06T14:30:00Z,0.197
2026-07-06T15:00:00Z,0.185
2026-07-06T15:30:00Z,0.546
2026-07-06T16:00:00Z,0.336
2026-07-06T16:30:00Z,0.362
2026-07-06T17:00:00Z,0.352
2026-07-06T17:30:00Z,0.262
2026-07-06T18:00:00Z,0.221
2026-07-06T18:30:00Z,0.487
2026-07-06T19:00:00Z,0.203
2026-07-06T19:30:00Z,0.184
2026-07-06T20:00:00Z,0.582
2026-07-06T20:30:00Z,0.484
2026-07-06T21:00:00Z,0.291
2026-07-06T21:30:00Z,0.754
2026-07-06T22:00:00Z,0.342
2026-07-06T22:30:00Z,0.387
2026-07-06T23:00:00Z,0.24
2026-07-06T23:30:00Z,0.207
2026-07-07T00:00:00Z,0.196
2026-07-07T00:30:00Z,0.197
2026-07-07T01:00:00Z,0.197
2026-07-07T01:30:00Z,0.194
2026-07-07T02:00:00Z,0.201
2026-07-07T02:30:00Z,0.196
2026-07-07T03:00:00Z,0.199
2026-07-07T03:30:00Z,0.173
2026-07-07T04:00:00Z,0.176
2026-07-07T04:30:00Z,0.169
2026-07-07T05:00:00Z,0.167
2026-07-07T05:30:00Z,0.169
2026-07-07T06:00:00Z,0.17
2026-07-07T06:30:00Z,0.188
2026-07-07T07:00:00Z,0.194
2026-07-07T07:30:00Z,0.203
2026-07-07T08:00:00Z,0.232
2026-07-07T08:30:00Z,0.617
2026-07-07T09:00:00Z,0.272
2026-07-07T09:30:00Z,0.316
2026-07-07T10:00:00Z,0.568
2026-07-07T10:30:00Z,0.283
2026-07-07T11:00:00Z,0.655
2026-07-07T11:30:00Z,0.319
2026-07-07T12:00:00Z,0.31
2026-07-07T12:30:00Z,0.277
2026-07-07T13:00:00Z,0.238
2026-07-07T13:30:00Z,0.315
2026-07-07T14:00:00Z,0.572
2026-07-07T14:30:00Z,0.575
2026-07-07T15:00:00Z,0.759
2026-07-07T15:30:00Z,0.662
2026-07-07T16:00:00Z,0.499
2026-07-07T16:30:00Z,0.486
2026-07-07T17:00:00Z,0.308
2026-07-07T17:30:00Z,0.134
2026-07-07T18:00:00Z,0.125
2026-07-07T18:30:00Z,0.131
2026-07-07T19:00:00Z,0.301
2026-07-07T19:30:00Z,0.646
2026-07-07T20:00:00Z,0.532
2026-07-07T20:30:00Z,0.261
2026-07-07T21:00:00Z,0.585
2026-07-07T21:30:00Z,0.199
2026-07-07T22:00:00Z,0.19
2026-07-07T22:30:00Z,0.17
2026-07-07T23:00:00Z,0.463
2026-07-07T23:30:00Z,0.454
2026-07-08T00:00:00Z,0.226
2026-07-08T00:30:00Z,0.206
2026-07-08T01:00:00Z,0.206
2026-07-08T01:30:00Z,0.209
2026-07-08T02:00:00Z,0.205
2026-07-08T02:30:00Z,0.205
2026-07-08T03:00:00Z,0.204
2026-07-08T03:30:00Z,0.205
2026-07-08T04:00:00Z,0.205
2026-07-08T04:30:00Z,0.205
2026-07-08T05:00:00Z,0.209
2026-07-08T05:30:00Z,0.209
2026-07-08T06:00:00Z,0.193
2026-07-08T06:30:00Z,0.214
2026-07-08T07:00:00Z,0.29
2026-07-08T07:30:00Z,0.311
2026-07-08T08:00:00Z,0.3
2026-07-08T08:30:00Z,0.295
2026-07-08T09:00:00Z,0.528
2026-07-08T09:30:00Z,0.183
2026-07-08T10:00:00Z,0.229
2026-07-08T10:30:00Z,0.255
2026-07-08T11:00:00Z,0.264
2026-07-08T11:30:00Z,0.322
2026-07-08T12:00:00Z,0.271
2026-07-08T12:30:00Z,0.25
2026-07-08T13:00:00Z,0.222
2026-07-08T13:30:00Z,0.205
2026-07-08T14:00:00Z,0.172
2026-07-08T14:30:00Z,0.174
2026-07-08T15:00:00Z,0.182
2026-07-08T15:30:00Z,0.179
2026-07-08T16:00:00Z,0.174
2026-07-08T16:30:00Z,0.146
2026-07-08T17:00:00Z,0.177
2026-07-08T17:30:00Z,0.279
2026-07-08T18:00:00Z,0.296
2026-07-08T18:30:00Z,0.504
2026-07-08T19:00:00Z,0.217
2026-07-08T19:30:00Z,0.148
2026-07-08T20:00:00Z,0.336
2026-07-08T20:30:00Z,0.558
2026-07-08T21:00:00Z,0.469
2026-07-08T21:30:00Z,0.565
2026-07-08T22:00:00Z,0.234
2026-07-08T22:30:00Z,0.177
2026-07-08T23:00:00Z,0.207
2026-07-08T23:30:00Z,0.206
2026-07-09T00:00:00Z,0.205
2026-07-09T00:30:00Z,0.208
2026-07-09T01:00:00Z,0.184
2026-07-09T01:30:00Z,0.174
2026-07-09T02:00:00Z,0.174
2026-07-09T02:30:00Z,0.176
2026-07-09T03:00:00Z,0.549
2026-07-09T03:30:00Z,0.464
2026-07-09T04:00:00Z,0.21
2026-07-09T04:30:00Z,0.625
2026-07-09T05:00:00Z,0.212
2026-07-09T05:30:00Z,0.221
2026-07-09T06:00:00Z,0.228
2026-07-09T06:30:00Z,0.291
2026-07-09T07:00:00Z,0.239
2026-07-09T07:30:00Z,0.293
2026-07-09T08:00:00Z,0.251
2026-07-09T08:30:00Z,0.186
2026-07-09T09:00:00Z,0.187
2026-07-09T09:30:00Z,0.17
2026-07-09T10:00:00Z,0.368
2026-07-09T10:30:00Z,0.214
2026-07-09T11:00:00Z,0.313
2026-07-09T11:30:00Z,0.197
2026-07-09T12:00:00Z,0.198
2026-07-09T12:30:00Z,0.286
2026-07-09T13:00:00Z,0.283
2026-07-09T13:30:00Z,0.283
2026-07-09T14:00:00Z,0.257
2026-07-09T14:30:00Z,0.241
2026-07-09T15:00:00Z,0.368
2026-07-09T15:30:00Z,0.296
2026-07-09T16:00:00Z,0.245
2026-07-09T16:30:00Z,0.231
2026-07-09T17:00:00Z,0.232
2026-07-09T17:30:00Z,0.227
2026-07-09T18:00:00Z,0.282
2026-07-09T18:30:00Z,0.593
2026-07-09T19:00:00Z,0.287
2026-07-09T19:30:00Z,0.233
2026-07-09T20:00:00Z,0.246
2026-07-09T20:30:00Z,0.29
2026-07-09T21:00:00Z,0.328
2026-07-09T21:30:00Z,0.319
2026-07-09T22:00:00Z,0.299
2026-07-09T22:30:00Z,0.274
2026-07-09T23:00:00Z,0.199
2026-07-09T23:30:00Z,0.2
2026-07-10T00:00:00Z,0.199
2026-07-10T00:30:00Z,0.2
2026-07-10T01:00:00Z,0.199
2026-07-10T01:30:00Z,0.201
2026-07-10T02:00:00Z,0.2
2026-07-10T02:30:00Z,0.188
2026-07-10T03:00:00Z,0.187
2026-07-10T03:30:00Z,0.185
2026-07-10T04:00:00Z,0.186
2026-07-10T04:30:00Z,0.185
2026-07-10T05:00:00Z,0.185
2026-07-10T05:30:00Z,0.185
2026-07-10T06:00:00Z,0.181
2026-07-10T06:30:00Z,0.222
2026-07-10T07:00:00Z,0.225
2026-07-10T07:30:00Z,0.24
2026-07-10T08:00:00Z,0.213
2026-07-10T08:30:00Z,0.258
2026-07-10T09:00:00Z,0.236
2026-07-10T09:30:00Z,0.382
2026-07-10T10:00:00Z,0.33
2026-07-10T10:30:00Z,0.384
2026-07-10T11:00:00Z,0.257
2026-07-10T11:30:00Z,0.239
2026-07-10T12:00:00Z,0.185
2026-07-10T12:30:00Z,0.184
2026-07-10T13:00:00Z,0.308
2026-07-10T13:30:00Z,0.269
2026-07-10T14:00:00Z,0.241
2026-07-10T14:30:00Z,0.302
2026-07-10T15:00:00Z,0.312
2026-07-10T15:30:00Z,0.229
2026-07-10T16:00:00Z,0.354
2026-07-10T16:30:00Z,0.272
2026-07-10T17:00:00Z,0.24
2026-07-10T17:30:00Z,0.272
2026-07-10T18:00:00Z,0.276
2026-07-10T18:30:00Z,0.214
2026-07-10T19:00:00Z,0.233
2026-07-10T19:30:00Z,0.217
2026-07-10T20:00:00Z,0.204
2026-07-10T20:30:00Z,0.203
2026-07-10T21:00:00Z,0.233
2026-07-10T21:30:00Z,0.333
2026-07-10T22:00:00Z,0.262
2026-07-10T22:30:00Z,0.23
2026-07-10T23:00:00Z,0.267
2026-07-10T23:30:00Z,0.244
2026-07-11T00:00:00Z,0.215
2026-07-11T00:30:00Z,0.209
2026-07-11T01:00:00Z,0.209
2026-07-11T01:30:00Z,0.216
2026-07-11T02:00:00Z,0.209
2026-07-11T02:30:00Z,0.21
2026-07-11T03:00:00Z,0.207
2026-07-11T03:30:00Z,0.207
2026-07-11T04:00:00Z,0.183
2026-07-11T04:30:00Z,0.199
2026-07-11T05:00:00Z,0.202
2026-07-11T05:30:00Z,0.204
2026-07-11T06:00:00Z,0.204
2026-07-11T06:30:00Z,0.187
2026-07-11T07:00:00Z,0.244
2026-07-11T07:30:00Z,0.229
2026-07-11T08:00:00Z,0.268
2026-07-11T08:30:00Z,0.266
2026-07-11T09:00:00Z,0.195
2026-07-11T09:30:00Z,0.227
2026-07-11T10:00:00Z,0.356
2026-07-11T10:30:00Z,0.226
2026-07-11T11:00:00Z,0.428
2026-07-11T11:30:00Z,0.271
2026-07-11T12:00:00Z,0.267
2026-07-11T12:30:00Z,0.234
2026-07-11T13:00:00Z,0.196
2026-07-11T13:30:00Z,0.2
2026-07-11T14:00:00Z,0.236
2026-07-11T14:30:00Z,0.227
2026-07-11T15:00:00Z,0.226
2026-07-11T15:30:00Z,0.196
2026-07-11T16:00:00Z,0.208
2026-07-11T16:30:00Z,0.242
2026-07-11T17:00:00Z,0.21
2026-07-11T17:30:00Z,0.211
2026-07-11T18:00:00Z,0.224
2026-07-11T18:30:00Z,0.349
2026-07-11T19:00:00Z,0.251
2026-07-11T19:30:00Z,0.219
2026-07-11T20:00:00Z,0.233
2026-07-11T20:30:00Z,0.332
2026-07-11T21:00:00Z,0.357
2026-07-11T21:30:00Z,0.343
2026-07-11T22:00:00Z,0.316
2026-07-11T22:30:00Z,0.609
2026-07-11T23:00:00Z,0.24
2026-07-11T23:30:00Z,0.236
2026-07-12T00:00:00Z,0.209
2026-07-12T00:30:00Z,0.197
2026-07-12T01:00:00Z,0.193
2026-07-12T01:30:00Z,0.194
2026-07-12T02:00:00Z,0.193
2026-07-12T02:30:00Z,0.193
2026-07-12T03:00:00Z,0.195
2026-07-12T03:30:00Z,0.198
2026-07-12T04:00:00Z,0.201
2026-07-12T04:30:00Z,0.197
2026-07-12T05:00:00Z,0.196
2026-07-12T05:30:00Z,0.197
2026-07-12T06:00:00Z,0.196
2026-07-12T06:30:00Z,0.193
2026-07-12T07:00:00Z,0.15
2026-07-12T07:30:00Z,0.205
2026-07-12T08:00:00Z,0.424
2026-07-12T08:30:00Z,0.414
2026-07-12T09:00:00Z,0.281
2026-07-12T09:30:00Z,0.274
2026-07-12T10:00:00Z,0.236
2026-07-12T10:30:00Z,0.209
2026-07-12T11:00:00Z,0.246
2026-07-12T11:30:00Z,0.193
2026-07-12T12:00:00Z,0.133
2026-07-12T12:30:00Z,0.116
2026-07-12T13:00:00Z,0.137
2026-07-12T13:30:00Z,0.135
2026-07-12T14:00:00Z,0.139
2026-07-12T14:30:00Z,0.119
2026-07-12T15:00:00Z,0.127
2026-07-12T15:30:00Z,0.135
2026-07-12T16:00:00Z,0.161
2026-07-12T16:30:00Z,0.163
2026-07-12T17:00:00Z,0.19
2026-07-12T17:30:00Z,0.225
2026-07-12T18:00:00Z,0.472
2026-07-12T18:30:00Z,0.264
2026-07-12T19:00:00Z,0.534
2026-07-12T19:30:00Z,0.354
2026-07-12T20:00:00Z,0.591
2026-07-12T20:30:00Z,0.277
2026-07-12T21:00:00Z,0.243
2026-07-12T21:30:00Z,0.716
2026-07-12T22:00:00Z,0.228
2026-07-12T22:30:00Z,0.24
2026-07-12T23:00:00Z,0.516
2026-07-12T23:30:00Z,0.516
2026-07-13T00:00:00Z,0.341
2026-07-13T00:30:00Z,0.204
2026-07-13T01:00:00Z,0.214
2026-07-13T01:30:00Z,0.216
2026-07-13T02:00:00Z,0.218
2026-07-13T02:30:00Z,0.221
2026-07-13T03:00:00Z,0.222
2026-07-13T03:30:00Z,0.219
2026-07-13T04:00:00Z,0.223
2026-07-13T04:30:00Z,0.224
2026-07-13T05:00:00Z,0.228
2026-07-13T05:30:00Z,0.227
2026-07-13T06:00:00Z,0.274
2026-07-13T06:30:00Z,0.205
2026-07-13T07:00:00Z,0.245
2026-07-13T07:30:00Z,0.291
2026-07-13T08:00:00Z,0.258
2026-07-13T08:30:00Z,0.331
2026-07-13T09:00:00Z,0.837
2026-07-13T09:30:00Z,0.681
2026-07-13T10:00:00Z,0.488
2026-07-13T10:30:00Z,0.506
2026-07-13T11:00:00Z,0.492
2026-07-13T11:30:00Z,0.502
2026-07-13T12:00:00Z,0.238
2026-07-13T12:30:00Z,0.254
2026-07-13T13:00:00Z,0.231
2026-07-13T13:30:00Z,0.233
2026-07-13T14:00:00Z,0.227
2026-07-13T14:30:00Z,0.236
2026-07-13T15:00:00Z,0.294
2026-07-13T15:30:00Z,0.282
2026-07-13T16:00:00Z,0.266
2026-07-13T16:30:00Z,0.214
2026-07-13T17:00:00Z,0.229
2026-07-13T17:30:00Z,0.371
2026-07-13T18:00:00Z,0.455
2026-07-13T18:30:00Z,0.342
2026-07-13T19:00:00Z,0.248
2026-07-13T19:30:00Z,0.265
2026-07-13T20:00:00Z,0.298
2026-07-13T20:30:00Z,0.27
2026-07-13T21:00:00Z,0.254
2026-07-13T21:30:00Z,0.254
2026-07-13T22:00:00Z,0.211
2026-07-13T22:30:00Z,0.206
2026-07-13T23:00:00Z,0.445
2026-07-13T23:30:00Z,0.46
2026-07-14T00:00:00Z,0.427
2026-07-14T00:30:00Z,0.414
2026-07-14T01:00:00Z,0.429
2026-07-14T01:30:00Z,0.434
2026-07-14T02:00:00Z,0.428
2026-07-14T02:30:00Z,0.286
2026-07-14T03:00:00Z,0.191
2026-07-14T03:30:00Z,0.192
2026-07-14T04:00:00Z,0.192
2026-07-14T04:30:00Z,0.191
2026-07-14T05:00:00Z,0.19
2026-07-14T05:30:00Z,0.189
2026-07-14T06:00:00Z,0.189
2026-07-14T06:30:00Z,0.189
2026-07-14T07:00:00Z,0.299
2026-07-14T07:30:00Z,0.284
2026-07-14T08:00:00Z,0.554
2026-07-14T08:30:00Z,0.216
2026-07-14T09:00:00Z,0.226
2026-07-14T09:30:00Z,0.468
2026-07-14T10:00:00Z,0.857
2026-07-14T10:30:00Z,0.24
2026-07-14T11:00:00Z,0.198
2026-07-14T11:30:00Z,0.214
2026-07-14T12:00:00Z,0.198
2026-07-14T12:30:00Z,0.208
2026-07-14T13:00:00Z,0.176
2026-07-14T13:30:00Z,0.163
2026-07-14T14:00:00Z,0.16
2026-07-14T14:30:00Z,0.163
2026-07-14T15:00:00Z,0.215
2026-07-14T15:30:00Z,0.201
2026-07-14T16:00:00Z,0.276
2026-07-14T16:30:00Z,0.356
2026-07-14T17:00:00Z,0.386
2026-07-14T17:30:00Z,0.499
2026-07-14T18:00:00Z,0.538
2026-07-14T18:30:00Z,0.292
2026-07-14T19:00:00Z,0.253
2026-07-14T19:30:00Z,0.24
2026-07-14T20:00:00Z,0.255
2026-07-14T20:30:00Z,0.237
2026-07-14T21:00:00Z,0.251
2026-07-14T21:30:00Z,0.263
2026-07-14T22:00:00Z,0.259
2026-07-14T22:30:00Z,0.256
2026-07-14T23:00:00Z,0.158
2026-07-14T23:30:00Z,0.139
2026-07-15T00:00:00Z,0.14
2026-07-15T00:30:00Z,0.138
2026-07-15T01:00:00Z,0.139
2026-07-15T01:30:00Z,0.14
2026-07-15T02:00:00Z,0.139
2026-07-15T02:30:00Z,0.141
2026-07-15T03:00:00Z,0.138
2026-07-15T03:30:00Z,0.139
2026-07-15T04:00:00Z,0.138
2026-07-15T04:30:00Z,0.137
2026-07-15T05:00:00Z,0.137
2026-07-15T05:30:00Z,0.138
2026-07-15T06:00:00Z,0.144
2026-07-15T06:30:00Z,0.146
2026-07-15T07:00:00Z,0.209
2026-07-15T07:30:00Z,0.135
2026-07-15T08:00:00Z,0.184
2026-07-15T08:30:00Z,0.205
2026-07-15T09:00:00Z,0.381
2026-07-15T09:30:00Z,0.283
2026-07-15T10:00:00Z,0.305
2026-07-15T10:30:00Z,0.429
2026-07-15T11:00:00Z,0.276
2026-07-15T11:30:00Z,0.252
2026-07-15T12:00:00Z,0.267
2026-07-15T12:30:00Z,0.246
2026-07-15T13:00:00Z,0.184
2026-07-15T13:30:00Z,0.207
2026-07-15T14:00:00Z,0.196
2026-07-15T14:30:00Z,0.218
2026-07-15T15:00:00Z,0.394
2026-07-15T15:30:00Z,0.267
2026-07-15T16:00:00Z,0.376
2026-07-15T16:30:00Z,0.584
2026-07-15T17:00:00Z,0.626
2026-07-15T17:30:00Z,0.647
2026-07-15T18:00:00Z,0.513
2026-07-15T18:30:00Z,0.475
2026-07-15T19:00:00Z,0.452
2026-07-15T19:30:00Z,0.445
2026-07-15T20:00:00Z,0.702
2026-07-15T20:30:00Z,0.906
2026-07-15T21:00:00Z,0.5
2026-07-15T21:30:00Z,0.875
2026-07-15T22:00:00Z,0.336
2026-07-15T22:30:00Z,0.191
2026-07-15T23:00:00Z,0.179
2026-07-15T23:30:00Z,0.183
2026-07-16T00:00:00Z,0.403
2026-07-16T00:30:00Z,0.275
2026-07-16T01:00:00Z,0.252
2026-07-16T01:30:00Z,0.221
2026-07-16T02:00:00Z,0.21
2026-07-16T02:30:00Z,0.204
2026-07-16T03:00:00Z,0.177
2026-07-16T03:30:00Z,0.181
2026-07-16T04:00:00Z,0.176
2026-07-16T04:30:00Z,0.183
2026-07-16T05:00:00Z,0.182
2026-07-16T05:30:00Z,0.226
2026-07-16T06:00:00Z,0.209
2026-07-16T06:30:00Z,0.213
2026-07-16T07:00:00Z,0.266
2026-07-16T07:30:00Z,0.621
2026-07-16T08:00:00Z,0.649
2026-07-16T08:30:00Z,0.507
2026-07-16T09:00:00Z,0.788
2026-07-16T09:30:00Z,0.573
2026-07-16T10:00:00Z,0.571
2026-07-16T10:30:00Z,0.257
2026-07-16T11:00:00Z,0.28
2026-07-16T11:30:00Z,0.251
2026-07-16T12:00:00Z,0.239
2026-07-16T12:30:00Z,0.242
2026-07-16T13:00:00Z,0.223
2026-07-16T13:30:00Z,0.225
2026-07-16T14:00:00Z,0.22
2026-07-16T14:30:00Z,0.237
2026-07-16T15:00:00Z,0.241
2026-07-16T15:30:00Z,0.224
2026-07-16T16:00:00Z,0.237
2026-07-16T16:30:00Z,0.419
2026-07-16T17:00:00Z,0.242
2026-07-16T17:30:00Z,0.337
2026-07-16T18:00:00Z,0.411
2026-07-16T18:30:00Z,0.858
2026-07-16T19:00:00Z,0.296
2026-07-16T19:30:00Z,0.291
2026-07-16T20:00:00Z,0.642
2026-07-16T20:30:00Z,0.544
2026-07-16T21:00:00Z,0.291
2026-07-16T21:30:00Z,0.659
2026-07-16T22:00:00Z,0.266
2026-07-16T22:30:00Z,0.267
2026-07-16T23:00:00Z,0.085
2026-07-16T23:30:00Z,0.073
2026-07-17T00:00:00Z,0.082
2026-07-17T00:30:00Z,0.08
2026-07-17T01:00:00Z,0.081
2026-07-17T01:30:00Z,0.079
2026-07-17T02:00:00Z,0.079
2026-07-17T02:30:00Z,0.08
2026-07-17T03:00:00Z,0.087
2026-07-17T03:30:00Z,0.083
2026-07-17T04:00:00Z,0.083
2026-07-17T04:30:00Z,0.079
2026-07-17T05:00:00Z,0.081
2026-07-17T05:30:00Z,0.079
2026-07-17T06:00:00Z,0.345
2026-07-17T06:30:00Z,0.4
2026-07-17T07:00:00Z,0.193
2026-07-17T07:30:00Z,0.234
2026-07-17T08:00:00Z,0.266
2026-07-17T08:30:00Z,0.435
2026-07-17T09:00:00Z,0.317
2026-07-17T09:30:00Z,0.208
2026-07-17T10:00:00Z,0.187
2026-07-17T10:30:00Z,0.438
2026-07-17T11:00:00Z,0.231
2026-07-17T11:30:00Z,0.511
2026-07-17T12:00:00Z,0.53
2026-07-17T12:30:00Z,0.439
2026-07-17T13:00:00Z,0.448
2026-07-17T13:30:00Z,0.44
2026-07-17T14:00:00Z,0.472
2026-07-17T14:30:00Z,0.443
2026-07-17T15:00:00Z,0.423
2026-07-17T15:30:00Z,0.448
2026-07-17T16:00:00Z,0.396
2026-07-17T16:30:00Z,0.205
2026-07-17T17:00:00Z,0.396
2026-07-17T17:30:00Z,0.208
2026-07-17T18:00:00Z,0.442
2026-07-17T18:30:00Z,0.386
2026-07-17T19:00:00Z,0.332
2026-07-17T19:30:00Z,0.237
2026-07-17T20:00:00Z,0.58
2026-07-17T20:30:00Z,0.495
2026-07-17T21:00:00Z,0.218
2026-07-17T21:30:00Z,0.602
2026-07-17T22:00:00Z,0.19
2026-07-17T22:30:00Z,0.174
2026-07-17T23:00:00Z,0.187
2026-07-17T23:30:00Z,0.178
2026-07-18T00:00:00Z,0.187
2026-07-18T00:30:00Z,0.194
2026-07-18T01:00:00Z,0.208
2026-07-18T01:30:00Z,0.208
2026-07-18T02:00:00Z,0.211
2026-07-18T02:30:00Z,0.186
2026-07-18T03:00:00Z,0.182
2026-07-18T03:30:00Z,0.196
2026-07-18T04:00:00Z,0.161
2026-07-18T04:30:00Z,0.159
2026-07-18T05:00:00Z,0.158
2026-07-18T05:30:00Z,0.16
2026-07-18T06:00:00Z,0.159
2026-07-18T06:30:00Z,0.163
2026-07-18T07:00:00Z,0.171
2026-07-18T07:30:00Z,0.272
2026-07-18T08:00:00Z,0.196
2026-07-18T08:30:00Z,0.194
2026-07-18T09:00:00Z,0.157
2026-07-18T09:30:00Z,0.168
2026-07-18T10:00:00Z,0.178
2026-07-18T10:30:00Z,0.086
2026-07-18T11:00:00Z,0.068
2026-07-18T11:30:00Z,0.068
2026-07-18T12:00:00Z,0.071
2026-07-18T12:30:00Z,0.071
2026-07-18T13:00:00Z,0.069
2026-07-18T13:30:00Z,0.066
2026-07-18T14:00:00Z,0.064
2026-07-18T14:30:00Z,0.068
2026-07-18T15:00:00Z,0.064
2026-07-18T15:30:00Z,0.067
2026-07-18T16:00:00Z,0.068
2026-07-18T16:30:00Z,0.067
2026-07-18T17:00:00Z,0.066
2026-07-18T17:30:00Z,0.065
2026-07-18T18:00:00Z,0.064
2026-07-18T18:30:00Z,0.087
2026-07-18T19:00:00Z,0.134
2026-07-18T19:30:00Z,0.122
2026-07-18T20:00:00Z,0.118
2026-07-18T20:30:00Z,0.14
2026-07-18T21:00:00Z,0.096
2026-07-18T21:30:00Z,0.109
2026-07-18T22:00:00Z,0.12
2026-07-18T22:30:00Z,0.092
2026-07-18T23:00:00Z,0.215
2026-07-18T23:30:00Z,0.211
2026-07-19T00:00:00Z,0.216
2026-07-19T00:30:00Z,0.231
2026-07-19T01:00:00Z,0.234
2026-07-19T01:30:00Z,0.236
2026-07-19T02:00:00Z,0.239
2026-07-19T02:30:00Z,0.234
2026-07-19T03:00:00Z,0.232
2026-07-19T03:30:00Z,0.233
2026-07-19T04:00:00Z,0.233
2026-07-19T04:30:00Z,0.234
2026-07-19T05:00:00Z,0.237
2026-07-19T05:30:00Z,0.237
2026-07-19T06:00:00Z,0.236
2026-07-19T06:30:00Z,0.226
2026-07-19T07:00:00Z,0.21
2026-07-19T07:30:00Z,0.208
2026-07-19T08:00:00Z,0.19
2026-07-19T08:30:00Z,0.23
2026-07-19T09:00:00Z,0.219
2026-07-19T09:30:00Z,0.19
2026-07-19T10:00:00Z,0.249
2026-07-19T10:30:00Z,0.217
2026-07-19T11:00:00Z,0.149
2026-07-19T11:30:00Z,0.199
2026-07-19T12:00:00Z,0.137
2026-07-19T12:30:00Z,0.122
2026-07-19T13:00:00Z,0.086
2026-07-19T13:30:00Z,0.086
2026-07-19T14:00:00Z,0.105
2026-07-19T14:30:00Z,0.113
2026-07-19T15:00:00Z,0.113
2026-07-19T15:30:00Z,0.195
2026-07-19T16:00:00Z,0.13
2026-07-19T16:30:00Z,0.178
2026-07-19T17:00:00Z,0.209
2026-07-19T17:30:00Z,0.205
2026-07-19T18:00:00Z,0.227
2026-07-19T18:30:00Z,0.216
2026-07-19T19:00:00Z,0.157
2026-07-19T19:30:00Z,0.151
2026-07-19T20:00:00Z,0.31
2026-07-19T20:30:00Z,0.546
2026-07-19T21:00:00Z,0.261
2026-07-19T21:30:00Z,0.581
2026-07-19T22:00:00Z,0.22
2026-07-19T22:30:00Z,0.218
2026-07-19T23:00:00Z,0.201
2026-07-19T23:30:00Z,0.2
2026-07-20T00:00:00Z,0.2
2026-07-20T00:30:00Z,0.184
2026-07-20T01:00:00Z,0.174
2026-07-20T01:30:00Z,0.182
2026-07-20T02:00:00Z,0.181
2026-07-20T02:30:00Z,0.174
2026-07-20T03:00:00Z,0.175
2026-07-20T03:30:00Z,0.188
2026-07-20T04:00:00Z,0.199
2026-07-20T04:30:00Z,0.215
2026-07-20T05:00:00Z,0.205
2026-07-20T05:30:00Z,0.262
2026-07-20T06:00:00Z,0.268
2026-07-20T06:30:00Z,0.273
2026-07-20T07:00:00Z,0.256
2026-07-20T07:30:00Z,0.255
2026-07-20T08:00:00Z,0.219
2026-07-20T08:30:00Z,0.286
2026-07-20T09:00:00Z,0.273
2026-07-20T09:30:00Z,0.239
2026-07-20T10:00:00Z,0.54
2026-07-20T10:30:00Z,0.231
2026-07-20T11:00:00Z,0.18
2026-07-20T11:30:00Z,0.166
2026-07-20T12:00:00Z,0.164
2026-07-20T12:30:00Z,0.177
2026-07-20T13:00:00Z,0.186
2026-07-20T13:30:00Z,0.164
2026-07-20T14:00:00Z,0.172
2026-07-20T14:30:00Z,0.185
2026-07-20T15:00:00Z,0.187
2026-07-20T15:30:00Z,0.18
2026-07-20T16:00:00Z,0.427
2026-07-20T16:30:00Z,0.296
2026-07-20T17:00:00Z,0.277
2026-07-20T17:30:00Z,0.367
2026-07-20T18:00:00Z,0.646
2026-07-20T18:30:00Z,0.599
2026-07-20T19:00:00Z,0.451
2026-07-20T19:30:00Z,0.442
2026-07-20T20:00:00Z,0.488
2026-07-20T20:30:00Z,0.345
2026-07-20T21:00:00Z,0.164
2026-07-20T21:30:00Z,0.15
2026-07-20T22:00:00Z,0.298
2026-07-20T22:30:00Z,0.163
2026-07-20T23:00:00Z,0.555
2026-07-20T23:30:00Z,0.483
2026-07-21T00:00:00Z,0.468
2026-07-21T00:30:00Z,0.467
2026-07-21T01:00:00Z,0.457
2026-07-21T01:30:00Z,0.454
2026-07-21T02:00:00Z,0.5
2026-07-21T02:30:00Z,0.229
2026-07-21T03:00:00Z,0.21
2026-07-21T03:30:00Z,0.192
2026-07-21T04:00:00Z,0.179
2026-07-21T04:30:00Z,0.183
2026-07-21T05:00:00Z,0.182
2026-07-21T05:30:00Z,0.182
2026-07-21T06:00:00Z,0.185
2026-07-21T06:30:00Z,0.199
2026-07-21T07:00:00Z,0.238
2026-07-21T07:30:00Z,0.237
2026-07-21T08:00:00Z,0.307
2026-07-21T08:30:00Z,0.239
2026-07-21T09:00:00Z,0.495
2026-07-21T09:30:00Z,0.224
2026-07-21T10:00:00Z,0.323
2026-07-21T10:30:00Z,0.658
2026-07-21T11:00:00Z,0.227
2026-07-21T11:30:00Z,0.263
2026-07-21T12:00:00Z,0.29
2026-07-21T12:30:00Z,0.255
2026-07-21T13:00:00Z,0.286
2026-07-21T13:30:00Z,0.292
2026-07-21T14:00:00Z,0.378
2026-07-21T14:30:00Z,0.289
2026-07-21T15:00:00Z,0.347
2026-07-21T15:30:00Z,0.281
2026-07-21T16:00:00Z,0.351
2026-07-21T16:30:00Z,0.502
2026-07-21T17:00:00Z,0.254
2026-07-21T17:30:00Z,0.212
2026-07-21T18:00:00Z,0.268
2026-07-21T18:30:00Z,0.393
2026-07-21T19:00:00Z,0.459
2026-07-21T19:30:00Z,0.344
2026-07-21T20:00:00Z,0.245
2026-07-21T20:30:00Z,0.615
2026-07-21T21:00:00Z,0.5
2026-07-21T21:30:00Z,0.473
2026-07-21T22:00:00Z,0.368
2026-07-21T22:30:00Z,0.211
2026-07-21T23:00:00Z,0.255
2026-07-21T23:30:00Z,0.229
2026-07-22T00:00:00Z,0.229
2026-07-22T00:30:00Z,0.222
2026-07-22T01:00:00Z,0.193
2026-07-22T01:30:00Z,0.573
2026-07-22T02:00:00Z,0.48
2026-07-22T02:30:00Z,0.226
2026-07-22T03:00:00Z,0.596
2026-07-22T03:30:00Z,0.193
2026-07-22T04:00:00Z,0.206
2026-07-22T04:30:00Z,0.207
2026-07-22T05:00:00Z,0.206
2026-07-22T05:30:00Z,0.18
2026-07-22T06:00:00Z,0.205
2026-07-22T06:30:00Z,0.217
2026-07-22T07:00:00Z,0.218
2026-07-22T07:30:00Z,0.186
2026-07-22T08:00:00Z,0.331
2026-07-22T08:30:00Z,0.349
2026-07-22T09:00:00Z,0.212
2026-07-22T09:30:00Z,0.472
2026-07-22T10:00:00Z,0.267
2026-07-22T10:30:00Z,0.219
2026-07-22T11:00:00Z,0.199
2026-07-22T11:30:00Z,0.199
2026-07-22T12:00:00Z,0.226
2026-07-22T12:30:00Z,0.213
2026-07-22T13:00:00Z,0.242
2026-07-22T13:30:00Z,0.228
2026-07-22T14:00:00Z,0.32
2026-07-22T14:30:00Z,0.224
2026-07-22T15:00:00Z,0.302
2026-07-22T15:30:00Z,0.262
2026-07-22T16:00:00Z,0.218
2026-07-22T16:30:00Z,0.182
2026-07-22T17:00:00Z,0.163
2026-07-22T17:30:00Z,0.197
2026-07-22T18:00:00Z,0.213
2026-07-22T18:30:00Z,0.206
2026-07-22T19:00:00Z,0.31
2026-07-22T19:30:00Z,0.244
2026-07-22T20:00:00Z,0.238
2026-07-22T20:30:00Z,0.24
2026-07-22T21:00:00Z,0.25
2026-07-22T21:30:00Z,0.251
2026-07-22T22:00:00Z,0.25
2026-07-22T22:30:00Z,0.252
2026-07-22T23:00:00Z,0.213
2026-07-22T23:30:00Z,0.216
2026-07-23T00:00:00Z,0.216
2026-07-23T00:30:00Z,0.215
2026-07-23T01:00:00Z,0.202
2026-07-23T01:30:00Z,0.19
2026-07-23T02:00:00Z,0.209
2026-07-23T02:30:00Z,0.204
2026-07-23T03:00:00Z,0.209
2026-07-23T03:30:00Z,0.208
2026-07-23T04:00:00Z,0.193
2026-07-23T04:30:00Z,0.194
2026-07-23T05:00:00Z,0.204
2026-07-23T05:30:00Z,0.21
2026-07-23T06:00:00Z,0.205
2026-07-23T06:30:00Z,0.203
2026-07-23T07:00:00Z,0.638
2026-07-23T07:30:00Z,0.535
2026-07-23T08:00:00Z,0.543
2026-07-23T08:30:00Z,0.223
2026-07-23T09:00:00Z,0.277
2026-07-23T09:30:00Z,0.51
2026-07-23T10:00:00Z,0.372
2026-07-23T10:30:00Z,0.228
2026-07-23T11:00:00Z,0.317
2026-07-23T11:30:00Z,0.296
2026-07-23T12:00:00Z,0.239
2026-07-23T12:30:00Z,0.216
2026-07-23T13:00:00Z,0.191
2026-07-23T13:30:00Z,0.219
2026-07-23T14:00:00Z,0.193
2026-07-23T14:30:00Z,0.193
2026-07-23T15:00:00Z,0.194
2026-07-23T15:30:00Z,0.26
2026-07-23T16:00:00Z,0.422
2026-07-23T16:30:00Z,0.558
2026-07-23T17:00:00Z,0.291
2026-07-23T17:30:00Z,0.248
2026-07-23T18:00:00Z,0.2
2026-07-23T18:30:00Z,0.249
2026-07-23T19:00:00Z,0.17
2026-07-23T19:30:00Z,0.16
2026-07-23T20:00:00Z,0.176
2026-07-23T20:30:00Z,0.46
2026-07-23T21:00:00Z,0.653
2026-07-23T21:30:00Z,0.484
2026-07-23T22:00:00Z,0.467
2026-07-23T22:30:00Z,0.442
2026-07-23T23:00:00Z,0.236
2026-07-23T23:30:00Z,0.225
2026-07-24T00:00:00Z,0.196
2026-07-24T00:30:00Z,0.18
2026-07-24T01:00:00Z,0.173
2026-07-24T01:30:00Z,0.187
2026-07-24T02:00:00Z,0.189
2026-07-24T02:30:00Z,0.193
2026-07-24T03:00:00Z,0.172
2026-07-24T03:30:00Z,0.163
2026-07-24T04:00:00Z,0.165
2026-07-24T04:30:00Z,0.165
2026-07-24T05:00:00Z,0.163
2026-07-24T05:30:00Z,0.165
2026-07-24T06:00:00Z,0.193
2026-07-24T06:30:00Z,0.647
2026-07-24T07:00:00Z,0.461
2026-07-24T07:30:00Z,0.228
2026-07-24T08:00:00Z,0.284
2026-07-24T08:30:00Z,0.506
2026-07-24T09:00:00Z,0.654
2026-07-24T09:30:00Z,0.249
2026-07-24T10:00:00Z,0.266
2026-07-24T10:30:00Z,0.293
2026-07-24T11:00:00Z,0.261
2026-07-24T11:30:00Z,0.257
2026-07-24T12:00:00Z,0.263
2026-07-24T12:30:00Z,0.267
2026-07-24T13:00:00Z,0.262
2026-07-24T13:30:00Z,0.239
2026-07-24T14:00:00Z,0.232
2026-07-24T14:30:00Z,0.264
2026-07-24T15:00:00Z,0.296
2026-07-24T15:30:00Z,0.377
2026-07-24T16:00:00Z,0.261
2026-07-24T16:30:00Z,0.27
2026-07-24T17:00:00Z,0.269
2026-07-24T17:30:00Z,0.271
2026-07-24T18:00:00Z,0.466
2026-07-24T18:30:00Z,0.255
2026-07-24T19:00:00Z,0.38
2026-07-24T19:30:00Z,0.232
2026-07-24T20:00:00Z,0.27
2026-07-24T20:30:00Z,0.287
2026-07-24T21:00:00Z,0.652
2026-07-24T21:30:00Z,0.566
2026-07-24T22:00:00Z,0.408
2026-07-24T22:30:00Z,0.998
2026-07-24T23:00:00Z,0.227
2026-07-24T23:30:00Z,0.234
2026-07-25T00:00:00Z,0.24
2026-07-25T00:30:00Z,0.211
2026-07-25T01:00:00Z,0.189
2026-07-25T01:30:00Z,0.186
2026-07-25T02:00:00Z,0.177
2026-07-25T02:30:00Z,0.176
2026-07-25T03:00:00Z,0.175
2026-07-25T03:30:00Z,0.173
2026-07-25T04:00:00Z,0.172
2026-07-25T04:30:00Z,0.175
2026-07-25T05:00:00Z,0.176
2026-07-25T05:30:00Z,0.175
2026-07-25T06:00:00Z,0.176
2026-07-25T06:30:00Z,0.179
2026-07-25T07:00:00Z,0.189
2026-07-25T07:30:00Z,0.215
2026-07-25T08:00:00Z,0.653
2026-07-25T08:30:00Z,0.528
2026-07-25T09:00:00Z,0.284
2026-07-25T09:30:00Z,0.458
2026-07-25T10:00:00Z,0.215
2026-07-25T10:30:00Z,0.216
2026-07-25T11:00:00Z,0.248
2026-07-25T11:30:00Z,0.293
2026-07-25T12:00:00Z,0.47
2026-07-25T12:30:00Z,0.244
2026-07-25T13:00:00Z,0.225
2026-07-25T13:30:00Z,0.218
2026-07-25T14:00:00Z,0.225
2026-07-25T14:30:00Z,0.2
2026-07-25T15:00:00Z,0.236
2026-07-25T15:30:00Z,0.191
2026-07-25T16:00:00Z,0.208
2026-07-25T16:30:00Z,0.212
2026-07-25T17:00:00Z,0.231
2026-07-25T17:30:00Z,0.217
2026-07-25T18:00:00Z,0.33
2026-07-25T18:30:00Z,0.497
2026-07-25T19:00:00Z,0.185
2026-07-25T19:30:00Z,0.31
2026-07-25T20:00:00Z,0.192
2026-07-25T20:30:00Z,0.566
2026-07-25T21:00:00Z,0.476
2026-07-25T21:30:00Z,0.289
2026-07-25T22:00:00Z,0.484
2026-07-25T22:30:00Z,0.185
2026-07-25T23:00:00Z,0.217
2026-07-25T23:30:00Z,0.229
2026-07-26T00:00:00Z,0.197
2026-07-26T00:30:00Z,0.196
2026-07-26T01:00:00Z,0.153
2026-07-26T01:30:00Z,0.151
2026-07-26T02:00:00Z,0.15
2026-07-26T02:30:00Z,0.151
2026-07-26T03:00:00Z,0.15
2026-07-26T03:30:00Z,0.152
2026-07-26T04:00:00Z,0.15
2026-07-26T04:30:00Z,0.148
2026-07-26T05:00:00Z,0.147
2026-07-26T05:30:00Z,0.146
2026-07-26T06:00:00Z,0.146
2026-07-26T06:30:00Z,0.147
2026-07-26T07:00:00Z,0.146
2026-07-26T07:30:00Z,0.155
2026-07-26T08:00:00Z,0.153
2026-07-26T08:30:00Z,0.155
2026-07-26T09:00:00Z,0.2
2026-07-26T09:30:00Z,0.152
2026-07-26T10:00:00Z,0.366
2026-07-26T10:30:00Z,0.615
2026-07-26T11:00:00Z,0.166
2026-07-26T11:30:00Z,0.258
2026-07-26T12:00:00Z,0.221
2026-07-26T12:30:00Z,0.227
2026-07-26T13:00:00Z,0.261
2026-07-26T13:30:00Z,0.255
2026-07-26T14:00:00Z,0.282
2026-07-26T14:30:00Z,0.343
2026-07-26T15:00:00Z,0.253
2026-07-26T15:30:00Z,0.296
2026-07-26T16:00:00Z,0.305
2026-07-26T16:30:00Z,0.287
2026-07-26T17:00:00Z,0.269
2026-07-26T17:30:00Z,0.23
2026-07-26T18:00:00Z,0.239
2026-07-26T18:30:00Z,0.841
2026-07-26T19:00:00Z,0.388
2026-07-26T19:30:00Z,0.571
2026-07-26T20:00:00Z,0.757
2026-07-26T20:30:00Z,0.386
2026-07-26T21:00:00Z,0.768
2026-07-26T21:30:00Z,0.351
2026-07-26T22:00:00Z,0.315
2026-07-26T22:30:00Z,0.31
2026-07-26T23:00:00Z,0.194
2026-07-26T23:30:00Z,0.2
2026-07-27T00:00:00Z,0.2
2026-07-27T00:30:00Z,0.207
2026-07-27T01:00:00Z,0.209
2026-07-27T01:30:00Z,0.178
2026-07-27T02:00:00Z,0.186
2026-07-27T02:30:00Z,0.181
2026-07-27T03:00:00Z,0.178
2026-07-27T03:30:00Z,0.175
2026-07-27T04:00:00Z,0.175
2026-07-27T04:30:00Z,0.2
2026-07-27T05:00:00Z,0.204
2026-07-27T05:30:00Z,0.209
2026-07-27T06:00:00Z,0.204
2026-07-27T06:30:00Z,0.232
2026-07-27T07:00:00Z,0.267
2026-07-27T07:30:00Z,0.312
2026-07-27T08:00:00Z,0.24
2026-07-27T08:30:00Z,0.617
2026-07-27T09:00:00Z,0.787
2026-07-27T09:30:00Z,0.564
2026-07-27T10:00:00Z,0.657
2026-07-27T10:30:00Z,0.247
2026-07-27T11:00:00Z,0.244
2026-07-27T11:30:00Z,0.402
2026-07-27T12:00:00Z,0.254
2026-07-27T12:30:00Z,0.251
2026-07-27T13:00:00Z,0.257
2026-07-27T13:30:00Z,0.24
2026-07-27T14:00:00Z,0.24
2026-07-27T14:30:00Z,0.218
2026-07-27T15:00:00Z,0.294
2026-07-27T15:30:00Z,0.354
2026-07-27T16:00:00Z,0.4
2026-07-27T16:30:00Z,0.237
2026-07-27T17:00:00Z,0.23
2026-07-27T17:30:00Z,0.527
2026-07-27T18:00:00Z,0.332
2026-07-27T18:30:00Z,0.27
2026-07-27T19:00:00Z,0.228
2026-07-27T19:30:00Z,0.259
2026-07-27T20:00:00Z,0.263
2026-07-27T20:30:00Z,0.501
2026-07-27T21:00:00Z,0.278
2026-07-27T21:30:00Z,0.274
2026-07-27T22:00:00Z,0.32
2026-07-27T22:30:00Z,0.655
2026-07-27T23:00:00Z,0.175
2026-07-27T23:30:00Z,0.176
2026-07-28T00:00:00Z,0.162
2026-07-28T00:30:00Z,0.162
2026-07-28T01:00:00Z,0.166
2026-07-28T01:30:00Z,0.165
2026-07-28T02:00:00Z,0.162
2026-07-28T02:30:00Z,0.163
2026-07-28T03:00:00Z,0.188
2026-07-28T03:30:00Z,0.184
2026-07-28T04:00:00Z,0.188
2026-07-28T04:30:00Z,0.188
2026-07-28T05:00:00Z,0.191
2026-07-28T05:30:00Z,0.187
2026-07-28T06:00:00Z,0.187
2026-07-28T06:30:00Z,0.17
2026-07-28T07:00:00Z,0.188
2026-07-28T07:30:00Z,0.18
2026-07-28T08:00:00Z,0.149
2026-07-28T08:30:00Z,0.328
2026-07-28T09:00:00Z,0.203
2026-07-28T09:30:00Z,0.251
2026-07-28T10:00:00Z,0.499
2026-07-28T10:30:00Z,0.661
2026-07-28T11:00:00Z,0.267
2026-07-28T11:30:00Z,0.223
2026-07-28T12:00:00Z,0.27
2026-07-28T12:30:00Z,0.193
2026-07-28T13:00:00Z,0.211
2026-07-28T13:30:00Z,0.204
2026-07-28T14:00:00Z,0.181
2026-07-28T14:30:00Z,0.191
2026-07-28T15:00:00Z,0.205
2026-07-28T15:30:00Z,0.573
2026-07-28T16:00:00Z,0.655
2026-07-28T16:30:00Z,0.332
2026-07-28T17:00:00Z,0.344
2026-07-28T17:30:00Z,0.503
2026-07-28T18:00:00Z,0.63
2026-07-28T18:30:00Z,0.758
2026-07-28T19:00:00Z,0.576
2026-07-28T19:30:00Z,0.597
2026-07-28T20:00:00Z,0.515
2026-07-28T20:30:00Z,0.704
2026-07-28T21:00:00Z,0.676
2026-07-28T21:30:00Z,0.571
2026-07-28T22:00:00Z,0.279
2026-07-28T22:30:00Z,0.201
2026-07-28T23:00:00Z,0.145
2026-07-28T23:30:00Z,0.114
2026-07-29T00:00:00Z,0.092
2026-07-29T00:30:00Z,0.093
2026-07-29T01:00:00Z,0.091
2026-07-29T01:30:00Z,0.093
2026-07-29T02:00:00Z,0.093
2026-07-29T02:30:00Z,0.097
2026-07-29T03:00:00Z,0.118
2026-07-29T03:30:00Z,0.115
2026-07-29T04:00:00Z,0.118
2026-07-29T04:30:00Z,0.119
2026-07-29T05:00:00Z,0.119
2026-07-29T05:30:00Z,0.101
2026-07-29T06:00:00Z,0.105
2026-07-29T06:30:00Z,0.105
2026-07-29T07:00:00Z,0.107
2026-07-29T07:30:00Z,0.112
2026-07-29T08:00:00Z,0.126
2026-07-29T08:30:00Z,0.295
2026-07-29T09:00:00Z,0.16
2026-07-29T09:30:00Z,0.163
2026-07-29T10:00:00Z,0.606
2026-07-29T10:30:00Z,0.562
2026-07-29T11:00:00Z,0.432
2026-07-29T11:30:00Z,0.32
2026-07-29T12:00:00Z,0.316
2026-07-29T12:30:00Z,0.256
2026-07-29T13:00:00Z,0.326
2026-07-29T13:30:00Z,0.584
2026-07-29T14:00:00Z,0.571
2026-07-29T14:30:00Z,0.513
2026-07-29T15:00:00Z,0.443
2026-07-29T15:30:00Z,0.461
2026-07-29T16:00:00Z,0.4
2026-07-29T16:30:00Z,0.658
2026-07-29T17:00:00Z,0.487
2026-07-29T17:30:00Z,0.539
2026-07-29T18:00:00Z,0.57
2026-07-29T18:30:00Z,0.835
2026-07-29T19:00:00Z,0.415
2026-07-29T19:30:00Z,0.173
2026-07-29T20:00:00Z,0.434
2026-07-29T20:30:00Z,0.183
2026-07-29T21:00:00Z,0.194
2026-07-29T21:30:00Z,0.2
2026-07-29T22:00:00Z,0.546
2026-07-29T22:30:00Z,0.155
2026-07-29T23:00:00Z,0.305
2026-07-29T23:30:00Z,0.293
2026-07-30T00:00:00Z,0.28
2026-07-30T00:30:00Z,0.267
2026-07-30T01:00:00Z,0.263
2026-07-30T01:30:00Z,0.257
2026-07-30T02:00:00Z,0.221
2026-07-30T02:30:00Z,0.203
2026-07-30T03:00:00Z,0.2
2026-07-30T03:30:00Z,0.201
2026-07-30T04:00:00Z,0.201
2026-07-30T04:30:00Z,0.171
2026-07-30T05:00:00Z,0.196
2026-07-30T05:30:00Z,0.2
2026-07-30T06:00:00Z,0.205
2026-07-30T06:30:00Z,0.205
2026-07-30T07:00:00Z,0.206
2026-07-30T07:30:00Z,0.211
2026-07-30T08:00:00Z,0.196
2026-07-30T08:30:00Z,0.186
2026-07-30T09:00:00Z,0.302
2026-07-30T09:30:00Z,0.261
2026-07-30T10:00:00Z,0.217
2026-07-30T10:30:00Z,0.683
2026-07-30T11:00:00Z,0.436
2026-07-30T11:30:00Z,0.414
2026-07-30T12:00:00Z,0.386
2026-07-30T12:30:00Z,0.343
2026-07-30T13:00:00Z,0.609
2026-07-30T13:30:00Z,0.607
2026-07-30T14:00:00Z,0.547
2026-07-30T14:30:00Z,0.527
2026-07-30T15:00:00Z,0.53
2026-07-30T15:30:00Z,0.24
2026-07-30T16:00:00Z,0.255
2026-07-30T16:30:00Z,0.242
2026-07-30T17:00:00Z,0.523
2026-07-30T17:30:00Z,0.461
2026-07-30T18:00:00Z,0.327
2026-07-30T18:30:00Z,0.321
2026-07-30T19:00:00Z,0.272
2026-07-30T19:30:00Z,0.286
2026-07-30T20:00:00Z,0.267
2026-07-30T20:30:00Z,0.257
2026-07-30T21:00:00Z,0.291
2026-07-30T21:30:00Z,0.287
2026-07-30T22:00:00Z,0.239
2026-07-30T22:30:00Z,0.213
2026-07-30T23:00:00Z,0.256
2026-07-30T23:30:00Z,0.247
2026-07-31T00:00:00Z,0.234
2026-07-31T00:30:00Z,0.194
2026-07-31T01:00:00Z,0.197
2026-07-31T01:30:00Z,0.174
2026-07-31T02:00:00Z,0.183
2026-07-31T02:30:00Z,0.191
2026-07-31T03:00:00Z,0.191
2026-07-31T03:30:00Z,0.182
2026-07-31T04:00:00Z,0.179
2026-07-31T04:30:00Z,0.216
2026-07-31T05:00:00Z,0.225
2026-07-31T05:30:00Z,0.208
2026-07-31T06:00:00Z,0.212
2026-07-31T06:30:00Z,0.224
2026-07-31T07:00:00Z,0.279
2026-07-31T07:30:00Z,0.277
2026-07-31T08:00:00Z,0.399
2026-07-31T08:30:00Z,0.241
2026-07-31T09:00:00Z,0.235
2026-07-31T09:30:00Z,0.192
2026-07-31T10:00:00Z,0.183
2026-07-31T10:30:00Z,0.428
2026-07-31T11:00:00Z,0.458
2026-07-31T11:30:00Z,0.319
2026-07-31T12:00:00Z,0.284
2026-07-31T12:30:00Z,0.757
2026-07-31T13:00:00Z,0.493
2026-07-31T13:30:00Z,0.449
2026-07-31T14:00:00Z,1.033
2026-07-31T14:30:00Z,0.563
2026-07-31T15:00:00Z,0.534
2026-07-31T15:30:00Z,0.574
2026-07-31T16:00:00Z,0.301
2026-07-31T16:30:00Z,0.572
2026-07-31T17:00:00Z,0.191
2026-07-31T17:30:00Z,0.204
2026-07-31T18:00:00Z,0.187
2026-07-31T18:30:00Z,0.172
2026-07-31T19:00:00Z,0.221
2026-07-31T19:30:00Z,0.215
2026-07-31T20:00:00Z,0.194
2026-07-31T20:30:00Z,0.207
2026-07-31T21:00:00Z,0.231
2026-07-31T21:30:00Z,0.228
2026-07-31T22:00:00Z,0.241
2026-07-31T22:30:00Z,0.244
2026-07-31T23:00:00Z,0.119
2026-07-31T23:30:00Z,0.199
2026-08-01T00:00:00Z,0.218
2026-08-01T00:30:00Z,0.162
2026-08-01T01:00:00Z,0.174
2026-08-01T01:30:00Z,0.167
2026-08-01T02:00:00Z,0.159
2026-08-01T02:30:00Z,0.166
2026-08-01T03:00:00Z,0.216
2026-08-01T03:30:00Z,0.161
2026-08-01T04:00:00Z,0.218
2026-08-01T04:30:00Z,0.181
2026-08-01T05:00:00Z,0.174
2026-08-01T05:30:00Z,0.133
2026-08-01T06:00:00Z,0.118
2026-08-01T06:30:00Z,0.118
2026-08-01T07:00:00Z,0.227
2026-08-01T07:30:00Z,0.145
2026-08-01T08:00:00Z,0.209
2026-08-01T08:30:00Z,0.236
2026-08-01T09:00:00Z,0.292
2026-08-01T09:30:00Z,0.638
2026-08-01T10:00:00Z,0.275
2026-08-01T10:30:00Z,0.384
2026-08-01T11:00:00Z,0.493
2026-08-01T11:30:00Z,0.473
2026-08-01T12:00:00Z,0.395
2026-08-01T12:30:00Z,0.114
2026-08-01T13:00:00Z,0.12
2026-08-01T13:30:00Z,0.604
2026-08-01T14:00:00Z,0.27
2026-08-01T14:30:00Z,0.215
2026-08-01T15:00:00Z,0.713
2026-08-01T15:30:00Z,0.551
2026-08-01T16:00:00Z,0.312
2026-08-01T16:30:00Z,0.336
2026-08-01T17:00:00Z,0.336
2026-08-01T17:30:00Z,0.449
2026-08-01T18:00:00Z,0.28
2026-08-01T18:30:00Z,0.42
2026-08-01T19:00:00Z,0.25
2026-08-01T19:30:00Z,0.297
2026-08-01T20:00:00Z,0.456
2026-08-01T20:30:00Z,0.23
2026-08-01T21:00:00Z,0.24
2026-08-01T21:30:00Z,0.591
2026-08-01T22:00:00Z,0.215
2026-08-01T22:30:00Z,0.214
2026-08-01T23:00:00Z,0.143
2026-08-01T23:30:00Z,0.15
2026-08-02T00:00:00Z,0.153
2026-08-02T00:30:00Z,0.154
2026-08-02T01:00:00Z,0.156
2026-08-02T01:30:00Z,0.153
2026-08-02T02:00:00Z,0.145
2026-08-02T02:30:00Z,0.114
2026-08-02T03:00:00Z,0.112
2026-08-02T03:30:00Z,0.112
2026-08-02T04:00:00Z,0.112
2026-08-02T04:30:00Z,0.114
2026-08-02T05:00:00Z,0.108
2026-08-02T05:30:00Z,0.11
2026-08-02T06:00:00Z,0.116
2026-08-02T06:30:00Z,0.113
2026-08-02T07:00:00Z,0.111
2026-08-02T07:30:00Z,0.113
2026-08-02T08:00:00Z,0.11
2026-08-02T08:30:00Z,0.143
2026-08-02T09:00:00Z,0.177
2026-08-02T09:30:00Z,0.505
2026-08-02T10:00:00Z,0.647
2026-08-02T10:30:00Z,0.27
2026-08-02T11:00:00Z,0.249
2026-08-02T11:30:00Z,0.305
2026-08-02T12:00:00Z,0.231
2026-08-02T12:30:00Z,0.244
2026-08-02T13:00:00Z,0.198
2026-08-02T13:30:00Z,0.188
2026-08-02T14:00:00Z,0.179
2026-08-02T14:30:00Z,0.204
2026-08-02T15:00:00Z,0.225
2026-08-02T15:30:00Z,0.33
2026-08-02T16:00:00Z,0.4
2026-08-02T16:30:00Z,0.278
2026-08-02T17:00:00Z,0.756
2026-08-02T17:30:00Z,0.722
2026-08-02T18:00:00Z,0.5
2026-08-02T18:30:00Z,0.567
2026-08-02T19:00:00Z,0.459
2026-08-02T19:30:00Z,0.658
2026-08-02T20:00:00Z,0.555
2026-08-02T20:30:00Z,0.306
2026-08-02T21:00:00Z,0.239
2026-08-02T21:30:00Z,0.239
2026-08-02T22:00:00Z,0.217
2026-08-02T22:30:00Z,0.185
2026-08-02T23:00:00Z,0.213
2026-08-02T23:30:00Z,0.194
2026-08-03T00:00:00Z,0.188
2026-08-03T00:30:00Z,0.177
2026-08-03T01:00:00Z,0.178
2026-08-03T01:30:00Z,0.178
2026-08-03T02:00:00Z,0.197
2026-08-03T02:30:00Z,0.2
2026-08-03T03:00:00Z,0.201
2026-08-03T03:30:00Z,0.202
2026-08-03T04:00:00Z,0.199
2026-08-03T04:30:00Z,0.198
2026-08-03T05:00:00Z,0.193
2026-08-03T05:30:00Z,0.18
2026-08-03T06:00:00Z,0.203
2026-08-03T06:30:00Z,0.178
2026-08-03T07:00:00Z,0.431
2026-08-03T07:30:00Z,0.295
2026-08-03T08:00:00Z,0.242
2026-08-03T08:30:00Z,0.475
2026-08-03T09:00:00Z,0.791
2026-08-03T09:30:00Z,0.677
2026-08-03T10:00:00Z,0.563
2026-08-03T10:30:00Z,0.938
2026-08-03T11:00:00Z,1.078
2026-08-03T11:30:00Z,0.952
2026-08-03T12:00:00Z,0.409
2026-08-03T12:30:00Z,0.904
2026-08-03T13:00:00Z,0.646
2026-08-03T13:30:00Z,0.325
2026-08-03T14:00:00Z,0.238
2026-08-03T14:30:00Z,0.249
2026-08-03T15:00:00Z,0.284
2026-08-03T15:30:00Z,0.36
2026-08-03T16:00:00Z,0.56
2026-08-03T16:30:00Z,0.382
2026-08-03T17:00:00Z,0.375
2026-08-03T17:30:00Z,0.475
2026-08-03T18:00:00Z,0.457
2026-08-03T18:30:00Z,0.357
2026-08-03T19:00:00Z,0.203
2026-08-03T19:30:00Z,0.239
2026-08-03T20:00:00Z,0.189
2026-08-03T20:30:00Z,0.194
2026-08-03T21:00:00Z,0.449
2026-08-03T21:30:00Z,0.236
2026-08-03T22:00:00Z,0.189
2026-08-03T22:30:00Z,0.467
2026-08-03T23:00:00Z,0.148
2026-08-03T23:30:00Z,0.146
2026-08-04T00:00:00Z,0.146
2026-08-04T00:30:00Z,0.146
2026-08-04T01:00:00Z,0.149
2026-08-04T01:30:00Z,0.224
2026-08-04T02:00:00Z,0.163
2026-08-04T02:30:00Z,0.148
2026-08-04T03:00:00Z,0.137
2026-08-04T03:30:00Z,0.135
2026-08-04T04:00:00Z,0.152
2026-08-04T04:30:00Z,0.136
2026-08-04T05:00:00Z,0.186
2026-08-04T05:30:00Z,0.203
2026-08-04T06:00:00Z,0.155
2026-08-04T06:30:00Z,0.156
2026-08-04T07:00:00Z,0.139
2026-08-04T07:30:00Z,0.174
2026-08-04T08:00:00Z,0.119
2026-08-04T08:30:00Z,0.492
2026-08-04T09:00:00Z,0.27
2026-08-04T09:30:00Z,0.138
2026-08-04T10:00:00Z,0.119
2026-08-04T10:30:00Z,0.122
2026-08-04T11:00:00Z,0.194
2026-08-04T11:30:00Z,0.116
2026-08-04T12:00:00Z,0.163
2026-08-04T12:30:00Z,0.186
2026-08-04T13:00:00Z,0.547
2026-08-04T13:30:00Z,0.313
2026-08-04T14:00:00Z,0.183
2026-08-04T14:30:00Z,0.184
2026-08-04T15:00:00Z,0.121
2026-08-04T15:30:00Z,0.1
2026-08-04T16:00:00Z,0.14
2026-08-04T16:30:00Z,0.35
2026-08-04T17:00:00Z,0.22
2026-08-04T17:30:00Z,0.318
2026-08-04T18:00:00Z,0.149
2026-08-04T18:30:00Z,0.114
2026-08-04T19:00:00Z,0.121
2026-08-04T19:30:00Z,0.331
2026-08-04T20:00:00Z,0.389
2026-08-04T20:30:00Z,0.264
2026-08-04T21:00:00Z,0.206
2026-08-04T21:30:00Z,0.353
2026-08-04T22:00:00Z,0.413
2026-08-04T22:30:00Z,0.166
2026-08-04T23:00:00Z,0.165
2026-08-04T23:30:00Z,0.164
2026-08-05T00:00:00Z,0.221
2026-08-05T00:30:00Z,0.193
2026-08-05T01:00:00Z,0.179
2026-08-05T01:30:00Z,0.177
2026-08-05T02:00:00Z,0.196
2026-08-05T02:30:00Z,0.168
2026-08-05T03:00:00Z,0.162
2026-08-05T03:30:00Z,0.162
2026-08-05T04:00:00Z,0.176
2026-08-05T04:30:00Z,0.213
2026-08-05T05:00:00Z,0.16
2026-08-05T05:30:00Z,0.122
2026-08-05T06:00:00Z,0.124
2026-08-05T06:30:00Z,0.122
2026-08-05T07:00:00Z,0.204
2026-08-05T07:30:00Z,0.129
2026-08-05T08:00:00Z,0.146
2026-08-05T08:30:00Z,0.275
2026-08-05T09:00:00Z,0.283
2026-08-05T09:30:00Z,0.428
2026-08-05T10:00:00Z,0.643
2026-08-05T10:30:00Z,0.581
2026-08-05T11:00:00Z,0.241
2026-08-05T11:30:00Z,0.254
2026-08-05T12:00:00Z,0.124
2026-08-05T12:30:00Z,0.13
2026-08-05T13:00:00Z,0.184
2026-08-05T13:30:00Z,0.112
2026-08-05T14:00:00Z,0.096
2026-08-05T14:30:00Z,0.096
2026-08-05T15:00:00Z,0.098
2026-08-05T15:30:00Z,0.191
2026-08-05T16:00:00Z,0.148
2026-08-05T16:30:00Z,0.125
2026-08-05T17:00:00Z,0.117
2026-08-05T17:30:00Z,0.174
2026-08-05T18:00:00Z,0.316
2026-08-05T18:30:00Z,0.17
2026-08-05T19:00:00Z,0.161
2026-08-05T19:30:00Z,0.197
2026-08-05T20:00:00Z,0.169
2026-08-05T20:30:00Z,0.563
2026-08-05T21:00:00Z,0.457
2026-08-05T21:30:00Z,0.282
2026-08-05T22:00:00Z,0.478
2026-08-05T22:30:00Z,0.167
2026-08-05T23:00:00Z,0.209
2026-08-05T23:30:00Z,0.221
2026-08-06T00:00:00Z,0.297
2026-08-06T00:30:00Z,0.253
2026-08-06T01:00:00Z,0.257
2026-08-06T01:30:00Z,0.244
2026-08-06T02:00:00Z,0.233
2026-08-06T02:30:00Z,0.208
2026-08-06T03:00:00Z,0.182
2026-08-06T03:30:00Z,0.252
2026-08-06T04:00:00Z,0.196
2026-08-06T04:30:00Z,0.181
2026-08-06T05:00:00Z,0.184
2026-08-06T05:30:00Z,0.233
2026-08-06T06:00:00Z,0.18
2026-08-06T06:30:00Z,0.327
2026-08-06T07:00:00Z,0.563
2026-08-06T07:30:00Z,0.669
2026-08-06T08:00:00Z,0.323
2026-08-06T08:30:00Z,0.363
2026-08-06T09:00:00Z,0.286
2026-08-06T09:30:00Z,0.334
2026-08-06T10:00:00Z,0.284
2026-08-06T10:30:00Z,0.276
2026-08-06T11:00:00Z,0.234
2026-08-06T11:30:00Z,0.375
2026-08-06T12:00:00Z,0.244
2026-08-06T12:30:00Z,0.26
2026-08-06T13:00:00Z,0.266
2026-08-06T13:30:00Z,0.279
2026-08-06T14:00:00Z,0.25
2026-08-06T14:30:00Z,0.283
2026-08-06T15:00:00Z,0.299
2026-08-06T15:30:00Z,0.937
2026-08-06T16:00:00Z,0.487
2026-08-06T16:30:00Z,0.27
2026-08-06T17:00:00Z,0.281
2026-08-06T17:30:00Z,0.624
2026-08-06T18:00:00Z,0.609
2026-08-06T18:30:00Z,0.763
2026-08-06T19:00:00Z,0.703
2026-08-06T19:30:00Z,0.177
2026-08-06T20:00:00Z,0.189
2026-08-06T20:30:00Z,0.187
2026-08-06T21:00:00Z,0.558
2026-08-06T21:30:00Z,0.226
2026-08-06T22:00:00Z,0.207
2026-08-06T22:30:00Z,0.529
2026-08-06T23:00:00Z,0.111
2026-08-06T23:30:00Z,0.113
2026-08-07T00:00:00Z,0.105
2026-08-07T00:30:00Z,0.101
2026-08-07T01:00:00Z,0.104
2026-08-07T01:30:00Z,0.11
2026-08-07T02:00:00Z,0.124
2026-08-07T02:30:00Z,0.126
2026-08-07T03:00:00Z,0.171
2026-08-07T03:30:00Z,0.176
2026-08-07T04:00:00Z,0.197
2026-08-07T04:30:00Z,0.203
2026-08-07T05:00:00Z,0.181
2026-08-07T05:30:00Z,0.148
2026-08-07T06:00:00Z,0.148
2026-08-07T06:30:00Z,0.16
2026-08-07T07:00:00Z,0.144
2026-08-07T07:30:00Z,0.143
2026-08-07T08:00:00Z,0.196
2026-08-07T08:30:00Z,0.551
2026-08-07T09:00:00Z,0.941
2026-08-07T09:30:00Z,0.703
2026-08-07T10:00:00Z,0.383
2026-08-07T10:30:00Z,0.173
2026-08-07T11:00:00Z,0.179
2026-08-07T11:30:00Z,0.188
2026-08-07T12:00:00Z,0.151
2026-08-07T12:30:00Z,0.14
2026-08-07T13:00:00Z,0.121
2026-08-07T13:30:00Z,0.112
2026-08-07T14:00:00Z,0.137
2026-08-07T14:30:00Z,0.156
2026-08-07T15:00:00Z,0.221
2026-08-07T15:30:00Z,0.709
2026-08-07T16:00:00Z,0.82
2026-08-07T16:30:00Z,0.152
2026-08-07T17:00:00Z,0.119
2026-08-07T17:30:00Z,0.147
2026-08-07T18:00:00Z,0.173
2026-08-07T18:30:00Z,0.575
2026-08-07T19:00:00Z,0.904
2026-08-07T19:30:00Z,0.458
2026-08-07T20:00:00Z,0.466
2026-08-07T20:30:00Z,0.514
2026-08-07T21:00:00Z,0.276
2026-08-07T21:30:00Z,0.135
2026-08-07T22:00:00Z,0.14
2026-08-07T22:30:00Z,0.141
2026-08-07T23:00:00Z,0.195
2026-08-07T23:30:00Z,0.199
2026-08-08T00:00:00Z,0.192
2026-08-08T00:30:00Z,0.172
2026-08-08T01:00:00Z,0.166
2026-08-08T01:30:00Z,0.163
2026-08-08T02:00:00Z,0.16
2026-08-08T02:30:00Z,0.154
2026-08-08T03:00:00Z,0.148
2026-08-08T03:30:00Z,0.148
2026-08-08T04:00:00Z,0.149
2026-08-08T04:30:00Z,0.149
2026-08-08T05:00:00Z,0.162
2026-08-08T05:30:00Z,0.384
2026-08-08T06:00:00Z,0.214
2026-08-08T06:30:00Z,0.151
2026-08-08T07:00:00Z,0.149
2026-08-08T07:30:00Z,0.127
2026-08-08T08:00:00Z,0.139
2026-08-08T08:30:00Z,0.145
2026-08-08T09:00:00Z,0.256
2026-08-08T09:30:00Z,0.366
2026-08-08T10:00:00Z,0.697
2026-08-08T10:30:00Z,0.399
2026-08-08T11:00:00Z,0.21
2026-08-08T11:30:00Z,0.175
2026-08-08T12:00:00Z,0.176
2026-08-08T12:30:00Z,0.134
2026-08-08T13:00:00Z,0.111
2026-08-08T13:30:00Z,0.111
2026-08-08T14:00:00Z,0.112
2026-08-08T14:30:00Z,0.112
2026-08-08T15:00:00Z,0.115
2026-08-08T15:30:00Z,0.114
2026-08-08T16:00:00Z,0.114
2026-08-08T16:30:00Z,0.121
2026-08-08T17:00:00Z,0.18
2026-08-08T17:30:00Z,0.151
2026-08-08T18:00:00Z,0.24
2026-08-08T18:30:00Z,0.235
2026-08-08T19:00:00Z,0.631
2026-08-08T19:30:00Z,0.203
2026-08-08T20:00:00Z,0.24
2026-08-08T20:30:00Z,0.641
2026-08-08T21:00:00Z,0.5
2026-08-08T21:30:00Z,0.459
2026-08-08T22:00:00Z,0.366
2026-08-08T22:30:00Z,0.206
2026-08-08T23:00:00Z,0.239
2026-08-08T23:30:00Z,0.292
2026-08-09T00:00:00Z,0.228
2026-08-09T00:30:00Z,0.239
2026-08-09T01:00:00Z,0.206
2026-08-09T01:30:00Z,0.194
2026-08-09T02:00:00Z,0.196
2026-08-09T02:30:00Z,0.193
2026-08-09T03:00:00Z,0.184
2026-08-09T03:30:00Z,0.171
2026-08-09T04:00:00Z,0.149
2026-08-09T04:30:00Z,0.196
2026-08-09T05:00:00Z,0.178
2026-08-09T05:30:00Z,0.165
2026-08-09T06:00:00Z,0.189
2026-08-09T06:30:00Z,0.188
2026-08-09T07:00:00Z,0.181
2026-08-09T07:30:00Z,0.233
2026-08-09T08:00:00Z,0.199
2026-08-09T08:30:00Z,0.364
2026-08-09T09:00:00Z,0.617
2026-08-09T09:30:00Z,0.269
2026-08-09T10:00:00Z,0.453
2026-08-09T10:30:00Z,0.361
2026-08-09T11:00:00Z,0.455
2026-08-09T11:30:00Z,0.19
2026-08-09T12:00:00Z,0.185
2026-08-09T12:30:00Z,0.491
2026-08-09T13:00:00Z,0.294
2026-08-09T13:30:00Z,0.466
2026-08-09T14:00:00Z,0.536
2026-08-09T14:30:00Z,0.287
2026-08-09T15:00:00Z,0.363
2026-08-09T15:30:00Z,0.809
2026-08-09T16:00:00Z,0.468
2026-08-09T16:30:00Z,0.303
2026-08-09T17:00:00Z,0.549
2026-08-09T17:30:00Z,0.6
2026-08-09T18:00:00Z,0.511
2026-08-09T18:30:00Z,1.17
2026-08-09T19:00:00Z,0.555
2026-08-09T19:30:00Z,0.739
2026-08-09T20:00:00Z,0.278
2026-08-09T20:30:00Z,0.602
2026-08-09T21:00:00Z,0.28
2026-08-09T21:30:00Z,0.252
2026-08-09T22:00:00Z,0.599
2026-08-09T22:30:00Z,0.214
2026-08-09T23:00:00Z,0.244
2026-08-09T23:30:00Z,0.241
2026-08-10T00:00:00Z,0.218
2026-08-10T00:30:00Z,0.217
2026-08-10T01:00:00Z,0.217
2026-08-10T01:30:00Z,0.223
2026-08-10T02:00:00Z,0.231
2026-08-10T02:30:00Z,0.205
2026-08-10T03:00:00Z,0.2
2026-08-10T03:30:00Z,0.276
2026-08-10T04:00:00Z,0.208
2026-08-10T04:30:00Z,0.203
2026-08-10T05:00:00Z,0.197
2026-08-10T05:30:00Z,0.234
2026-08-10T06:00:00Z,0.215
2026-08-10T06:30:00Z,0.207
2026-08-10T07:00:00Z,0.295
2026-08-10T07:30:00Z,0.389
2026-08-10T08:00:00Z,0.193
2026-08-10T08:30:00Z,0.39
2026-08-10T09:00:00Z,0.459
2026-08-10T09:30:00Z,0.492
2026-08-10T10:00:00Z,0.208
2026-08-10T10:30:00Z,0.253
2026-08-10T11:00:00Z,0.611
2026-08-10T11:30:00Z,0.28
2026-08-10T12:00:00Z,0.256
2026-08-10T12:30:00Z,0.218
2026-08-10T13:00:00Z,0.276
2026-08-10T13:30:00Z,0.405
2026-08-10T14:00:00Z,0.261
2026-08-10T14:30:00Z,0.648
2026-08-10T15:00:00Z,0.379
2026-08-10T15:30:00Z,0.675
2026-08-10T16:00:00Z,0.528
2026-08-10T16:30:00Z,0.51
2026-08-10T17:00:00Z,0.288
2026-08-10T17:30:00Z,0.259
2026-08-10T18:00:00Z,0.241
2026-08-10T18:30:00Z,0.212
2026-08-10T19:00:00Z,0.212
2026-08-10T19:30:00Z,0.205
2026-08-10T20:00:00Z,0.208
2026-08-10T20:30:00Z,0.271
2026-08-10T21:00:00Z,0.228
2026-08-10T21:30:00Z,0.193
2026-08-10T22:00:00Z,0.185
2026-08-10T22:30:00Z,0.187
2026-08-10T23:00:00Z,0.139
2026-08-10T23:30:00Z,0.109
2026-08-11T00:00:00Z,0.101
2026-08-11T00:30:00Z,0.097
2026-08-11T01:00:00Z,0.097
2026-08-11T01:30:00Z,0.113
2026-08-11T02:00:00Z,0.121
2026-08-11T02:30:00Z,0.122
2026-08-11T03:00:00Z,0.126
2026-08-11T03:30:00Z,0.127
2026-08-11T04:00:00Z,0.124
2026-08-11T04:30:00Z,0.121
2026-08-11T05:00:00Z,0.107
2026-08-11T05:30:00Z,0.108
2026-08-11T06:00:00Z,0.108
2026-08-11T06:30:00Z,0.108
2026-08-11T07:00:00Z,0.112
2026-08-11T07:30:00Z,0.158
2026-08-11T08:00:00Z,0.157
2026-08-11T08:30:00Z,0.278
2026-08-11T09:00:00Z,0.618
2026-08-11T09:30:00Z,0.651
2026-08-11T10:00:00Z,0.326
2026-08-11T10:30:00Z,0.584
2026-08-11T11:00:00Z,0.655
2026-08-11T11:30:00Z,0.178
2026-08-11T12:00:00Z,0.151
2026-08-11T12:30:00Z,0.122
2026-08-11T13:00:00Z,0.105
2026-08-11T13:30:00Z,0.11
2026-08-11T14:00:00Z,0.117
2026-08-11T14:30:00Z,0.187
2026-08-11T15:00:00Z,0.444
2026-08-11T15:30:00Z,0.449
2026-08-11T16:00:00Z,0.43
2026-08-11T16:30:00Z,0.19
2026-08-11T17:00:00Z,0.085
2026-08-11T17:30:00Z,0.169
2026-08-11T18:00:00Z,0.235
2026-08-11T18:30:00Z,0.159
2026-08-11T19:00:00Z,0.16
2026-08-11T19:30:00Z,0.141
2026-08-11T20:00:00Z,0.128
2026-08-11T20:30:00Z,0.114
2026-08-11T21:00:00Z,0.139
2026-08-11T21:30:00Z,0.145
2026-08-11T22:00:00Z,0.136
2026-08-11T22:30:00Z,0.147
2026-08-11T23:00:00Z,0.21
2026-08-11T23:30:00Z,0.398
2026-08-12T00:00:00Z,0.285
2026-08-12T00:30:00Z,0.19
2026-08-12T01:00:00Z,0.165
2026-08-12T01:30:00Z,0.164
2026-08-12T02:00:00Z,0.162
2026-08-12T02:30:00Z,0.162
2026-08-12T03:00:00Z,0.161
2026-08-12T03:30:00Z,0.165
2026-08-12T04:00:00Z,0.154
2026-08-12T04:30:00Z,0.161
2026-08-12T05:00:00Z,0.165
2026-08-12T05:30:00Z,0.129
2026-08-12T06:00:00Z,0.12
2026-08-12T06:30:00Z,0.12
2026-08-12T07:00:00Z,0.152
2026-08-12T07:30:00Z,0.165
2026-08-12T08:00:00Z,0.139
2026-08-12T08:30:00Z,0.117
2026-08-12T09:00:00Z,0.343
2026-08-12T09:30:00Z,0.288
2026-08-12T10:00:00Z,0.673
2026-08-12T10:30:00Z,0.352
2026-08-12T11:00:00Z,0.203
2026-08-12T11:30:00Z,0.176
2026-08-12T12:00:00Z,0.4
2026-08-12T12:30:00Z,0.15
2026-08-12T13:00:00Z,0.165
2026-08-12T13:30:00Z,0.162
2026-08-12T14:00:00Z,0.588
2026-08-12T14:30:00Z,0.497
2026-08-12T15:00:00Z,0.426
2026-08-12T15:30:00Z,0.398
2026-08-12T16:00:00Z,0.17
2026-08-12T16:30:00Z,0.131
2026-08-12T17:00:00Z,0.169
2026-08-12T17:30:00Z,0.128
2026-08-12T18:00:00Z,0.152
2026-08-12T18:30:00Z,0.145
2026-08-12T19:00:00Z,0.351
2026-08-12T19:30:00Z,0.108
2026-08-12T20:00:00Z,0.181
2026-08-12T20:30:00Z,0.219
2026-08-12T21:00:00Z,0.165
2026-08-12T21:30:00Z,0.162
2026-08-12T22:00:00Z,0.168
2026-08-12T22:30:00Z,0.165
2026-08-12T23:00:00Z,0.498
2026-08-12T23:30:00Z,0.249
2026-08-13T00:00:00Z,0.231
2026-08-13T00:30:00Z,0.229
2026-08-13T01:00:00Z,0.209
2026-08-13T01:30:00Z,0.188
2026-08-13T02:00:00Z,0.185
2026-08-13T02:30:00Z,0.245
2026-08-13T03:00:00Z,0.198
2026-08-13T03:30:00Z,0.191
2026-08-13T04:00:00Z,0.175
2026-08-13T04:30:00Z,0.242
2026-08-13T05:00:00Z,0.209
2026-08-13T05:30:00Z,0.188
2026-08-13T06:00:00Z,0.175
2026-08-13T06:30:00Z,0.175
2026-08-13T07:00:00Z,0.189
2026-08-13T07:30:00Z,0.266
2026-08-13T08:00:00Z,0.34
2026-08-13T08:30:00Z,0.364
2026-08-13T09:00:00Z,0.333
2026-08-13T09:30:00Z,0.462
2026-08-13T10:00:00Z,0.637
2026-08-13T10:30:00Z,0.234
2026-08-13T11:00:00Z,0.221
2026-08-13T11:30:00Z,0.239
2026-08-13T12:00:00Z,0.214
2026-08-13T12:30:00Z,0.258
2026-08-13T13:00:00Z,0.166
2026-08-13T13:30:00Z,0.179
2026-08-13T14:00:00Z,0.167
2026-08-13T14:30:00Z,0.174
2026-08-13T15:00:00Z,0.179
2026-08-13T15:30:00Z,0.233
2026-08-13T16:00:00Z,0.211
2026-08-13T16:30:00Z,0.251
2026-08-13T17:00:00Z,0.17
2026-08-13T17:30:00Z,0.173
2026-08-13T18:00:00Z,0.208
2026-08-13T18:30:00Z,0.213
2026-08-13T19:00:00Z,0.432
2026-08-13T19:30:00Z,0.335
2026-08-13T20:00:00Z,0.212
2026-08-13T20:30:00Z,0.517
2026-08-13T21:00:00Z,0.301
2026-08-13T21:30:00Z,0.246
2026-08-13T22:00:00Z,0.276
2026-08-13T22:30:00Z,0.612
2026-08-13T23:00:00Z,0.149
2026-08-13T23:30:00Z,0.147
2026-08-14T00:00:00Z,0.129
2026-08-14T00:30:00Z,0.131
2026-08-14T01:00:00Z,0.131
2026-08-14T01:30:00Z,0.115
2026-08-14T02:00:00Z,0.103
2026-08-14T02:30:00Z,0.102
2026-08-14T03:00:00Z,0.102
2026-08-14T03:30:00Z,0.108
2026-08-14T04:00:00Z,0.127
2026-08-14T04:30:00Z,0.127
2026-08-14T05:00:00Z,0.131
2026-08-14T05:30:00Z,0.13
2026-08-14T06:00:00Z,0.133
2026-08-14T06:30:00Z,0.133
2026-08-14T07:00:00Z,0.138
2026-08-14T07:30:00Z,0.277
2026-08-14T08:00:00Z,0.141
2026-08-14T08:30:00Z,0.183
2026-08-14T09:00:00Z,0.434
2026-08-14T09:30:00Z,0.105
2026-08-14T10:00:00Z,0.355
2026-08-14T10:30:00Z,0.248
2026-08-14T11:00:00Z,0.689
2026-08-14T11:30:00Z,0.537
2026-08-14T12:00:00Z,0.107
2026-08-14T12:30:00Z,0.109
2026-08-14T13:00:00Z,0.119
2026-08-14T13:30:00Z,0.125
2026-08-14T14:00:00Z,0.079
2026-08-14T14:30:00Z,0.089
2026-08-14T15:00:00Z,0.088
2026-08-14T15:30:00Z,0.11
2026-08-14T16:00:00Z,0.158
2026-08-14T16:30:00Z,0.203
2026-08-14T17:00:00Z,0.149
2026-08-14T17:30:00Z,0.142
2026-08-14T18:00:00Z,0.089
2026-08-14T18:30:00Z,0.095
2026-08-14T19:00:00Z,0.133
2026-08-14T19:30:00Z,0.504
2026-08-14T20:00:00Z,0.467
2026-08-14T20:30:00Z,0.438
2026-08-14T21:00:00Z,0.4
2026-08-14T21:30:00Z,0.439
2026-08-14T22:00:00Z,0.329
2026-08-14T22:30:00Z,0.144
2026-08-14T23:00:00Z,0.233
2026-08-14T23:30:00Z,0.302
2026-08-15T00:00:00Z,0.249
2026-08-15T00:30:00Z,0.256
2026-08-15T01:00:00Z,0.252
2026-08-15T01:30:00Z,0.336
2026-08-15T02:00:00Z,0.273
2026-08-15T02:30:00Z,0.275
2026-08-15T03:00:00Z,0.266
2026-08-15T03:30:00Z,0.247
2026-08-15T04:00:00Z,0.241
2026-08-15T04:30:00Z,0.213
2026-08-15T05:00:00Z,0.183
2026-08-15T05:30:00Z,0.273
2026-08-15T06:00:00Z,0.232
2026-08-15T06:30:00Z,0.428
2026-08-15T07:00:00Z,0.215
2026-08-15T07:30:00Z,0.318
2026-08-15T08:00:00Z,0.56
2026-08-15T08:30:00Z,0.402
2026-08-15T09:00:00Z,0.618
2026-08-15T09:30:00Z,0.39
2026-08-15T10:00:00Z,0.223
2026-08-15T10:30:00Z,0.206
2026-08-15T11:00:00Z,0.166
2026-08-15T11:30:00Z,0.157
2026-08-15T12:00:00Z,0.216
2026-08-15T12:30:00Z,0.148
2026-08-15T13:00:00Z,0.224
2026-08-15T13:30:00Z,0.504
2026-08-15T14:00:00Z,0.58
2026-08-15T14:30:00Z,0.552
2026-08-15T15:00:00Z,0.374
2026-08-15T15:30:00Z,0.74
2026-08-15T16:00:00Z,0.892
2026-08-15T16:30:00Z,0.195
2026-08-15T17:00:00Z,0.227
2026-08-15T17:30:00Z,0.243
2026-08-15T18:00:00Z,0.249
2026-08-15T18:30:00Z,0.28
2026-08-15T19:00:00Z,0.174
2026-08-15T19:30:00Z,0.203
2026-08-15T20:00:00Z,0.283
2026-08-15T20:30:00Z,0.212
2026-08-15T21:00:00Z,0.45
2026-08-15T21:30:00Z,0.214
2026-08-15T22:00:00Z,0.217
2026-08-15T22:30:00Z,0.379
2026-08-15T23:00:00Z,0.162
2026-08-15T23:30:00Z,0.151
2026-08-16T00:00:00Z,0.152
2026-08-16T00:30:00Z,0.168
2026-08-16T01:00:00Z,0.202
2026-08-16T01:30:00Z,0.205
2026-08-16T02:00:00Z,0.209
2026-08-16T02:30:00Z,0.208
2026-08-16T03:00:00Z,0.206
2026-08-16T03:30:00Z,0.208
2026-08-16T04:00:00Z,0.202
2026-08-16T04:30:00Z,0.21
2026-08-16T05:00:00Z,0.204
2026-08-16T05:30:00Z,0.155
2026-08-16T06:00:00Z,0.151
2026-08-16T06:30:00Z,0.151
2026-08-16T07:00:00Z,0.162
2026-08-16T07:30:00Z,0.151
2026-08-16T08:00:00Z,0.337
2026-08-16T08:30:00Z,0.383
2026-08-16T09:00:00Z,0.564
2026-08-16T09:30:00Z,0.558
2026-08-16T10:00:00Z,0.372
2026-08-16T10:30:00Z,0.462
2026-08-16T11:00:00Z,0.816
2026-08-16T11:30:00Z,0.283
2026-08-16T12:00:00Z,0.264
2026-08-16T12:30:00Z,0.218
2026-08-16T13:00:00Z,0.213
2026-08-16T13:30:00Z,0.25
2026-08-16T14:00:00Z,0.243
2026-08-16T14:30:00Z,0.224
2026-08-16T15:00:00Z,0.437
2026-08-16T15:30:00Z,0.558
2026-08-16T16:00:00Z,0.447
2026-08-16T16:30:00Z,0.226
2026-08-16T17:00:00Z,0.316
2026-08-16T17:30:00Z,0.249
2026-08-16T18:00:00Z,0.415
2026-08-16T18:30:00Z,0.516
2026-08-16T19:00:00Z,0.534
2026-08-16T19:30:00Z,0.758
2026-08-16T20:00:00Z,0.454
2026-08-16T20:30:00Z,0.611
2026-08-16T21:00:00Z,0.27
2026-08-16T21:30:00Z,0.277
2026-08-16T22:00:00Z,0.273
2026-08-16T22:30:00Z,0.656
2026-08-16T23:00:00Z,0.22
2026-08-16T23:30:00Z,0.218
2026-08-17T00:00:00Z,0.197
2026-08-17T00:30:00Z,0.189
2026-08-17T01:00:00Z,0.19
2026-08-17T01:30:00Z,0.176
2026-08-17T02:00:00Z,0.175
2026-08-17T02:30:00Z,0.176
2026-08-17T03:00:00Z,0.192
2026-08-17T03:30:00Z,0.199
2026-08-17T04:00:00Z,0.2
2026-08-17T04:30:00Z,0.177
2026-08-17T05:00:00Z,0.179
2026-08-17T05:30:00Z,0.193
2026-08-17T06:00:00Z,0.187
2026-08-17T06:30:00Z,0.185
2026-08-17T07:00:00Z,0.175
2026-08-17T07:30:00Z,0.263
2026-08-17T08:00:00Z,0.154
2026-08-17T08:30:00Z,0.355
2026-08-17T09:00:00Z,0.163
2026-08-17T09:30:00Z,0.326
2026-08-17T10:00:00Z,0.433
2026-08-17T10:30:00Z,0.32
2026-08-17T11:00:00Z,0.214
2026-08-17T11:30:00Z,0.352
2026-08-17T12:00:00Z,0.688
2026-08-17T12:30:00Z,0.972
2026-08-17T13:00:00Z,0.254
2026-08-17T13:30:00Z,0.237
2026-08-17T14:00:00Z,0.161
2026-08-17T14:30:00Z,0.164
2026-08-17T15:00:00Z,0.175
2026-08-17T15:30:00Z,0.171
2026-08-17T16:00:00Z,0.148
2026-08-17T16:30:00Z,0.191
2026-08-17T17:00:00Z,0.486
2026-08-17T17:30:00Z,0.513
2026-08-17T18:00:00Z,0.461
2026-08-17T18:30:00Z,0.696
2026-08-17T19:00:00Z,0.769
2026-08-17T19:30:00Z,0.504
2026-08-17T20:00:00Z,0.666
2026-08-17T20:30:00Z,1.055
2026-08-17T21:00:00Z,0.613
2026-08-17T21:30:00Z,0.229
2026-08-17T22:00:00Z,0.227
2026-08-17T22:30:00Z,0.216
2026-08-17T23:00:00Z,0.486
2026-08-17T23:30:00Z,0.174
2026-08-18T00:00:00Z,0.128
2026-08-18T00:30:00Z,0.128
2026-08-18T01:00:00Z,0.145
2026-08-18T01:30:00Z,0.153
2026-08-18T02:00:00Z,0.151
2026-08-18T02:30:00Z,0.155
2026-08-18T03:00:00Z,0.161
2026-08-18T03:30:00Z,0.161
2026-08-18T04:00:00Z,0.149
2026-08-18T04:30:00Z,0.136
2026-08-18T05:00:00Z,0.138
2026-08-18T05:30:00Z,0.141
2026-08-18T06:00:00Z,0.15
2026-08-18T06:30:00Z,0.147
2026-08-18T07:00:00Z,0.152
2026-08-18T07:30:00Z,0.157
2026-08-18T08:00:00Z,0.149
2026-08-18T08:30:00Z,0.32
2026-08-18T09:00:00Z,0.517
2026-08-18T09:30:00Z,0.222
2026-08-18T10:00:00Z,0.344
2026-08-18T10:30:00Z,0.507
2026-08-18T11:00:00Z,0.442
2026-08-18T11:30:00Z,0.402
2026-08-18T12:00:00Z,0.579
2026-08-18T12:30:00Z,0.601
2026-08-18T13:00:00Z,0.439
2026-08-18T13:30:00Z,0.229
2026-08-18T14:00:00Z,0.242
2026-08-18T14:30:00Z,0.229
2026-08-18T15:00:00Z,0.238
2026-08-18T15:30:00Z,0.26
2026-08-18T16:00:00Z,0.239
2026-08-18T16:30:00Z,0.308
2026-08-18T17:00:00Z,0.264
2026-08-18T17:30:00Z,0.86
2026-08-18T18:00:00Z,0.473
2026-08-18T18:30:00Z,0.194
2026-08-18T19:00:00Z,0.293
2026-08-18T19:30:00Z,0.224
2026-08-18T20:00:00Z,0.415
2026-08-18T20:30:00Z,0.262
2026-08-18T21:00:00Z,0.196
2026-08-18T21:30:00Z,0.155
2026-08-18T22:00:00Z,0.542
2026-08-18T22:30:00Z,0.126
2026-08-18T23:00:00Z,0.174
2026-08-18T23:30:00Z,0.159
2026-08-19T00:00:00Z,0.224
2026-08-19T00:30:00Z,0.18
2026-08-19T01:00:00Z,0.17
2026-08-19T01:30:00Z,0.132
2026-08-19T02:00:00Z,0.132
2026-08-19T02:30:00Z,0.133
2026-08-19T03:00:00Z,0.204
2026-08-19T03:30:00Z,0.155
2026-08-19T04:00:00Z,0.176
2026-08-19T04:30:00Z,0.167
2026-08-19T05:00:00Z,0.188
2026-08-19T05:30:00Z,0.13
2026-08-19T06:00:00Z,0.133
2026-08-19T06:30:00Z,0.14
2026-08-19T07:00:00Z,0.265
2026-08-19T07:30:00Z,0.213
2026-08-19T08:00:00Z,0.172
2026-08-19T08:30:00Z,0.267
2026-08-19T09:00:00Z,0.223
2026-08-19T09:30:00Z,0.238
2026-08-19T10:00:00Z,0.393
2026-08-19T10:30:00Z,0.52
2026-08-19T11:00:00Z,0.326
2026-08-19T11:30:00Z,0.247
2026-08-19T12:00:00Z,0.217
2026-08-19T12:30:00Z,0.233
2026-08-19T13:00:00Z,0.217
2026-08-19T13:30:00Z,0.259
2026-08-19T14:00:00Z,0.553
2026-08-19T14:30:00Z,0.634
2026-08-19T15:00:00Z,1.369
2026-08-19T15:30:00Z,0.865
2026-08-19T16:00:00Z,0.232
2026-08-19T16:30:00Z,0.173
2026-08-19T17:00:00Z,0.171
2026-08-19T17:30:00Z,0.137
2026-08-19T18:00:00Z,0.669
2026-08-19T18:30:00Z,0.701
2026-08-19T19:00:00Z,0.643
2026-08-19T19:30:00Z,0.591
2026-08-19T20:00:00Z,0.56
2026-08-19T20:30:00Z,0.393
2026-08-19T21:00:00Z,0.235
2026-08-19T21:30:00Z,0.489
2026-08-19T22:00:00Z,0.33
2026-08-19T22:30:00Z,0.283
2026-08-19T23:00:00Z,0.205
2026-08-19T23:30:00Z,0.182
2026-08-20T00:00:00Z,0.183
2026-08-20T00:30:00Z,0.185
2026-08-20T01:00:00Z,0.163
2026-08-20T01:30:00Z,0.18
2026-08-20T02:00:00Z,0.184
2026-08-20T02:30:00Z,0.186
2026-08-20T03:00:00Z,0.226
2026-08-20T03:30:00Z,0.175
2026-08-20T04:00:00Z,0.156
2026-08-20T04:30:00Z,0.147
2026-08-20T05:00:00Z,0.193
2026-08-20T05:30:00Z,0.15
2026-08-20T06:00:00Z,0.149
2026-08-20T06:30:00Z,0.118
2026-08-20T07:00:00Z,0.109
2026-08-20T07:30:00Z,0.196
2026-08-20T08:00:00Z,0.315
2026-08-20T08:30:00Z,0.23
2026-08-20T09:00:00Z,0.31
2026-08-20T09:30:00Z,0.421
2026-08-20T10:00:00Z,0.448
2026-08-20T10:30:00Z,0.23
2026-08-20T11:00:00Z,0.215
2026-08-20T11:30:00Z,0.221
2026-08-20T12:00:00Z,0.189
2026-08-20T12:30:00Z,0.251
2026-08-20T13:00:00Z,0.836
2026-08-20T13:30:00Z,0.762
2026-08-20T14:00:00Z,0.401
2026-08-20T14:30:00Z,0.276
2026-08-20T15:00:00Z,0.263
2026-08-20T15:30:00Z,0.411
2026-08-20T16:00:00Z,0.565
2026-08-20T16:30:00Z,0.56
2026-08-20T17:00:00Z,0.743
2026-08-20T17:30:00Z,0.437
2026-08-20T18:00:00Z,0.281
2026-08-20T18:30:00Z,0.512
2026-08-20T19:00:00Z,0.368
2026-08-20T19:30:00Z,0.215
2026-08-20T20:00:00Z,0.358
2026-08-20T20:30:00Z,0.226
2026-08-20T21:00:00Z,0.168
2026-08-20T21:30:00Z,0.205
2026-08-20T22:00:00Z,0.207
2026-08-20T22:30:00Z,0.198
2026-08-20T23:00:00Z,0.149
2026-08-20T23:30:00Z,0.15
2026-08-21T00:00:00Z,0.182
2026-08-21T00:30:00Z,0.185
2026-08-21T01:00:00Z,0.211
2026-08-21T01:30:00Z,0.162
2026-08-21T02:00:00Z,0.137
2026-08-21T02:30:00Z,0.122
2026-08-21T03:00:00Z,0.163
2026-08-21T03:30:00Z,0.136
2026-08-21T04:00:00Z,0.121
2026-08-21T04:30:00Z,0.136
2026-08-21T05:00:00Z,0.182
2026-08-21T05:30:00Z,0.171
2026-08-21T06:00:00Z,0.168
2026-08-21T06:30:00Z,0.129
2026-08-21T07:00:00Z,0.099
2026-08-21T07:30:00Z,0.115
2026-08-21T08:00:00Z,0.375
2026-08-21T08:30:00Z,0.73
2026-08-21T09:00:00Z,0.894
2026-08-21T09:30:00Z,0.12
2026-08-21T10:00:00Z,0.162
2026-08-21T10:30:00Z,0.136
2026-08-21T11:00:00Z,0.319
2026-08-21T11:30:00Z,0.52
2026-08-21T12:00:00Z,0.227
2026-08-21T12:30:00Z,0.541
2026-08-21T13:00:00Z,0.75
2026-08-21T13:30:00Z,0.127
2026-08-21T14:00:00Z,0.123
2026-08-21T14:30:00Z,0.122
2026-08-21T15:00:00Z,0.154
2026-08-21T15:30:00Z,0.523
2026-08-21T16:00:00Z,0.264
2026-08-21T16:30:00Z,0.134
2026-08-21T17:00:00Z,0.322
2026-08-21T17:30:00Z,0.281
2026-08-21T18:00:00Z,0.264
2026-08-21T18:30:00Z,0.405
2026-08-21T19:00:00Z,0.152
2026-08-21T19:30:00Z,0.147
2026-08-21T20:00:00Z,0.524
2026-08-21T20:30:00Z,0.234
2026-08-21T21:00:00Z,0.223
2026-08-21T21:30:00Z,0.176
2026-08-21T22:00:00Z,0.556
2026-08-21T22:30:00Z,0.134
2026-08-21T23:00:00Z,0.171
2026-08-21T23:30:00Z,0.169
2026-08-22T00:00:00Z,0.168
2026-08-22T00:30:00Z,0.167
2026-08-22T01:00:00Z,0.19
2026-08-22T01:30:00Z,0.173
2026-08-22T02:00:00Z,0.179
2026-08-22T02:30:00Z,0.167
2026-08-22T03:00:00Z,0.166
2026-08-22T03:30:00Z,0.14
2026-08-22T04:00:00Z,0.14
2026-08-22T04:30:00Z,0.13
2026-08-22T05:00:00Z,0.199
2026-08-22T05:30:00Z,0.157
2026-08-22T06:00:00Z,0.14
2026-08-22T06:30:00Z,0.163
2026-08-22T07:00:00Z,0.187
2026-08-22T07:30:00Z,0.14
2026-08-22T08:00:00Z,0.144
2026-08-22T08:30:00Z,0.128
2026-08-22T09:00:00Z,0.248
2026-08-22T09:30:00Z,0.19
2026-08-22T10:00:00Z,0.251
2026-08-22T10:30:00Z,0.5
2026-08-22T11:00:00Z,0.679
2026-08-22T11:30:00Z,0.551
2026-08-22T12:00:00Z,0.3
2026-08-22T12:30:00Z,0.134
2026-08-22T13:00:00Z,0.152
2026-08-22T13:30:00Z,0.415
2026-08-22T14:00:00Z,0.44
2026-08-22T14:30:00Z,0.41
2026-08-22T15:00:00Z,0.431
2026-08-22T15:30:00Z,0.542
2026-08-22T16:00:00Z,0.345
2026-08-22T16:30:00Z,0.138
2026-08-22T17:00:00Z,0.081
2026-08-22T17:30:00Z,0.31
2026-08-22T18:00:00Z,0.147
2026-08-22T18:30:00Z,0.167
2026-08-22T19:00:00Z,0.127
2026-08-22T19:30:00Z,0.228
2026-08-22T20:00:00Z,0.599
2026-08-22T20:30:00Z,0.596
2026-08-22T21:00:00Z,0.211
2026-08-22T21:30:00Z,0.591
2026-08-22T22:00:00Z,0.181
2026-08-22T22:30:00Z,0.15
2026-08-22T23:00:00Z,0.162
2026-08-22T23:30:00Z,0.163
2026-08-23T00:00:00Z,0.171
2026-08-23T00:30:00Z,0.169
2026-08-23T01:00:00Z,0.169
2026-08-23T01:30:00Z,0.167
2026-08-23T02:00:00Z,0.155
2026-08-23T02:30:00Z,0.169
2026-08-23T03:00:00Z,0.166
2026-08-23T03:30:00Z,0.152
2026-08-23T04:00:00Z,0.141
2026-08-23T04:30:00Z,0.14
2026-08-23T05:00:00Z,0.142
2026-08-23T05:30:00Z,0.133
2026-08-23T06:00:00Z,0.114
2026-08-23T06:30:00Z,0.245
2026-08-23T07:00:00Z,0.133
2026-08-23T07:30:00Z,0.126
2026-08-23T08:00:00Z,0.131
2026-08-23T08:30:00Z,0.106
2026-08-23T09:00:00Z,0.099
2026-08-23T09:30:00Z,0.159
2026-08-23T10:00:00Z,0.368
2026-08-23T10:30:00Z,0.448
2026-08-23T11:00:00Z,0.15
2026-08-23T11:30:00Z,0.657
2026-08-23T12:00:00Z,0.49
2026-08-23T12:30:00Z,0.12
2026-08-23T13:00:00Z,0.142
2026-08-23T13:30:00Z,0.094
2026-08-23T14:00:00Z,0.097
2026-08-23T14:30:00Z,0.098
2026-08-23T15:00:00Z,0.1
2026-08-23T15:30:00Z,0.178
2026-08-23T16:00:00Z,0.155
2026-08-23T16:30:00Z,0.155
2026-08-23T17:00:00Z,0.122
2026-08-23T17:30:00Z,0.299
2026-08-23T18:00:00Z,0.179
2026-08-23T18:30:00Z,0.141
2026-08-23T19:00:00Z,0.338
2026-08-23T19:30:00Z,0.328
2026-08-23T20:00:00Z,0.146
2026-08-23T20:30:00Z,0.174
2026-08-23T21:00:00Z,0.154
2026-08-23T21:30:00Z,0.152
2026-08-23T22:00:00Z,0.167
2026-08-23T22:30:00Z,0.177
2026-08-23T23:00:00Z,0.193
2026-08-23T23:30:00Z,0.189
2026-08-24T00:00:00Z,0.178
2026-08-24T00:30:00Z,0.186
2026-08-24T01:00:00Z,0.224
2026-08-24T01:30:00Z,0.189
2026-08-24T02:00:00Z,0.189
2026-08-24T02:30:00Z,0.245
2026-08-24T03:00:00Z,0.251
2026-08-24T03:30:00Z,0.252
2026-08-24T04:00:00Z,0.242
2026-08-24T04:30:00Z,0.243
2026-08-24T05:00:00Z,0.224
2026-08-24T05:30:00Z,0.252
2026-08-24T06:00:00Z,0.261
2026-08-24T06:30:00Z,0.158
2026-08-24T07:00:00Z,0.139
2026-08-24T07:30:00Z,0.817
2026-08-24T08:00:00Z,0.596
2026-08-24T08:30:00Z,0.537
2026-08-24T09:00:00Z,0.435
2026-08-24T09:30:00Z,0.193
2026-08-24T10:00:00Z,0.499
2026-08-24T10:30:00Z,0.192
2026-08-24T11:00:00Z,0.187
2026-08-24T11:30:00Z,0.205
2026-08-24T12:00:00Z,0.258
2026-08-24T12:30:00Z,0.193
2026-08-24T13:00:00Z,0.522
2026-08-24T13:30:00Z,0.18
2026-08-24T14:00:00Z,0.262
2026-08-24T14:30:00Z,0.635
2026-08-24T15:00:00Z,0.37
2026-08-24T15:30:00Z,0.631
2026-08-24T16:00:00Z,0.427
2026-08-24T16:30:00Z,0.247
2026-08-24T17:00:00Z,0.205
2026-08-24T17:30:00Z,0.221
2026-08-24T18:00:00Z,0.26
2026-08-24T18:30:00Z,0.457
2026-08-24T19:00:00Z,0.207
2026-08-24T19:30:00Z,0.174
2026-08-24T20:00:00Z,0.197
2026-08-24T20:30:00Z,0.187
2026-08-24T21:00:00Z,0.224
2026-08-24T21:30:00Z,0.219
2026-08-24T22:00:00Z,0.205
2026-08-24T22:30:00Z,0.209
2026-08-24T23:00:00Z,0.149
2026-08-24T23:30:00Z,0.145
2026-08-25T00:00:00Z,0.144
2026-08-25T00:30:00Z,0.13
2026-08-25T01:00:00Z,0.128
2026-08-25T01:30:00Z,0.182
2026-08-25T02:00:00Z,0.143
2026-08-25T02:30:00Z,0.136
2026-08-25T03:00:00Z,0.119
2026-08-25T03:30:00Z,0.121
2026-08-25T04:00:00Z,0.131
2026-08-25T04:30:00Z,0.173
2026-08-25T05:00:00Z,0.099
2026-08-25T05:30:00Z,0.097
2026-08-25T06:00:00Z,0.084
2026-08-25T06:30:00Z,0.095
2026-08-25T07:00:00Z,0.101
2026-08-25T07:30:00Z,0.21
2026-08-25T08:00:00Z,0.205
2026-08-25T08:30:00Z,0.122
2026-08-25T09:00:00Z,0.516
2026-08-25T09:30:00Z,0.331
2026-08-25T10:00:00Z,0.41
2026-08-25T10:30:00Z,0.244
2026-08-25T11:00:00Z,0.143
2026-08-25T11:30:00Z,0.257
2026-08-25T12:00:00Z,0.125
2026-08-25T12:30:00Z,0.127
2026-08-25T13:00:00Z,0.13
2026-08-25T13:30:00Z,0.178
2026-08-25T14:00:00Z,0.125
2026-08-25T14:30:00Z,0.173
2026-08-25T15:00:00Z,0.408
2026-08-25T15:30:00Z,0.462
2026-08-25T16:00:00Z,0.444
2026-08-25T16:30:00Z,0.363
2026-08-25T17:00:00Z,0.526
2026-08-25T17:30:00Z,0.75
2026-08-25T18:00:00Z,0.325
2026-08-25T18:30:00Z,0.138
2026-08-25T19:00:00Z,0.51
2026-08-25T19:30:00Z,0.187
2026-08-25T20:00:00Z,0.353
2026-08-25T20:30:00Z,0.439
2026-08-25T21:00:00Z,0.236
2026-08-25T21:30:00Z,0.208
2026-08-25T22:00:00Z,0.388
2026-08-25T22:30:00Z,0.387
2026-08-25T23:00:00Z,0.159
2026-08-25T23:30:00Z,0.154
2026-08-26T00:00:00Z,0.136
2026-08-26T00:30:00Z,0.156
2026-08-26T01:00:00Z,0.177
2026-08-26T01:30:00Z,0.153
2026-08-26T02:00:00Z,0.146
2026-08-26T02:30:00Z,0.143
2026-08-26T03:00:00Z,0.142
2026-08-26T03:30:00Z,0.139
2026-08-26T04:00:00Z,0.182
2026-08-26T04:30:00Z,0.143
2026-08-26T05:00:00Z,0.138
2026-08-26T05:30:00Z,0.141
2026-08-26T06:00:00Z,0.134
2026-08-26T06:30:00Z,0.164
2026-08-26T07:00:00Z,0.233
2026-08-26T07:30:00Z,0.392
2026-08-26T08:00:00Z,0.343
2026-08-26T08:30:00Z,0.567
2026-08-26T09:00:00Z,0.257
2026-08-26T09:30:00Z,0.258
2026-08-26T10:00:00Z,0.626
2026-08-26T10:30:00Z,0.471
2026-08-26T11:00:00Z,0.179
2026-08-26T11:30:00Z,0.425
2026-08-26T12:00:00Z,0.227
2026-08-26T12:30:00Z,0.191
2026-08-26T13:00:00Z,0.836
2026-08-26T13:30:00Z,0.427
2026-08-26T14:00:00Z,0.163
2026-08-26T14:30:00Z,0.163
2026-08-26T15:00:00Z,0.136
2026-08-26T15:30:00Z,0.303
2026-08-26T16:00:00Z,0.187
2026-08-26T16:30:00Z,0.128
2026-08-26T17:00:00Z,0.118
2026-08-26T17:30:00Z,0.097
2026-08-26T18:00:00Z,0.112
2026-08-26T18:30:00Z,0.21
2026-08-26T19:00:00Z,0.148
2026-08-26T19:30:00Z,0.158
2026-08-26T20:00:00Z,0.175
2026-08-26T20:30:00Z,0.245
2026-08-26T21:00:00Z,0.184
2026-08-26T21:30:00Z,0.166
2026-08-26T22:00:00Z,0.154
2026-08-26T22:30:00Z,0.151
2026-08-26T23:00:00Z,0.244
2026-08-26T23:30:00Z,0.246
2026-08-27T00:00:00Z,0.216
2026-08-27T00:30:00Z,0.199
2026-08-27T01:00:00Z,0.202
2026-08-27T01:30:00Z,0.209
2026-08-27T02:00:00Z,0.237
2026-08-27T02:30:00Z,0.186
2026-08-27T03:00:00Z,0.179
2026-08-27T03:30:00Z,0.178
2026-08-27T04:00:00Z,0.17
2026-08-27T04:30:00Z,0.16
2026-08-27T05:00:00Z,0.159
2026-08-27T05:30:00Z,0.159
2026-08-27T06:00:00Z,0.17
2026-08-27T06:30:00Z,0.167
2026-08-27T07:00:00Z,0.166
2026-08-27T07:30:00Z,0.336
2026-08-27T08:00:00Z,0.26
2026-08-27T08:30:00Z,0.226
2026-08-27T09:00:00Z,0.39
2026-08-27T09:30:00Z,0.505
2026-08-27T10:00:00Z,0.356
2026-08-27T10:30:00Z,0.199
2026-08-27T11:00:00Z,0.309
2026-08-27T11:30:00Z,0.474
2026-08-27T12:00:00Z,0.297
2026-08-27T12:30:00Z,0.871
2026-08-27T13:00:00Z,0.85
2026-08-27T13:30:00Z,0.605
2026-08-27T14:00:00Z,0.526
2026-08-27T14:30:00Z,0.526
2026-08-27T15:00:00Z,0.571
2026-08-27T15:30:00Z,0.536
2026-08-27T16:00:00Z,0.482
2026-08-27T16:30:00Z,0.488
2026-08-27T17:00:00Z,0.191
2026-08-27T17:30:00Z,0.158
2026-08-27T18:00:00Z,0.188
2026-08-27T18:30:00Z,0.193
2026-08-27T19:00:00Z,0.193
2026-08-27T19:30:00Z,0.309
2026-08-27T20:00:00Z,0.278
2026-08-27T20:30:00Z,0.388
2026-08-27T21:00:00Z,0.571
2026-08-27T21:30:00Z,0.493
2026-08-27T22:00:00Z,0.228
2026-08-27T22:30:00Z,0.145
2026-08-27T23:00:00Z,0.161
2026-08-27T23:30:00Z,0.163
2026-08-28T00:00:00Z,0.173
2026-08-28T00:30:00Z,0.149
2026-08-28T01:00:00Z,0.15
2026-08-28T01:30:00Z,0.156
2026-08-28T02:00:00Z,0.158
2026-08-28T02:30:00Z,0.175
2026-08-28T03:00:00Z,0.18
2026-08-28T03:30:00Z,0.173
2026-08-28T04:00:00Z,0.159
2026-08-28T04:30:00Z,0.157
2026-08-28T05:00:00Z,0.157
2026-08-28T05:30:00Z,0.117
2026-08-28T06:00:00Z,0.118
2026-08-28T06:30:00Z,0.136
2026-08-28T07:00:00Z,0.154
2026-08-28T07:30:00Z,0.136
2026-08-28T08:00:00Z,0.135
2026-08-28T08:30:00Z,0.353
2026-08-28T09:00:00Z,0.384
2026-08-28T09:30:00Z,0.307
2026-08-28T10:00:00Z,0.402
2026-08-28T10:30:00Z,0.573
2026-08-28T11:00:00Z,0.327
2026-08-28T11:30:00Z,0.34
2026-08-28T12:00:00Z,0.316
2026-08-28T12:30:00Z,0.248
2026-08-28T13:00:00Z,0.857
2026-08-28T13:30:00Z,0.757
2026-08-28T14:00:00Z,0.524
2026-08-28T14:30:00Z,0.512
2026-08-28T15:00:00Z,0.449
2026-08-28T15:30:00Z,0.3
2026-08-28T16:00:00Z,0.175
2026-08-28T16:30:00Z,0.231
2026-08-28T17:00:00Z,0.526
2026-08-28T17:30:00Z,0.317
2026-08-28T18:00:00Z,0.425
2026-08-28T18:30:00Z,0.645
2026-08-28T19:00:00Z,0.206
2026-08-28T19:30:00Z,0.238
2026-08-28T20:00:00Z,0.229
2026-08-28T20:30:00Z,0.356
2026-08-28T21:00:00Z,0.207
2026-08-28T21:30:00Z,0.449
2026-08-28T22:00:00Z,0.152
2026-08-28T22:30:00Z,0.168
2026-08-28T23:00:00Z,0.174
2026-08-28T23:30:00Z,0.171
2026-08-29T00:00:00Z,0.168
2026-08-29T00:30:00Z,0.149
2026-08-29T01:00:00Z,0.148
2026-08-29T01:30:00Z,0.149
2026-08-29T02:00:00Z,0.144
2026-08-29T02:30:00Z,0.145
2026-08-29T03:00:00Z,0.145
2026-08-29T03:30:00Z,0.148
2026-08-29T04:00:00Z,0.139
2026-08-29T04:30:00Z,0.134
2026-08-29T05:00:00Z,0.133
2026-08-29T05:30:00Z,0.152
2026-08-29T06:00:00Z,0.17
2026-08-29T06:30:00Z,0.194
2026-08-29T07:00:00Z,0.201
2026-08-29T07:30:00Z,0.176
2026-08-29T08:00:00Z,0.275
2026-08-29T08:30:00Z,0.381
2026-08-29T09:00:00Z,0.15
2026-08-29T09:30:00Z,0.154
2026-08-29T10:00:00Z,0.204
2026-08-29T10:30:00Z,0.446
2026-08-29T11:00:00Z,0.386
2026-08-29T11:30:00Z,0.181
2026-08-29T12:00:00Z,0.16
2026-08-29T12:30:00Z,0.19
2026-08-29T13:00:00Z,0.156
2026-08-29T13:30:00Z,0.304
2026-08-29T14:00:00Z,0.257
2026-08-29T14:30:00Z,0.237
2026-08-29T15:00:00Z,0.19
2026-08-29T15:30:00Z,0.384
2026-08-29T16:00:00Z,0.497
2026-08-29T16:30:00Z,0.474
2026-08-29T17:00:00Z,0.48
2026-08-29T17:30:00Z,0.402
2026-08-29T18:00:00Z,0.383
2026-08-29T18:30:00Z,0.145
2026-08-29T19:00:00Z,0.143
2026-08-29T19:30:00Z,0.234
2026-08-29T20:00:00Z,0.216
2026-08-29T20:30:00Z,0.183
2026-08-29T21:00:00Z,0.576
2026-08-29T21:30:00Z,0.464
2026-08-29T22:00:00Z,0.188
2026-08-29T22:30:00Z,0.555
2026-08-29T23:00:00Z,0.208
2026-08-29T23:30:00Z,0.287
2026-08-30T00:00:00Z,0.238
2026-08-30T00:30:00Z,0.243
2026-08-30T01:00:00Z,0.23
2026-08-30T01:30:00Z,0.266
2026-08-30T02:00:00Z,0.249
2026-08-30T02:30:00Z,0.236
2026-08-30T03:00:00Z,0.247
2026-08-30T03:30:00Z,0.228
2026-08-30T04:00:00Z,0.254
2026-08-30T04:30:00Z,0.233
2026-08-30T05:00:00Z,0.183
2026-08-30T05:30:00Z,0.236
2026-08-30T06:00:00Z,0.175
2026-08-30T06:30:00Z,0.172
2026-08-30T07:00:00Z,0.173
2026-08-30T07:30:00Z,0.176
2026-08-30T08:00:00Z,0.537
2026-08-30T08:30:00Z,0.317
2026-08-30T09:00:00Z,0.369
2026-08-30T09:30:00Z,0.557
2026-08-30T10:00:00Z,0.179
2026-08-30T10:30:00Z,0.213
2026-08-30T11:00:00Z,0.364
2026-08-30T11:30:00Z,0.677
2026-08-30T12:00:00Z,0.648
2026-08-30T12:30:00Z,0.43
2026-08-30T13:00:00Z,0.195
2026-08-30T13:30:00Z,0.184
2026-08-30T14:00:00Z,0.25
2026-08-30T14:30:00Z,0.197
2026-08-30T15:00:00Z,0.203
2026-08-30T15:30:00Z,0.309
2026-08-30T16:00:00Z,1.187
2026-08-30T16:30:00Z,0.607
2026-08-30T17:00:00Z,0.321
2026-08-30T17:30:00Z,0.32
2026-08-30T18:00:00Z,0.483
2026-08-30T18:30:00Z,0.541
2026-08-30T19:00:00Z,0.557
2026-08-30T19:30:00Z,0.823
2026-08-30T20:00:00Z,0.611
2026-08-30T20:30:00Z,0.369
2026-08-30T21:00:00Z,0.201
2026-08-30T21:30:00Z,0.24
2026-08-30T22:00:00Z,0.251
2026-08-30T22:30:00Z,0.238
2026-08-30T23:00:00Z,0.341
2026-08-30T23:30:00Z,0.18
2026-08-31T00:00:00Z,0.181
2026-08-31T00:30:00Z,0.167
2026-08-31T01:00:00Z,0.153
2026-08-31T01:30:00Z,0.159
2026-08-31T02:00:00Z,0.158
2026-08-31T02:30:00Z,0.157
2026-08-31T03:00:00Z,0.161
2026-08-31T03:30:00Z,0.18
2026-08-31T04:00:00Z,0.182
2026-08-31T04:30:00Z,0.185
2026-08-31T05:00:00Z,0.185
2026-08-31T05:30:00Z,0.184
2026-08-31T06:00:00Z,0.194
2026-08-31T06:30:00Z,0.175
2026-08-31T07:00:00Z,0.173
2026-08-31T07:30:00Z,0.22
2026-08-31T08:00:00Z,0.288
2026-08-31T08:30:00Z,0.352
2026-08-31T09:00:00Z,0.271
2026-08-31T09:30:00Z,0.325
2026-08-31T10:00:00Z,0.81
2026-08-31T10:30:00Z,0.396
2026-08-31T11:00:00Z,0.347
2026-08-31T11:30:00Z,0.319
2026-08-31T12:00:00Z,0.296
2026-08-31T12:30:00Z,0.67
2026-08-31T13:00:00Z,0.791
2026-08-31T13:30:00Z,0.274
2026-08-31T14:00:00Z,0.276
2026-08-31T14:30:00Z,0.221
2026-08-31T15:00:00Z,0.284
2026-08-31T15:30:00Z,0.231
2026-08-31T16:00:00Z,0.218
2026-08-31T16:30:00Z,0.21
2026-08-31T17:00:00Z,0.205
2026-08-31T17:30:00Z,0.241
2026-08-31T18:00:00Z,0.57
2026-08-31T18:30:00Z,0.609
2026-08-31T19:00:00Z,0.553
2026-08-31T19:30:00Z,0.732
2026-08-31T20:00:00Z,0.979
2026-08-31T20:30:00Z,0.553
2026-08-31T21:00:00Z,0.971
2026-08-31T21:30:00Z,0.504
2026-08-31T22:00:00Z,0.232
2026-08-31T22:30:00Z,0.197
2026-08-31T23:00:00Z,0.213
2026-08-31T23:30:00Z,0.228
2026-09-01T00:00:00Z,0.303
2026-09-01T00:30:00Z,0.255
2026-09-01T01:00:00Z,0.265
2026-09-01T01:30:00Z,0.269
2026-09-01T02:00:00Z,0.251
2026-09-01T02:30:00Z,0.297
2026-09-01T03:00:00Z,0.269
2026-09-01T03:30:00Z,0.255
2026-09-01T04:00:00Z,0.279
2026-09-01T04:30:00Z,0.281
2026-09-01T05:00:00Z,0.226
2026-09-01T05:30:00Z,0.189
2026-09-01T06:00:00Z,0.194
2026-09-01T06:30:00Z,0.205
2026-09-01T07:00:00Z,0.27
2026-09-01T07:30:00Z,0.203
2026-09-01T08:00:00Z,0.328
2026-09-01T08:30:00Z,0.339
2026-09-01T09:00:00Z,0.544
2026-09-01T09:30:00Z,0.31
2026-09-01T10:00:00Z,0.484
2026-09-01T10:30:00Z,0.208
2026-09-01T11:00:00Z,0.221
2026-09-01T11:30:00Z,0.195
2026-09-01T12:00:00Z,0.197
2026-09-01T12:30:00Z,0.548
2026-09-01T13:00:00Z,0.216
2026-09-01T13:30:00Z,0.373
2026-09-01T14:00:00Z,0.665
2026-09-01T14:30:00Z,1.111
2026-09-01T15:00:00Z,0.67
2026-09-01T15:30:00Z,0.416
2026-09-01T16:00:00Z,0.765
2026-09-01T16:30:00Z,0.636
2026-09-01T17:00:00Z,0.487
2026-09-01T17:30:00Z,0.551
2026-09-01T18:00:00Z,0.831
2026-09-01T18:30:00Z,0.576
2026-09-01T19:00:00Z,0.316
2026-09-01T19:30:00Z,0.2
2026-09-01T20:00:00Z,0.46
2026-09-01T20:30:00Z,0.297
2026-09-01T21:00:00Z,0.304
2026-09-01T21:30:00Z,0.285
2026-09-01T22:00:00Z,0.643
2026-09-01T22:30:00Z,0.245
2026-09-01T23:00:00Z,0.624
2026-09-01T23:30:00Z,0.269
2026-09-02T00:00:00Z,0.249
2026-09-02T00:30:00Z,0.247
2026-09-02T01:00:00Z,0.241
2026-09-02T01:30:00Z,0.229
2026-09-02T02:00:00Z,0.204
2026-09-02T02:30:00Z,0.203
2026-09-02T03:00:00Z,0.274
2026-09-02T03:30:00Z,0.201
2026-09-02T04:00:00Z,0.199
2026-09-02T04:30:00Z,0.203
2026-09-02T05:00:00Z,0.202
2026-09-02T05:30:00Z,0.273
2026-09-02T06:00:00Z,0.229
2026-09-02T06:30:00Z,0.261
2026-09-02T07:00:00Z,0.172
2026-09-02T07:30:00Z,0.819
2026-09-02T08:00:00Z,0.977
2026-09-02T08:30:00Z,0.21
2026-09-02T09:00:00Z,0.227
2026-09-02T09:30:00Z,0.191
2026-09-02T10:00:00Z,0.222
2026-09-02T10:30:00Z,0.177
2026-09-02T11:00:00Z,0.158
2026-09-02T11:30:00Z,0.133
2026-09-02T12:00:00Z,0.121
2026-09-02T12:30:00Z,0.149
2026-09-02T13:00:00Z,0.208
2026-09-02T13:30:00Z,0.175
2026-09-02T14:00:00Z,0.177
2026-09-02T14:30:00Z,0.231
2026-09-02T15:00:00Z,0.268
2026-09-02T15:30:00Z,0.882
2026-09-02T16:00:00Z,0.799
2026-09-02T16:30:00Z,0.602
2026-09-02T17:00:00Z,0.212
2026-09-02T17:30:00Z,0.351
2026-09-02T18:00:00Z,0.384
2026-09-02T18:30:00Z,0.213
2026-09-02T19:00:00Z,0.203
2026-09-02T19:30:00Z,0.498
2026-09-02T20:00:00Z,0.254
2026-09-02T20:30:00Z,0.252
2026-09-02T21:00:00Z,0.629
2026-09-02T21:30:00Z,0.232
2026-09-02T22:00:00Z,0.229
2026-09-02T22:30:00Z,0.231
2026-09-02T23:00:00Z,0.663
2026-09-02T23:30:00Z,0.219
2026-09-03T00:00:00Z,0.211
2026-09-03T00:30:00Z,0.186
2026-09-03T01:00:00Z,0.165
2026-09-03T01:30:00Z,0.167
2026-09-03T02:00:00Z,0.265
2026-09-03T02:30:00Z,0.218
2026-09-03T03:00:00Z,0.244
2026-09-03T03:30:00Z,0.183
2026-09-03T04:00:00Z,0.176
2026-09-03T04:30:00Z,0.183
2026-09-03T05:00:00Z,0.259
2026-09-03T05:30:00Z,0.208
2026-09-03T06:00:00Z,0.162
2026-09-03T06:30:00Z,0.209
2026-09-03T07:00:00Z,0.204
2026-09-03T07:30:00Z,0.246
2026-09-03T08:00:00Z,0.445
2026-09-03T08:30:00Z,0.424
2026-09-03T09:00:00Z,0.255
2026-09-03T09:30:00Z,0.581
2026-09-03T10:00:00Z,0.301
2026-09-03T10:30:00Z,0.686
2026-09-03T11:00:00Z,0.246
2026-09-03T11:30:00Z,0.188
2026-09-03T12:00:00Z,0.153
2026-09-03T12:30:00Z,0.556
2026-09-03T13:00:00Z,0.479
2026-09-03T13:30:00Z,0.868
2026-09-03T14:00:00Z,0.501
2026-09-03T14:30:00Z,0.381
2026-09-03T15:00:00Z,0.444
2026-09-03T15:30:00Z,0.405
2026-09-03T16:00:00Z,0.523
2026-09-03T16:30:00Z,0.436
2026-09-03T17:00:00Z,0.256
2026-09-03T17:30:00Z,0.109
2026-09-03T18:00:00Z,0.36
2026-09-03T18:30:00Z,0.168
2026-09-03T19:00:00Z,0.139
2026-09-03T19:30:00Z,0.554
2026-09-03T20:00:00Z,0.648
2026-09-03T20:30:00Z,0.553
2026-09-03T21:00:00Z,0.434
2026-09-03T21:30:00Z,0.169
2026-09-03T22:00:00Z,0.204
2026-09-03T22:30:00Z,0.26
2026-09-03T23:00:00Z,0.319
2026-09-03T23:30:00Z,0.265
2026-09-04T00:00:00Z,0.247
2026-09-04T00:30:00Z,0.281
2026-09-04T01:00:00Z,0.244
2026-09-04T01:30:00Z,0.234
2026-09-04T02:00:00Z,0.257
2026-09-04T02:30:00Z,0.283
2026-09-04T03:00:00Z,0.224
2026-09-04T03:30:00Z,0.215
2026-09-04T04:00:00Z,0.203
2026-09-04T04:30:00Z,0.213
2026-09-04T05:00:00Z,0.253
2026-09-04T05:30:00Z,0.225
2026-09-04T06:00:00Z,0.221
2026-09-04T06:30:00Z,0.228
2026-09-04T07:00:00Z,0.183
2026-09-04T07:30:00Z,0.19
2026-09-04T08:00:00Z,0.409
2026-09-04T08:30:00Z,0.738
2026-09-04T09:00:00Z,0.251
2026-09-04T09:30:00Z,0.324
2026-09-04T10:00:00Z,0.229
2026-09-04T10:30:00Z,0.223
2026-09-04T11:00:00Z,0.234
2026-09-04T11:30:00Z,0.266
2026-09-04T12:00:00Z,0.239
2026-09-04T12:30:00Z,0.227
2026-09-04T13:00:00Z,0.228
2026-09-04T13:30:00Z,0.251
2026-09-04T14:00:00Z,0.553
2026-09-04T14:30:00Z,0.903
2026-09-04T15:00:00Z,0.318
2026-09-04T15:30:00Z,0.624
2026-09-04T16:00:00Z,0.618
2026-09-04T16:30:00Z,0.608
2026-09-04T17:00:00Z,0.621
2026-09-04T17:30:00Z,0.225
2026-09-04T18:00:00Z,0.204
2026-09-04T18:30:00Z,0.225
2026-09-04T19:00:00Z,0.272
2026-09-04T19:30:00Z,0.307
2026-09-04T20:00:00Z,0.262
2026-09-04T20:30:00Z,0.267
2026-09-04T21:00:00Z,0.268
2026-09-04T21:30:00Z,0.264
2026-09-04T22:00:00Z,0.242
2026-09-04T22:30:00Z,0.297
2026-09-04T23:00:00Z,0.261
2026-09-04T23:30:00Z,0.205
2026-09-05T00:00:00Z,0.204
2026-09-05T00:30:00Z,0.211
2026-09-05T01:00:00Z,0.19
2026-09-05T01:30:00Z,0.187
2026-09-05T02:00:00Z,0.188
2026-09-05T02:30:00Z,0.25
2026-09-05T03:00:00Z,0.184
2026-09-05T03:30:00Z,0.181
2026-09-05T04:00:00Z,0.175
2026-09-05T04:30:00Z,0.177
2026-09-05T05:00:00Z,0.174
2026-09-05T05:30:00Z,0.174
2026-09-05T06:00:00Z,0.182
2026-09-05T06:30:00Z,0.188
2026-09-05T07:00:00Z,0.183
2026-09-05T07:30:00Z,0.224
2026-09-05T08:00:00Z,0.387
2026-09-05T08:30:00Z,0.206
2026-09-05T09:00:00Z,0.203
2026-09-05T09:30:00Z,0.189
2026-09-05T10:00:00Z,0.207
2026-09-05T10:30:00Z,0.182
2026-09-05T11:00:00Z,0.167
2026-09-05T11:30:00Z,0.204
2026-09-05T12:00:00Z,0.16
2026-09-05T12:30:00Z,0.179
2026-09-05T13:00:00Z,0.2
2026-09-05T13:30:00Z,0.21
2026-09-05T14:00:00Z,0.178
2026-09-05T14:30:00Z,0.177
2026-09-05T15:00:00Z,0.208
2026-09-05T15:30:00Z,0.197
2026-09-05T16:00:00Z,0.195
2026-09-05T16:30:00Z,0.255
2026-09-05T17:00:00Z,0.164
2026-09-05T17:30:00Z,0.167
2026-09-05T18:00:00Z,0.197
2026-09-05T18:30:00Z,0.374
2026-09-05T19:00:00Z,0.28
2026-09-05T19:30:00Z,0.288
2026-09-05T20:00:00Z,0.221
2026-09-05T20:30:00Z,0.213
2026-09-05T21:00:00Z,0.205
2026-09-05T21:30:00Z,0.276
2026-09-05T22:00:00Z,0.223
2026-09-05T22:30:00Z,0.211
2026-09-05T23:00:00Z,0.549
2026-09-05T23:30:00Z,0.455
2026-09-06T00:00:00Z,0.429
2026-09-06T00:30:00Z,0.271
2026-09-06T01:00:00Z,0.195
2026-09-06T01:30:00Z,0.192
2026-09-06T02:00:00Z,0.183
2026-09-06T02:30:00Z,0.182
2026-09-06T03:00:00Z,0.186
2026-09-06T03:30:00Z,0.255
2026-09-06T04:00:00Z,0.185
2026-09-06T04:30:00Z,0.189
2026-09-06T05:00:00Z,0.207
2026-09-06T05:30:00Z,0.222
2026-09-06T06:00:00Z,0.316
2026-09-06T06:30:00Z,0.287
2026-09-06T07:00:00Z,0.169
2026-09-06T07:30:00Z,0.187
2026-09-06T08:00:00Z,0.237
2026-09-06T08:30:00Z,0.177
2026-09-06T09:00:00Z,0.32
2026-09-06T09:30:00Z,0.211
2026-09-06T10:00:00Z,0.177
2026-09-06T10:30:00Z,0.195
2026-09-06T11:00:00Z,0.2
2026-09-06T11:30:00Z,0.163
2026-09-06T12:00:00Z,0.146
2026-09-06T12:30:00Z,0.156
2026-09-06T13:00:00Z,0.147
2026-09-06T13:30:00Z,0.224
2026-09-06T14:00:00Z,0.232
2026-09-06T14:30:00Z,0.478
2026-09-06T15:00:00Z,0.57
2026-09-06T15:30:00Z,0.868
2026-09-06T16:00:00Z,0.55
2026-09-06T16:30:00Z,0.274
2026-09-06T17:00:00Z,0.343
2026-09-06T17:30:00Z,0.469
2026-09-06T18:00:00Z,0.692
2026-09-06T18:30:00Z,0.514
2026-09-06T19:00:00Z,0.514
2026-09-06T19:30:00Z,0.537
2026-09-06T20:00:00Z,0.961
2026-09-06T20:30:00Z,0.512
2026-09-06T21:00:00Z,0.234
2026-09-06T21:30:00Z,0.23
2026-09-06T22:00:00Z,0.681
2026-09-06T22:30:00Z,0.212
2026-09-06T23:00:00Z,0.174
2026-09-06T23:30:00Z,0.164
2026-09-07T00:00:00Z,0.161
2026-09-07T00:30:00Z,0.163
2026-09-07T01:00:00Z,0.236
2026-09-07T01:30:00Z,0.185
2026-09-07T02:00:00Z,0.178
2026-09-07T02:30:00Z,0.153
2026-09-07T03:00:00Z,0.145
2026-09-07T03:30:00Z,0.234
2026-09-07T04:00:00Z,0.173
2026-09-07T04:30:00Z,0.156
2026-09-07T05:00:00Z,0.134
2026-09-07T05:30:00Z,0.131
2026-09-07T06:00:00Z,0.196
2026-09-07T06:30:00Z,0.134
2026-09-07T07:00:00Z,0.11
2026-09-07T07:30:00Z,0.218
2026-09-07T08:00:00Z,0.286
2026-09-07T08:30:00Z,0.149
2026-09-07T09:00:00Z,0.217
2026-09-07T09:30:00Z,0.117
2026-09-07T10:00:00Z,0.452
2026-09-07T10:30:00Z,0.589
2026-09-07T11:00:00Z,0.551
2026-09-07T11:30:00Z,0.18
2026-09-07T12:00:00Z,0.181
2026-09-07T12:30:00Z,0.133
2026-09-07T13:00:00Z,0.103
2026-09-07T13:30:00Z,0.098
2026-09-07T14:00:00Z,0.077
2026-09-07T14:30:00Z,0.288
2026-09-07T15:00:00Z,0.446
2026-09-07T15:30:00Z,0.303
2026-09-07T16:00:00Z,0.124
2026-09-07T16:30:00Z,0.198
2026-09-07T17:00:00Z,0.276
2026-09-07T17:30:00Z,0.307
2026-09-07T18:00:00Z,0.559
2026-09-07T18:30:00Z,0.325
2026-09-07T19:00:00Z,0.211
2026-09-07T19:30:00Z,0.543
2026-09-07T20:00:00Z,0.262
2026-09-07T20:30:00Z,0.217
2026-09-07T21:00:00Z,0.22
2026-09-07T21:30:00Z,0.616
2026-09-07T22:00:00Z,0.193
2026-09-07T22:30:00Z,0.173
2026-09-07T23:00:00Z,0.223
2026-09-07T23:30:00Z,0.271
2026-09-08T00:00:00Z,0.225
2026-09-08T00:30:00Z,0.233
2026-09-08T01:00:00Z,0.212
2026-09-08T01:30:00Z,0.262
2026-09-08T02:00:00Z,0.245
2026-09-08T02:30:00Z,0.229
2026-09-08T03:00:00Z,0.209
2026-09-08T03:30:00Z,0.198
2026-09-08T04:00:00Z,0.268
2026-09-08T04:30:00Z,0.231
2026-09-08T05:00:00Z,0.214
2026-09-08T05:30:00Z,0.269
2026-09-08T06:00:00Z,0.234
2026-09-08T06:30:00Z,0.193
2026-09-08T07:00:00Z,0.138
2026-09-08T07:30:00Z,0.359
2026-09-08T08:00:00Z,0.977
2026-09-08T08:30:00Z,0.387
2026-09-08T09:00:00Z,0.487
2026-09-08T09:30:00Z,0.302
2026-09-08T10:00:00Z,0.182
2026-09-08T10:30:00Z,0.645
2026-09-08T11:00:00Z,0.34
2026-09-08T11:30:00Z,0.278
2026-09-08T12:00:00Z,0.361
2026-09-08T12:30:00Z,0.26
2026-09-08T13:00:00Z,0.376
2026-09-08T13:30:00Z,0.234
2026-09-08T14:00:00Z,0.271
2026-09-08T14:30:00Z,0.257
2026-09-08T15:00:00Z,0.295
2026-09-08T15:30:00Z,0.619
2026-09-08T16:00:00Z,0.647
2026-09-08T16:30:00Z,0.338
2026-09-08T17:00:00Z,0.55
2026-09-08T17:30:00Z,0.195
2026-09-08T18:00:00Z,0.237
2026-09-08T18:30:00Z,0.275
2026-09-08T19:00:00Z,0.208
2026-09-08T19:30:00Z,0.298
2026-09-08T20:00:00Z,0.272
2026-09-08T20:30:00Z,0.21
2026-09-08T21:00:00Z,0.494
2026-09-08T21:30:00Z,0.546
2026-09-08T22:00:00Z,0.236
2026-09-08T22:30:00Z,0.208
2026-09-08T23:00:00Z,0.349
2026-09-08T23:30:00Z,0.344
2026-09-09T00:00:00Z,0.328
2026-09-09T00:30:00Z,0.323
2026-09-09T01:00:00Z,0.333
2026-09-09T01:30:00Z,0.246
2026-09-09T02:00:00Z,0.24
2026-09-09T02:30:00Z,0.208
2026-09-09T03:00:00Z,0.19
2026-09-09T03:30:00Z,0.19
2026-09-09T04:00:00Z,0.179
2026-09-09T04:30:00Z,0.25
2026-09-09T05:00:00Z,0.207
2026-09-09T05:30:00Z,0.208
2026-09-09T06:00:00Z,0.223
2026-09-09T06:30:00Z,0.25
2026-09-09T07:00:00Z,0.206
2026-09-09T07:30:00Z,0.316
2026-09-09T08:00:00Z,0.216
2026-09-09T08:30:00Z,0.389
2026-09-09T09:00:00Z,0.318
2026-09-09T09:30:00Z,0.416
2026-09-09T10:00:00Z,0.452
2026-09-09T10:30:00Z,0.304
2026-09-09T11:00:00Z,0.481
2026-09-09T11:30:00Z,0.523
2026-09-09T12:00:00Z,0.288
2026-09-09T12:30:00Z,0.27
2026-09-09T13:00:00Z,0.288
2026-09-09T13:30:00Z,0.243
2026-09-09T14:00:00Z,0.627
2026-09-09T14:30:00Z,0.538
2026-09-09T15:00:00Z,0.523
2026-09-09T15:30:00Z,0.738
2026-09-09T16:00:00Z,0.313
2026-09-09T16:30:00Z,0.292
2026-09-09T17:00:00Z,0.283
2026-09-09T17:30:00Z,0.287
2026-09-09T18:00:00Z,0.29
2026-09-09T18:30:00Z,0.249
2026-09-09T19:00:00Z,0.248
2026-09-09T19:30:00Z,0.263
2026-09-09T20:00:00Z,0.284
2026-09-09T20:30:00Z,0.379
2026-09-09T21:00:00Z,0.423
2026-09-09T21:30:00Z,0.24
2026-09-09T22:00:00Z,0.244
2026-09-09T22:30:00Z,0.241
2026-09-09T23:00:00Z,0.227
2026-09-09T23:30:00Z,0.226
2026-09-10T00:00:00Z,0.297
2026-09-10T00:30:00Z,0.243
2026-09-10T01:00:00Z,0.237
2026-09-10T01:30:00Z,0.275
2026-09-10T02:00:00Z,0.266
2026-09-10T02:30:00Z,0.235
2026-09-10T03:00:00Z,0.243
2026-09-10T03:30:00Z,0.229
2026-09-10T04:00:00Z,0.206
2026-09-10T04:30:00Z,0.206
2026-09-10T05:00:00Z,0.233
2026-09-10T05:30:00Z,0.229
2026-09-10T06:00:00Z,0.205
2026-09-10T06:30:00Z,0.191
2026-09-10T07:00:00Z,0.172
2026-09-10T07:30:00Z,0.19
2026-09-10T08:00:00Z,0.432
2026-09-10T08:30:00Z,0.568
2026-09-10T09:00:00Z,0.41
2026-09-10T09:30:00Z,0.263
2026-09-10T10:00:00Z,0.417
2026-09-10T10:30:00Z,0.472
2026-09-10T11:00:00Z,0.201
2026-09-10T11:30:00Z,0.246
2026-09-10T12:00:00Z,0.418
2026-09-10T12:30:00Z,0.379
2026-09-10T13:00:00Z,0.245
2026-09-10T13:30:00Z,0.403
2026-09-10T14:00:00Z,0.593
2026-09-10T14:30:00Z,0.137
2026-09-10T15:00:00Z,0.125
2026-09-10T15:30:00Z,0.173
2026-09-10T16:00:00Z,0.671
2026-09-10T16:30:00Z,0.916
2026-09-10T17:00:00Z,0.763
2026-09-10T17:30:00Z,0.581
2026-09-10T18:00:00Z,0.248
2026-09-10T18:30:00Z,0.238
2026-09-10T19:00:00Z,0.265
2026-09-10T19:30:00Z,0.406
2026-09-10T20:00:00Z,0.519
2026-09-10T20:30:00Z,0.605
2026-09-10T21:00:00Z,0.525
2026-09-10T21:30:00Z,0.552
2026-09-10T22:00:00Z,0.563
2026-09-10T22:30:00Z,0.29
2026-09-10T23:00:00Z,0.202
2026-09-10T23:30:00Z,0.201
2026-09-11T00:00:00Z,0.273
2026-09-11T00:30:00Z,0.223
2026-09-11T01:00:00Z,0.22
2026-09-11T01:30:00Z,0.194
2026-09-11T02:00:00Z,0.198
2026-09-11T02:30:00Z,0.196
2026-09-11T03:00:00Z,0.198
2026-09-11T03:30:00Z,0.199
2026-09-11T04:00:00Z,0.27
2026-09-11T04:30:00Z,0.229
2026-09-11T05:00:00Z,0.19
2026-09-11T05:30:00Z,0.185
2026-09-11T06:00:00Z,0.236
2026-09-11T06:30:00Z,0.21
2026-09-11T07:00:00Z,0.184
2026-09-11T07:30:00Z,0.188
2026-09-11T08:00:00Z,0.18
2026-09-11T08:30:00Z,0.42
2026-09-11T09:00:00Z,0.189
2026-09-11T09:30:00Z,0.256
2026-09-11T10:00:00Z,0.254
2026-09-11T10:30:00Z,0.67
2026-09-11T11:00:00Z,0.348
2026-09-11T11:30:00Z,0.298
2026-09-11T12:00:00Z,0.256
2026-09-11T12:30:00Z,0.225
2026-09-11T13:00:00Z,0.226
2026-09-11T13:30:00Z,0.22
2026-09-11T14:00:00Z,0.225
2026-09-11T14:30:00Z,0.275
2026-09-11T15:00:00Z,0.963
2026-09-11T15:30:00Z,0.625
2026-09-11T16:00:00Z,0.52
2026-09-11T16:30:00Z,0.617
2026-09-11T17:00:00Z,0.235
2026-09-11T17:30:00Z,0.553
2026-09-11T18:00:00Z,0.314
2026-09-11T18:30:00Z,0.807
2026-09-11T19:00:00Z,0.626
2026-09-11T19:30:00Z,0.569
2026-09-11T20:00:00Z,1.041
2026-09-11T20:30:00Z,0.528
2026-09-11T21:00:00Z,0.44
2026-09-11T21:30:00Z,0.496
2026-09-11T22:00:00Z,0.472
2026-09-11T22:30:00Z,0.212
2026-09-11T23:00:00Z,0.23
2026-09-11T23:30:00Z,0.221
2026-09-12T00:00:00Z,0.211
2026-09-12T00:30:00Z,0.206
2026-09-12T01:00:00Z,0.202
2026-09-12T01:30:00Z,0.196
2026-09-12T02:00:00Z,0.199
2026-09-12T02:30:00Z,0.198
2026-09-12T03:00:00Z,0.276
2026-09-12T03:30:00Z,0.232
2026-09-12T04:00:00Z,0.213
2026-09-12T04:30:00Z,0.21
2026-09-12T05:00:00Z,0.21
2026-09-12T05:30:00Z,0.282
2026-09-12T06:00:00Z,0.251
2026-09-12T06:30:00Z,0.227
2026-09-12T07:00:00Z,0.262
2026-09-12T07:30:00Z,0.43
2026-09-12T08:00:00Z,0.548
2026-09-12T08:30:00Z,0.282
2026-09-12T09:00:00Z,0.289
2026-09-12T09:30:00Z,0.174
2026-09-12T10:00:00Z,0.173
2026-09-12T10:30:00Z,0.188
2026-09-12T11:00:00Z,0.275
2026-09-12T11:30:00Z,0.37
2026-09-12T12:00:00Z,0.235
2026-09-12T12:30:00Z,0.201
2026-09-12T13:00:00Z,0.526
2026-09-12T13:30:00Z,0.129
2026-09-12T14:00:00Z,0.185
2026-09-12T14:30:00Z,0.177
2026-09-12T15:00:00Z,0.221
2026-09-12T15:30:00Z,0.24
2026-09-12T16:00:00Z,0.2
2026-09-12T16:30:00Z,0.174
2026-09-12T17:00:00Z,0.199
2026-09-12T17:30:00Z,0.483
2026-09-12T18:00:00Z,0.649
2026-09-12T18:30:00Z,0.23
2026-09-12T19:00:00Z,0.202
2026-09-12T19:30:00Z,0.215
2026-09-12T20:00:00Z,0.344
2026-09-12T20:30:00Z,0.504
2026-09-12T21:00:00Z,0.432
2026-09-12T21:30:00Z,0.242
2026-09-12T22:00:00Z,0.231
2026-09-12T22:30:00Z,0.212
2026-09-12T23:00:00Z,0.236
2026-09-12T23:30:00Z,0.296
2026-09-13T00:00:00Z,0.228
2026-09-13T00:30:00Z,0.224
2026-09-13T01:00:00Z,0.222
2026-09-13T01:30:00Z,0.219
2026-09-13T02:00:00Z,0.211
2026-09-13T02:30:00Z,0.201
2026-09-13T03:00:00Z,0.247
2026-09-13T03:30:00Z,0.182
2026-09-13T04:00:00Z,0.192
2026-09-13T04:30:00Z,0.193
2026-09-13T05:00:00Z,0.184
2026-09-13T05:30:00Z,0.18
2026-09-13T06:00:00Z,0.267
2026-09-13T06:30:00Z,0.169
2026-09-13T07:00:00Z,0.185
2026-09-13T07:30:00Z,0.203
2026-09-13T08:00:00Z,0.456
2026-09-13T08:30:00Z,1.259
2026-09-13T09:00:00Z,0.9
2026-09-13T09:30:00Z,0.259
2026-09-13T10:00:00Z,0.243
2026-09-13T10:30:00Z,0.516
2026-09-13T11:00:00Z,0.442
2026-09-13T11:30:00Z,0.195
2026-09-13T12:00:00Z,0.264
2026-09-13T12:30:00Z,0.195
2026-09-13T13:00:00Z,0.21
2026-09-13T13:30:00Z,0.195
2026-09-13T14:00:00Z,0.203
2026-09-13T14:30:00Z,0.208
2026-09-13T15:00:00Z,0.859
2026-09-13T15:30:00Z,1.507
2026-09-13T16:00:00Z,0.386
2026-09-13T16:30:00Z,0.268
2026-09-13T17:00:00Z,0.224
2026-09-13T17:30:00Z,0.233
2026-09-13T18:00:00Z,0.252
2026-09-13T18:30:00Z,0.615
2026-09-13T19:00:00Z,0.665
2026-09-13T19:30:00Z,0.599
2026-09-13T20:00:00Z,0.671
2026-09-13T20:30:00Z,0.934
2026-09-13T21:00:00Z,0.24
2026-09-13T21:30:00Z,0.225
2026-09-13T22:00:00Z,0.217
2026-09-13T22:30:00Z,0.209
2026-09-13T23:00:00Z,0.229
2026-09-13T23:30:00Z,0.233
2026-09-14T00:00:00Z,0.208
2026-09-14T00:30:00Z,0.18
2026-09-14T01:00:00Z,0.179
2026-09-14T01:30:00Z,0.243
2026-09-14T02:00:00Z,0.24
2026-09-14T02:30:00Z,0.204
2026-09-14T03:00:00Z,0.246
2026-09-14T03:30:00Z,0.214
2026-09-14T04:00:00Z,0.198
2026-09-14T04:30:00Z,0.195
2026-09-14T05:00:00Z,0.249
2026-09-14T05:30:00Z,0.195
2026-09-14T06:00:00Z,0.213
2026-09-14T06:30:00Z,0.25
2026-09-14T07:00:00Z,0.208
2026-09-14T07:30:00Z,0.202
2026-09-14T08:00:00Z,0.351
2026-09-14T08:30:00Z,0.454
2026-09-14T09:00:00Z,0.446
2026-09-14T09:30:00Z,0.222
2026-09-14T10:00:00Z,0.234
2026-09-14T10:30:00Z,0.421
2026-09-14T11:00:00Z,0.194
2026-09-14T11:30:00Z,0.23
2026-09-14T12:00:00Z,0.231
2026-09-14T12:30:00Z,0.897
2026-09-14T13:00:00Z,0.372
2026-09-14T13:30:00Z,0.13
2026-09-14T14:00:00Z,0.135
2026-09-14T14:30:00Z,0.136
2026-09-14T15:00:00Z,0.262
2026-09-14T15:30:00Z,0.503
2026-09-14T16:00:00Z,0.605
2026-09-14T16:30:00Z,0.506
2026-09-14T17:00:00Z,0.502
2026-09-14T17:30:00Z,0.394
2026-09-14T18:00:00Z,0.77
2026-09-14T18:30:00Z,0.302
2026-09-14T19:00:00Z,0.307
2026-09-14T19:30:00Z,0.665
2026-09-14T20:00:00Z,0.331
2026-09-14T20:30:00Z,0.441
2026-09-14T21:00:00Z,0.554
2026-09-14T21:30:00Z,0.228
2026-09-14T22:00:00Z,0.215
2026-09-14T22:30:00Z,0.207
2026-09-14T23:00:00Z,0.299
2026-09-14T23:30:00Z,0.278
2026-09-15T00:00:00Z,0.274
2026-09-15T00:30:00Z,0.282
2026-09-15T01:00:00Z,0.32
2026-09-15T01:30:00Z,0.282
2026-09-15T02:00:00Z,0.271
2026-09-15T02:30:00Z,0.24
2026-09-15T03:00:00Z,0.235
2026-09-15T03:30:00Z,0.234
2026-09-15T04:00:00Z,0.301
2026-09-15T04:30:00Z,0.264
2026-09-15T05:00:00Z,0.248
2026-09-15T05:30:00Z,0.211
2026-09-15T06:00:00Z,0.219
2026-09-15T06:30:00Z,0.267
2026-09-15T07:00:00Z,0.247
2026-09-15T07:30:00Z,0.266
2026-09-15T08:00:00Z,0.201
2026-09-15T08:30:00Z,0.342
2026-09-15T09:00:00Z,0.677
2026-09-15T09:30:00Z,0.42
2026-09-15T10:00:00Z,0.239
2026-09-15T10:30:00Z,0.221
2026-09-15T11:00:00Z,0.188
2026-09-15T11:30:00Z,0.208
2026-09-15T12:00:00Z,0.234
2026-09-15T12:30:00Z,0.194
2026-09-15T13:00:00Z,0.508
2026-09-15T13:30:00Z,0.28
2026-09-15T14:00:00Z,0.826
2026-09-15T14:30:00Z,0.58
2026-09-15T15:00:00Z,0.533
2026-09-15T15:30:00Z,0.566
2026-09-15T16:00:00Z,0.452
2026-09-15T16:30:00Z,0.353
2026-09-15T17:00:00Z,0.338
2026-09-15T17:30:00Z,0.539
2026-09-15T18:00:00Z,0.214
2026-09-15T18:30:00Z,0.322
2026-09-15T19:00:00Z,0.256
2026-09-15T19:30:00Z,0.447
2026-09-15T20:00:00Z,0.247
2026-09-15T20:30:00Z,0.713
2026-09-15T21:00:00Z,0.646
2026-09-15T21:30:00Z,0.552
2026-09-15T22:00:00Z,0.5
2026-09-15T22:30:00Z,0.477
2026-09-15T23:00:00Z,0.198
2026-09-15T23:30:00Z,0.21
2026-09-16T00:00:00Z,0.188
2026-09-16T00:30:00Z,0.163
2026-09-16T01:00:00Z,0.164
2026-09-16T01:30:00Z,0.189
2026-09-16T02:00:00Z,0.162
2026-09-16T02:30:00Z,0.145
2026-09-16T03:00:00Z,0.145
2026-09-16T03:30:00Z,0.158
2026-09-16T04:00:00Z,0.262
2026-09-16T04:30:00Z,0.154
2026-09-16T05:00:00Z,0.141
2026-09-16T05:30:00Z,0.195
2026-09-16T06:00:00Z,0.163
2026-09-16T06:30:00Z,0.415
2026-09-16T07:00:00Z,0.227
2026-09-16T07:30:00Z,0.135
2026-09-16T08:00:00Z,0.154
2026-09-16T08:30:00Z,0.39
2026-09-16T09:00:00Z,0.438
2026-09-16T09:30:00Z,0.525
2026-09-16T10:00:00Z,0.368
2026-09-16T10:30:00Z,0.3
2026-09-16T11:00:00Z,0.161
2026-09-16T11:30:00Z,0.182
2026-09-16T12:00:00Z,0.188
2026-09-16T12:30:00Z,0.72
2026-09-16T13:00:00Z,1.047
2026-09-16T13:30:00Z,0.494
2026-09-16T14:00:00Z,0.425
2026-09-16T14:30:00Z,0.523
2026-09-16T15:00:00Z,0.416
2026-09-16T15:30:00Z,0.568
2026-09-16T16:00:00Z,0.723
2026-09-16T16:30:00Z,0.309
2026-09-16T17:00:00Z,0.15
2026-09-16T17:30:00Z,0.654
2026-09-16T18:00:00Z,0.128
2026-09-16T18:30:00Z,0.51
2026-09-16T19:00:00Z,0.426
2026-09-16T19:30:00Z,0.378
2026-09-16T20:00:00Z,0.299
2026-09-16T20:30:00Z,0.186
2026-09-16T21:00:00Z,0.181
2026-09-16T21:30:00Z,0.628
2026-09-16T22:00:00Z,0.173
2026-09-16T22:30:00Z,0.15
2026-09-16T23:00:00Z,0.219
2026-09-16T23:30:00Z,0.292
2026-09-17T00:00:00Z,0.242
2026-09-17T00:30:00Z,0.247
2026-09-17T01:00:00Z,0.253
2026-09-17T01:30:00Z,0.256
2026-09-17T02:00:00Z,0.242
2026-09-17T02:30:00Z,0.202
2026-09-17T03:00:00Z,0.201
2026-09-17T03:30:00Z,0.27
2026-09-17T04:00:00Z,0.243
2026-09-17T04:30:00Z,0.246
2026-09-17T05:00:00Z,0.225
2026-09-17T05:30:00Z,0.234
2026-09-17T06:00:00Z,0.211
2026-09-17T06:30:00Z,0.297
2026-09-17T07:00:00Z,0.247
2026-09-17T07:30:00Z,0.197
2026-09-17T08:00:00Z,0.443
2026-09-17T08:30:00Z,0.284
2026-09-17T09:00:00Z,0.606
2026-09-17T09:30:00Z,0.548
2026-09-17T10:00:00Z,0.245
2026-09-17T10:30:00Z,0.261
2026-09-17T11:00:00Z,0.212
2026-09-17T11:30:00Z,0.189
2026-09-17T12:00:00Z,0.875
2026-09-17T12:30:00Z,0.503
2026-09-17T13:00:00Z,0.418
2026-09-17T13:30:00Z,0.958
2026-09-17T14:00:00Z,0.232
2026-09-17T14:30:00Z,0.226
2026-09-17T15:00:00Z,0.219
2026-09-17T15:30:00Z,0.369
2026-09-17T16:00:00Z,0.237
2026-09-17T16:30:00Z,0.215
2026-09-17T17:00:00Z,0.343
2026-09-17T17:30:00Z,0.286
2026-09-17T18:00:00Z,0.27
2026-09-17T18:30:00Z,0.335
2026-09-17T19:00:00Z,0.253
2026-09-17T19:30:00Z,0.297
2026-09-17T20:00:00Z,0.307
2026-09-17T20:30:00Z,0.298
2026-09-17T21:00:00Z,0.275
2026-09-17T21:30:00Z,0.249
2026-09-17T22:00:00Z,0.238
2026-09-17T22:30:00Z,0.308
2026-09-17T23:00:00Z,0.216
2026-09-17T23:30:00Z,0.215
2026-09-18T00:00:00Z,0.292
2026-09-18T00:30:00Z,0.216
2026-09-18T01:00:00Z,0.21
2026-09-18T01:30:00Z,0.223
2026-09-18T02:00:00Z,0.254
2026-09-18T02:30:00Z,0.242
2026-09-18T03:00:00Z,0.218
2026-09-18T03:30:00Z,0.191
2026-09-18T04:00:00Z,0.189
2026-09-18T04:30:00Z,0.191
2026-09-18T05:00:00Z,0.189
2026-09-18T05:30:00Z,0.235
2026-09-18T06:00:00Z,0.229
2026-09-18T06:30:00Z,0.288
2026-09-18T07:00:00Z,0.185
2026-09-18T07:30:00Z,0.171
2026-09-18T08:00:00Z,0.198
2026-09-18T08:30:00Z,0.505
2026-09-18T09:00:00Z,0.763
2026-09-18T09:30:00Z,0.554
2026-09-18T10:00:00Z,0.623
2026-09-18T10:30:00Z,0.244
2026-09-18T11:00:00Z,0.265
2026-09-18T11:30:00Z,0.224
2026-09-18T12:00:00Z,0.692
2026-09-18T12:30:00Z,0.217
2026-09-18T13:00:00Z,0.233
2026-09-18T13:30:00Z,0.2
2026-09-18T14:00:00Z,0.172
2026-09-18T14:30:00Z,0.563
2026-09-18T15:00:00Z,1.018
2026-09-18T15:30:00Z,0.443
2026-09-18T16:00:00Z,0.286
2026-09-18T16:30:00Z,0.229
2026-09-18T17:00:00Z,0.496
2026-09-18T17:30:00Z,0.58
2026-09-18T18:00:00Z,0.251
2026-09-18T18:30:00Z,0.422
2026-09-18T19:00:00Z,0.345
2026-09-18T19:30:00Z,0.405
2026-09-18T20:00:00Z,0.367
2026-09-18T20:30:00Z,0.432
2026-09-18T21:00:00Z,0.252
2026-09-18T21:30:00Z,0.241
2026-09-18T22:00:00Z,0.707
2026-09-18T22:30:00Z,0.285
2026-09-18T23:00:00Z,0.214
2026-09-18T23:30:00Z,0.21
2026-09-19T00:00:00Z,0.192
2026-09-19T00:30:00Z,0.254
2026-09-19T01:00:00Z,0.195
2026-09-19T01:30:00Z,0.189
2026-09-19T02:00:00Z,0.196
2026-09-19T02:30:00Z,0.167
2026-09-19T03:00:00Z,0.166
2026-09-19T03:30:00Z,0.163
2026-09-19T04:00:00Z,0.164
2026-09-19T04:30:00Z,0.176
2026-09-19T05:00:00Z,0.164
2026-09-19T05:30:00Z,0.168
2026-09-19T06:00:00Z,0.169
2026-09-19T06:30:00Z,0.178
2026-09-19T07:00:00Z,0.223
2026-09-19T07:30:00Z,0.361
2026-09-19T08:00:00Z,0.232
2026-09-19T08:30:00Z,0.198
2026-09-19T09:00:00Z,0.18
2026-09-19T09:30:00Z,0.156
2026-09-19T10:00:00Z,0.745
2026-09-19T10:30:00Z,0.545
2026-09-19T11:00:00Z,0.226
2026-09-19T11:30:00Z,0.557
2026-09-19T12:00:00Z,0.227
2026-09-19T12:30:00Z,0.296
2026-09-19T13:00:00Z,0.233
2026-09-19T13:30:00Z,0.195
2026-09-19T14:00:00Z,0.252
2026-09-19T14:30:00Z,0.237
2026-09-19T15:00:00Z,0.235
2026-09-19T15:30:00Z,0.232
2026-09-19T16:00:00Z,0.273
2026-09-19T16:30:00Z,0.465
2026-09-19T17:00:00Z,0.535
2026-09-19T17:30:00Z,0.409
2026-09-19T18:00:00Z,0.373
2026-09-19T18:30:00Z,0.523
2026-09-19T19:00:00Z,0.595
2026-09-19T19:30:00Z,0.642
2026-09-19T20:00:00Z,0.282
2026-09-19T20:30:00Z,0.199
2026-09-19T21:00:00Z,0.178
2026-09-19T21:30:00Z,0.174
2026-09-19T22:00:00Z,0.167
2026-09-19T22:30:00Z,0.15
2026-09-19T23:00:00Z,0.601
2026-09-19T23:30:00Z,0.245
2026-09-20T00:00:00Z,0.239
2026-09-20T00:30:00Z,0.239
2026-09-20T01:00:00Z,0.303
2026-09-20T01:30:00Z,0.252
2026-09-20T02:00:00Z,0.228
2026-09-20T02:30:00Z,0.222
2026-09-20T03:00:00Z,0.224
2026-09-20T03:30:00Z,0.224
2026-09-20T04:00:00Z,0.289
2026-09-20T04:30:00Z,0.248
2026-09-20T05:00:00Z,0.246
2026-09-20T05:30:00Z,0.3
2026-09-20T06:00:00Z,0.24
2026-09-20T06:30:00Z,0.222
2026-09-20T07:00:00Z,0.214
2026-09-20T07:30:00Z,0.214
2026-09-20T08:00:00Z,0.236
2026-09-20T08:30:00Z,0.226
2026-09-20T09:00:00Z,0.414
2026-09-20T09:30:00Z,0.499
2026-09-20T10:00:00Z,0.405
2026-09-20T10:30:00Z,0.222
2026-09-20T11:00:00Z,0.19
2026-09-20T11:30:00Z,0.233
2026-09-20T12:00:00Z,0.23
2026-09-20T12:30:00Z,0.805
2026-09-20T13:00:00Z,0.646
2026-09-20T13:30:00Z,0.531
2026-09-20T14:00:00Z,0.487
2026-09-20T14:30:00Z,0.46
2026-09-20T15:00:00Z,0.459
2026-09-20T15:30:00Z,0.468
2026-09-20T16:00:00Z,0.237
2026-09-20T16:30:00Z,0.354
2026-09-20T17:00:00Z,0.701
2026-09-20T17:30:00Z,0.474
2026-09-20T18:00:00Z,0.545
2026-09-20T18:30:00Z,0.512
2026-09-20T19:00:00Z,0.492
2026-09-20T19:30:00Z,0.233
2026-09-20T20:00:00Z,0.358
2026-09-20T20:30:00Z,0.296
2026-09-20T21:00:00Z,0.231
2026-09-20T21:30:00Z,0.253
2026-09-20T22:00:00Z,0.24
2026-09-20T22:30:00Z,0.24
2026-09-20T23:00:00Z,0.186
2026-09-20T23:30:00Z,0.181
2026-09-21T00:00:00Z,0.263
2026-09-21T00:30:00Z,0.199
2026-09-21T01:00:00Z,0.18
2026-09-21T01:30:00Z,0.176
2026-09-21T02:00:00Z,0.169
2026-09-21T02:30:00Z,0.169
2026-09-21T03:00:00Z,0.237
2026-09-21T03:30:00Z,0.203
2026-09-21T04:00:00Z,0.173
2026-09-21T04:30:00Z,0.169
2026-09-21T05:00:00Z,0.171
2026-09-21T05:30:00Z,0.186
2026-09-21T06:00:00Z,0.237
2026-09-21T06:30:00Z,0.229
2026-09-21T07:00:00Z,0.213
2026-09-21T07:30:00Z,0.285
2026-09-21T08:00:00Z,0.306
2026-09-21T08:30:00Z,0.184
2026-09-21T09:00:00Z,0.562
2026-09-21T09:30:00Z,0.524
2026-09-21T10:00:00Z,0.186
2026-09-21T10:30:00Z,0.377
2026-09-21T11:00:00Z,0.161
2026-09-21T11:30:00Z,0.211
2026-09-21T12:00:00Z,0.413
2026-09-21T12:30:00Z,0.9
2026-09-21T13:00:00Z,0.296
2026-09-21T13:30:00Z,0.236
2026-09-21T14:00:00Z,0.219
2026-09-21T14:30:00Z,0.338
2026-09-21T15:00:00Z,0.448
2026-09-21T15:30:00Z,0.284
2026-09-21T16:00:00Z,0.211
2026-09-21T16:30:00Z,0.184
2026-09-21T17:00:00Z,0.216
2026-09-21T17:30:00Z,0.499
2026-09-21T18:00:00Z,0.308
2026-09-21T18:30:00Z,0.255
2026-09-21T19:00:00Z,0.263
2026-09-21T19:30:00Z,0.664
2026-09-21T20:00:00Z,0.643
2026-09-21T20:30:00Z,0.354
2026-09-21T21:00:00Z,0.49
2026-09-21T21:30:00Z,0.243
2026-09-21T22:00:00Z,0.24
2026-09-21T22:30:00Z,0.236
2026-09-21T23:00:00Z,0.165
2026-09-21T23:30:00Z,0.165
2026-09-22T00:00:00Z,0.163
2026-09-22T00:30:00Z,0.164
2026-09-22T01:00:00Z,0.228
2026-09-22T01:30:00Z,0.161
2026-09-22T02:00:00Z,0.149
2026-09-22T02:30:00Z,0.191
2026-09-22T03:00:00Z,0.17
2026-09-22T03:30:00Z,0.181
2026-09-22T04:00:00Z,0.181
2026-09-22T04:30:00Z,0.186
2026-09-22T05:00:00Z,0.182
2026-09-22T05:30:00Z,0.162
2026-09-22T06:00:00Z,0.235
2026-09-22T06:30:00Z,0.13
2026-09-22T07:00:00Z,0.113
2026-09-22T07:30:00Z,0.222
2026-09-22T08:00:00Z,0.388
2026-09-22T08:30:00Z,0.472
2026-09-22T09:00:00Z,0.379
2026-09-22T09:30:00Z,0.279
2026-09-22T10:00:00Z,0.248
2026-09-22T10:30:00Z,0.287
2026-09-22T11:00:00Z,0.253
2026-09-22T11:30:00Z,0.323
2026-09-22T12:00:00Z,0.379
2026-09-22T12:30:00Z,0.217
2026-09-22T13:00:00Z,0.326
2026-09-22T13:30:00Z,1.045
2026-09-22T14:00:00Z,0.558
2026-09-22T14:30:00Z,0.524
2026-09-22T15:00:00Z,0.492
2026-09-22T15:30:00Z,0.372
2026-09-22T16:00:00Z,0.353
2026-09-22T16:30:00Z,0.578
2026-09-22T17:00:00Z,0.526
2026-09-22T17:30:00Z,0.493
2026-09-22T18:00:00Z,0.512
2026-09-22T18:30:00Z,0.459
2026-09-22T19:00:00Z,0.492
2026-09-22T19:30:00Z,0.182
2026-09-22T20:00:00Z,0.156
2026-09-22T20:30:00Z,0.361
2026-09-22T21:00:00Z,0.537
2026-09-22T21:30:00Z,0.243
2026-09-22T22:00:00Z,0.239
2026-09-22T22:30:00Z,0.234
2026-09-22T23:00:00Z,0.205
2026-09-22T23:30:00Z,0.242
2026-09-23T00:00:00Z,0.233
2026-09-23T00:30:00Z,0.23
2026-09-23T01:00:00Z,0.221
2026-09-23T01:30:00Z,0.222
2026-09-23T02:00:00Z,0.219
2026-09-23T02:30:00Z,0.302
2026-09-23T03:00:00Z,0.241
2026-09-23T03:30:00Z,0.238
2026-09-23T04:00:00Z,0.224
2026-09-23T04:30:00Z,0.209
2026-09-23T05:00:00Z,0.207
2026-09-23T05:30:00Z,0.309
2026-09-23T06:00:00Z,0.221
2026-09-23T06:30:00Z,0.223
2026-09-23T07:00:00Z,0.212
2026-09-23T07:30:00Z,0.238
2026-09-23T08:00:00Z,0.579
2026-09-23T08:30:00Z,0.458
2026-09-23T09:00:00Z,0.234
2026-09-23T09:30:00Z,0.219
2026-09-23T10:00:00Z,0.22
2026-09-23T10:30:00Z,0.219
2026-09-23T11:00:00Z,0.49
2026-09-23T11:30:00Z,0.392
2026-09-23T12:00:00Z,0.316
2026-09-23T12:30:00Z,0.612
2026-09-23T13:00:00Z,0.239
2026-09-23T13:30:00Z,0.251
2026-09-23T14:00:00Z,0.214
2026-09-23T14:30:00Z,0.182
2026-09-23T15:00:00Z,0.587
2026-09-23T15:30:00Z,0.432
2026-09-23T16:00:00Z,0.604
2026-09-23T16:30:00Z,0.613
2026-09-23T17:00:00Z,0.538
2026-09-23T17:30:00Z,0.551
2026-09-23T18:00:00Z,0.672
2026-09-23T18:30:00Z,0.638
2026-09-23T19:00:00Z,0.538
2026-09-23T19:30:00Z,0.241
2026-09-23T20:00:00Z,0.256
2026-09-23T20:30:00Z,0.248
2026-09-23T21:00:00Z,0.598
2026-09-23T21:30:00Z,0.712
2026-09-23T22:00:00Z,0.573
2026-09-23T22:30:00Z,0.31
2026-09-23T23:00:00Z,0.241
2026-09-23T23:30:00Z,0.219
2026-09-24T00:00:00Z,0.207
2026-09-24T00:30:00Z,0.214
2026-09-24T01:00:00Z,0.215
2026-09-24T01:30:00Z,0.298
2026-09-24T02:00:00Z,0.246
2026-09-24T02:30:00Z,0.192
2026-09-24T03:00:00Z,0.187
2026-09-24T03:30:00Z,0.24
2026-09-24T04:00:00Z,0.23
2026-09-24T04:30:00Z,0.228
2026-09-24T05:00:00Z,0.204
2026-09-24T05:30:00Z,0.247
2026-09-24T06:00:00Z,0.225
2026-09-24T06:30:00Z,0.225
2026-09-24T07:00:00Z,0.237
2026-09-24T07:30:00Z,0.188
2026-09-24T08:00:00Z,0.215
2026-09-24T08:30:00Z,0.482
2026-09-24T09:00:00Z,0.186
2026-09-24T09:30:00Z,0.182
2026-09-24T10:00:00Z,0.438
2026-09-24T10:30:00Z,0.197
2026-09-24T11:00:00Z,0.242
2026-09-24T11:30:00Z,0.33
2026-09-24T12:00:00Z,0.321
2026-09-24T12:30:00Z,0.156
2026-09-24T13:00:00Z,0.487
2026-09-24T13:30:00Z,0.296
2026-09-24T14:00:00Z,0.19
2026-09-24T14:30:00Z,0.17
2026-09-24T15:00:00Z,0.289
2026-09-24T15:30:00Z,0.413
2026-09-24T16:00:00Z,0.525
2026-09-24T16:30:00Z,0.553
2026-09-24T17:00:00Z,0.338
2026-09-24T17:30:00Z,0.515
2026-09-24T18:00:00Z,0.475
2026-09-24T18:30:00Z,0.227
2026-09-24T19:00:00Z,0.231
2026-09-24T19:30:00Z,0.234
2026-09-24T20:00:00Z,0.257
2026-09-24T20:30:00Z,0.256
2026-09-24T21:00:00Z,0.484
2026-09-24T21:30:00Z,0.24
2026-09-24T22:00:00Z,0.294
2026-09-24T22:30:00Z,0.226
2026-09-24T23:00:00Z,0.213
2026-09-24T23:30:00Z,0.177
2026-09-25T00:00:00Z,0.141
2026-09-25T00:30:00Z,0.134
2026-09-25T01:00:00Z,0.14
2026-09-25T01:30:00Z,0.462
2026-09-25T02:00:00Z,0.173
2026-09-25T02:30:00Z,0.152
2026-09-25T03:00:00Z,0.189
2026-09-25T03:30:00Z,0.446
2026-09-25T04:00:00Z,0.192
2026-09-25T04:30:00Z,0.153
2026-09-25T05:00:00Z,0.145
2026-09-25T05:30:00Z,0.156
2026-09-25T06:00:00Z,0.155
2026-09-25T06:30:00Z,0.123
2026-09-25T07:00:00Z,0.185
2026-09-25T07:30:00Z,0.55
2026-09-25T08:00:00Z,0.496
2026-09-25T08:30:00Z,0.52
2026-09-25T09:00:00Z,0.369
2026-09-25T09:30:00Z,0.219
2026-09-25T10:00:00Z,0.166
2026-09-25T10:30:00Z,0.096
2026-09-25T11:00:00Z,0.07
2026-09-25T11:30:00Z,0.075
2026-09-25T12:00:00Z,0.353
2026-09-25T12:30:00Z,1.331
2026-09-25T13:00:00Z,0.635
2026-09-25T13:30:00Z,0.238
2026-09-25T14:00:00Z,0.169
2026-09-25T14:30:00Z,0.157
2026-09-25T15:00:00Z,0.183
2026-09-25T15:30:00Z,0.303
2026-09-25T16:00:00Z,0.424
2026-09-25T16:30:00Z,0.671
2026-09-25T17:00:00Z,0.355
2026-09-25T17:30:00Z,0.16
2026-09-25T18:00:00Z,0.173
2026-09-25T18:30:00Z,0.437
2026-09-25T19:00:00Z,0.212
2026-09-25T19:30:00Z,0.463
2026-09-25T20:00:00Z,0.329
2026-09-25T20:30:00Z,0.365
2026-09-25T21:00:00Z,0.55
2026-09-25T21:30:00Z,0.832
2026-09-25T22:00:00Z,0.203
2026-09-25T22:30:00Z,0.19
2026-09-25T23:00:00Z,0.206
2026-09-25T23:30:00Z,0.294
2026-09-26T00:00:00Z,0.218
2026-09-26T00:30:00Z,0.214
2026-09-26T01:00:00Z,0.211
2026-09-26T01:30:00Z,0.217
2026-09-26T02:00:00Z,0.208
2026-09-26T02:30:00Z,0.198
2026-09-26T03:00:00Z,0.193
2026-09-26T03:30:00Z,0.263
2026-09-26T04:00:00Z,0.195
2026-09-26T04:30:00Z,0.19
2026-09-26T05:00:00Z,0.2
2026-09-26T05:30:00Z,0.171
2026-09-26T06:00:00Z,0.273
2026-09-26T06:30:00Z,0.188
2026-09-26T07:00:00Z,0.164
2026-09-26T07:30:00Z,0.225
2026-09-26T08:00:00Z,0.236
2026-09-26T08:30:00Z,0.491
2026-09-26T09:00:00Z,0.308
2026-09-26T09:30:00Z,0.367
2026-09-26T10:00:00Z,0.931
2026-09-26T10:30:00Z,0.536
2026-09-26T11:00:00Z,0.195
2026-09-26T11:30:00Z,0.173
2026-09-26T12:00:00Z,0.166
2026-09-26T12:30:00Z,0.147
2026-09-26T13:00:00Z,0.181
2026-09-26T13:30:00Z,0.264
2026-09-26T14:00:00Z,0.244
2026-09-26T14:30:00Z,0.637
2026-09-26T15:00:00Z,0.62
2026-09-26T15:30:00Z,0.903
2026-09-26T16:00:00Z,0.641
2026-09-26T16:30:00Z,0.497
2026-09-26T17:00:00Z,0.317
2026-09-26T17:30:00Z,0.306
2026-09-26T18:00:00Z,0.316
2026-09-26T18:30:00Z,0.741
2026-09-26T19:00:00Z,0.637
2026-09-26T19:30:00Z,0.864
2026-09-26T20:00:00Z,0.587
2026-09-26T20:30:00Z,0.528
2026-09-26T21:00:00Z,0.228
2026-09-26T21:30:00Z,0.798
2026-09-26T22:00:00Z,0.366
2026-09-26T22:30:00Z,0.371
2026-09-26T23:00:00Z,0.211
2026-09-26T23:30:00Z,0.267
2026-09-27T00:00:00Z,0.243
2026-09-27T00:30:00Z,0.288
2026-09-27T01:00:00Z,0.247
2026-09-27T01:30:00Z,0.242
2026-09-27T02:00:00Z,0.22
2026-09-27T02:30:00Z,0.229
2026-09-27T03:00:00Z,0.235
2026-09-27T03:30:00Z,0.29
2026-09-27T04:00:00Z,0.241
2026-09-27T04:30:00Z,0.258
2026-09-27T05:00:00Z,0.247
2026-09-27T05:30:00Z,0.189
2026-09-27T06:00:00Z,0.188
2026-09-27T06:30:00Z,0.271
2026-09-27T07:00:00Z,0.199
2026-09-27T07:30:00Z,0.182
2026-09-27T08:00:00Z,0.374
2026-09-27T08:30:00Z,0.35
2026-09-27T09:00:00Z,0.769
2026-09-27T09:30:00Z,0.278
2026-09-27T10:00:00Z,0.266
2026-09-27T10:30:00Z,0.294
2026-09-27T11:00:00Z,0.223
2026-09-27T11:30:00Z,0.264
2026-09-27T12:00:00Z,0.252
2026-09-27T12:30:00Z,0.501
2026-09-27T13:00:00Z,0.314
2026-09-27T13:30:00Z,0.264
2026-09-27T14:00:00Z,0.718
2026-09-27T14:30:00Z,0.259
2026-09-27T15:00:00Z,0.215
2026-09-27T15:30:00Z,0.231
2026-09-27T16:00:00Z,0.231
2026-09-27T16:30:00Z,0.259
2026-09-27T17:00:00Z,0.336
2026-09-27T17:30:00Z,0.318
2026-09-27T18:00:00Z,1.02
2026-09-27T18:30:00Z,0.263
2026-09-27T19:00:00Z,0.227
2026-09-27T19:30:00Z,0.489
2026-09-27T20:00:00Z,0.288
2026-09-27T20:30:00Z,0.293
2026-09-27T21:00:00Z,0.245
2026-09-27T21:30:00Z,0.7
2026-09-27T22:00:00Z,0.237
2026-09-27T22:30:00Z,0.237
2026-09-27T23:00:00Z,0.206
2026-09-27T23:30:00Z,0.284
2026-09-28T00:00:00Z,0.235
2026-09-28T00:30:00Z,0.239
2026-09-28T01:00:00Z,0.21
2026-09-28T01:30:00Z,0.18
2026-09-28T02:00:00Z,0.175
2026-09-28T02:30:00Z,0.174
2026-09-28T03:00:00Z,0.171
2026-09-28T03:30:00Z,0.23
2026-09-28T04:00:00Z,0.2
2026-09-28T04:30:00Z,0.21
2026-09-28T05:00:00Z,0.198
2026-09-28T05:30:00Z,0.183
2026-09-28T06:00:00Z,0.257
2026-09-28T06:30:00Z,0.23
2026-09-28T07:00:00Z,0.197
2026-09-28T07:30:00Z,0.365
2026-09-28T08:00:00Z,0.355
2026-09-28T08:30:00Z,0.283
2026-09-28T09:00:00Z,0.284
2026-09-28T09:30:00Z,0.261
2026-09-28T10:00:00Z,0.315
2026-09-28T10:30:00Z,0.851
2026-09-28T11:00:00Z,0.747
2026-09-28T11:30:00Z,0.711
2026-09-28T12:00:00Z,0.321
2026-09-28T12:30:00Z,0.436
2026-09-28T13:00:00Z,0.175
2026-09-28T13:30:00Z,0.164
2026-09-28T14:00:00Z,0.54
2026-09-28T14:30:00Z,0.198
2026-09-28T15:00:00Z,0.215
2026-09-28T15:30:00Z,0.395
2026-09-28T16:00:00Z,0.413
2026-09-28T16:30:00Z,0.274
2026-09-28T17:00:00Z,0.201
2026-09-28T17:30:00Z,0.269
2026-09-28T18:00:00Z,0.562
2026-09-28T18:30:00Z,0.354
2026-09-28T19:00:00Z,0.618
2026-09-28T19:30:00Z,0.531
2026-09-28T20:00:00Z,0.599
2026-09-28T20:30:00Z,0.502
2026-09-28T21:00:00Z,0.593
2026-09-28T21:30:00Z,0.542
2026-09-28T22:00:00Z,0.272
2026-09-28T22:30:00Z,0.233
2026-09-28T23:00:00Z,0.149
2026-09-28T23:30:00Z,0.196
2026-09-29T00:00:00Z,0.17
2026-09-29T00:30:00Z,0.169
2026-09-29T01:00:00Z,0.159
2026-09-29T01:30:00Z,0.136
2026-09-29T02:00:00Z,0.132
2026-09-29T02:30:00Z,0.13
2026-09-29T03:00:00Z,0.453
2026-09-29T03:30:00Z,0.29
2026-09-29T04:00:00Z,0.134
2026-09-29T04:30:00Z,0.134
2026-09-29T05:00:00Z,0.14
2026-09-29T05:30:00Z,0.34
2026-09-29T06:00:00Z,0.381
2026-09-29T06:30:00Z,0.248
2026-09-29T07:00:00Z,0.172
2026-09-29T07:30:00Z,0.219
2026-09-29T08:00:00Z,0.228
2026-09-29T08:30:00Z,0.335
2026-09-29T09:00:00Z,0.454
2026-09-29T09:30:00Z,0.509
2026-09-29T10:00:00Z,0.201
2026-09-29T10:30:00Z,0.2
2026-09-29T11:00:00Z,0.216
2026-09-29T11:30:00Z,0.194
2026-09-29T12:00:00Z,0.32
2026-09-29T12:30:00Z,0.205
2026-09-29T13:00:00Z,0.195
2026-09-29T13:30:00Z,0.174
2026-09-29T14:00:00Z,0.147
2026-09-29T14:30:00Z,0.147
2026-09-29T15:00:00Z,0.218
2026-09-29T15:30:00Z,0.577
2026-09-29T16:00:00Z,0.763
2026-09-29T16:30:00Z,0.544
2026-09-29T17:00:00Z,0.201
2026-09-29T17:30:00Z,0.285
2026-09-29T18:00:00Z,0.297
2026-09-29T18:30:00Z,0.228
2026-09-29T19:00:00Z,0.183
2026-09-29T19:30:00Z,0.569
2026-09-29T20:00:00Z,0.777
2026-09-29T20:30:00Z,0.536
2026-09-29T21:00:00Z,0.451
2026-09-29T21:30:00Z,0.833
2026-09-29T22:00:00Z,0.465
2026-09-29T22:30:00Z,0.526
2026-09-29T23:00:00Z,0.2
2026-09-29T23:30:00Z,0.195
2026-09-30T00:00:00Z,0.18
2026-09-30T00:30:00Z,0.169
2026-09-30T01:00:00Z,0.247
2026-09-30T01:30:00Z,0.215
2026-09-30T02:00:00Z,0.186
2026-09-30T02:30:00Z,0.165
2026-09-30T03:00:00Z,0.175
2026-09-30T03:30:00Z,0.233
2026-09-30T04:00:00Z,0.186
2026-09-30T04:30:00Z,0.188
2026-09-30T05:00:00Z,0.163
2026-09-30T05:30:00Z,0.21
2026-09-30T06:00:00Z,0.211
2026-09-30T06:30:00Z,0.19
2026-09-30T07:00:00Z,0.173
2026-09-30T07:30:00Z,0.351
2026-09-30T08:00:00Z,0.385
2026-09-30T08:30:00Z,0.641
2026-09-30T09:00:00Z,0.329
2026-09-30T09:30:00Z,0.191
2026-09-30T10:00:00Z,0.202
2026-09-30T10:30:00Z,0.255
2026-09-30T11:00:00Z,0.254
2026-09-30T11:30:00Z,0.968
2026-09-30T12:00:00Z,0.878
2026-09-30T12:30:00Z,0.574
2026-09-30T13:00:00Z,0.763
2026-09-30T13:30:00Z,0.565
2026-09-30T14:00:00Z,0.316
2026-09-30T14:30:00Z,0.621
2026-09-30T15:00:00Z,0.258
2026-09-30T15:30:00Z,0.649
2026-09-30T16:00:00Z,0.492
2026-09-30T16:30:00Z,0.192
2026-09-30T17:00:00Z,0.493
2026-09-30T17:30:00Z,0.551
2026-09-30T18:00:00Z,0.504
2026-09-30T18:30:00Z,0.63
2026-09-30T19:00:00Z,0.243
2026-09-30T19:30:00Z,0.188
2026-09-30T20:00:00Z,0.605
2026-09-30T20:30:00Z,0.233
2026-09-30T21:00:00Z,0.204
2026-09-30T21:30:00Z,0.254
2026-09-30T22:00:00Z,0.528
2026-09-30T22:30:00Z,0.189
