interval_start,price_p
2025-12-18T00:00:00Z,11.382
2025-12-18T00:30:00Z,11.949
2025-12-18T01:00:00Z,10.374
2025-12-18T01:30:00Z,8.736
2025-12-18T02:00:00Z,8.7045
2025-12-18T02:30:00Z,8.232
2025-12-18T03:00:00Z,7.161
2025-12-18T03:30:00Z,6.615
2025-12-18T04:00:00Z,7.413
2025-12-18T04:30:00Z,7.644
2025-12-18T05:00:00Z,8.715
2025-12-18T05:30:00Z,9.8805
2025-12-18T06:00:00Z,13.9545
2025-12-18T06:30:00Z,15.9075
2025-12-18T07:00:00Z,16.212
2025-12-18T07:30:00Z,16.8
2025-12-18T08:00:00Z,16.926
2025-12-18T08:30:00Z,18.2385
2025-12-18T09:00:00Z,18.4485
2025-12-18T09:30:00Z,18.3435
2025-12-18T10:00:00Z,18.249
2025-12-18T10:30:00Z,18.1335
2025-12-18T11:00:00Z,18.081
2025-12-18T11:30:00Z,17.8815
2025-12-18T12:00:00Z,17.976
2025-12-18T12:30:00Z,18.3855
2025-12-18T13:00:00Z,18.4695
2025-12-18T13:30:00Z,18.438
2025-12-18T14:00:00Z,18.3435
2025-12-18T14:30:00Z,18.0915
2025-12-18T15:00:00Z,17.388
2025-12-18T15:30:00Z,18.396
2025-12-18T16:00:00Z,31.122
2025-12-18T16:30:00Z,31.3425
2025-12-18T17:00:00Z,30.135
2025-12-18T17:30:00Z,30.0615
2025-12-18T18:00:00Z,29.1375
2025-12-18T18:30:00Z,28.7805
2025-12-18T19:00:00Z,16.5375
2025-12-18T19:30:00Z,16.653
2025-12-18T20:00:00Z,16.338
2025-12-18T20:30:00Z,15.771
2025-12-18T21:00:00Z,12.7365
2025-12-18T21:30:00Z,8.82
2025-12-18T22:00:00Z,5.733
2025-12-18T22:30:00Z,0.0
2025-12-18T23:00:00Z,3.276
2025-12-18T23:30:00Z,0.546
2025-12-19T00:00:00Z,-0.2205
2025-12-19T00:30:00Z,0.882
2025-12-19T01:00:00Z,1.659
2025-12-19T01:30:00Z,1.5855
2025-12-19T02:00:00Z,1.722
2025-12-19T02:30:00Z,1.512
2025-12-19T03:00:00Z,2.1945
2025-12-19T03:30:00Z,0.3465
2025-12-19T04:00:00Z,0.0
2025-12-19T04:30:00Z,-0.2205
2025-12-19T05:00:00Z,7.0875
2025-12-19T05:30:00Z,7.539
2025-12-19T06:00:00Z,13.23
2025-12-19T06:30:00Z,14.553
2025-12-19T07:00:00Z,15.876
2025-12-19T07:30:00Z,17.283
2025-12-19T08:00:00Z,16.674
2025-12-19T08:30:00Z,17.682
2025-12-19T09:00:00Z,16.5375
2025-12-19T09:30:00Z,15.876
2025-12-19T10:00:00Z,15.351
2025-12-19T10:30:00Z,14.469
2025-12-19T11:00:00Z,15.435
2025-12-19T11:30:00Z,15.0885
2025-12-19T12:00:00Z,14.7315
2025-12-19T12:30:00Z,14.3325
2025-12-19T13:00:00Z,14.574
2025-12-19T13:30:00Z,15.246
2025-12-19T14:00:00Z,15.645
2025-12-19T14:30:00Z,16.317
2025-12-19T15:00:00Z,15.708
2025-12-19T15:30:00Z,17.5035
2025-12-19T16:00:00Z,32.277
2025-12-19T16:30:00Z,34.209
2025-12-19T17:00:00Z,32.445
2025-12-19T17:30:00Z,32.886
2025-12-19T18:00:00Z,33.306
2025-12-19T18:30:00Z,32.6865
2025-12-19T19:00:00Z,18.522
2025-12-19T19:30:00Z,17.745
2025-12-19T20:00:00Z,17.262
2025-12-19T20:30:00Z,15.54
2025-12-19T21:00:00Z,17.6715
2025-12-19T21:30:00Z,17.0415
2025-12-19T22:00:00Z,17.388
2025-12-19T22:30:00Z,16.38
2025-12-19T23:00:00Z,16.716
2025-12-19T23:30:00Z,15.6765
2025-12-20T00:00:00Z,15.582
2025-12-20T00:30:00Z,16.842
2025-12-20T01:00:00Z,16.485
2025-12-20T01:30:00Z,15.729
2025-12-20T02:00:00Z,16.0335
2025-12-20T02:30:00Z,15.2565
2025-12-20T03:00:00Z,15.477
2025-12-20T03:30:00Z,14.8995
2025-12-20T04:00:00Z,16.338
2025-12-20T04:30:00Z,16.401
2025-12-20T05:00:00Z,17.199
2025-12-20T05:30:00Z,15.6555
2025-12-20T06:00:00Z,16.7265
2025-12-20T06:30:00Z,16.317
2025-12-20T07:00:00Z,17.2515
2025-12-20T07:30:00Z,17.6925
2025-12-20T08:00:00Z,18.522
2025-12-20T08:30:00Z,19.845
2025-12-20T09:00:00Z,18.984
2025-12-20T09:30:00Z,19.0995
2025-12-20T10:00:00Z,19.845
2025-12-20T10:30:00Z,18.711
2025-12-20T11:00:00Z,18.627
2025-12-20T11:30:00Z,18.081
2025-12-20T12:00:00Z,18.4065
2025-12-20T12:30:00Z,18.8055
2025-12-20T13:00:00Z,20.727
2025-12-20T13:30:00Z,19.9815
2025-12-20T14:00:00Z,19.425
2025-12-20T14:30:00Z,19.53
2025-12-20T15:00:00Z,19.8135
2025-12-20T15:30:00Z,21.063
2025-12-20T16:00:00Z,33.327
2025-12-20T16:30:00Z,33.6105
2025-12-20T17:00:00Z,33.5475
2025-12-20T17:30:00Z,33.9885
2025-12-20T18:00:00Z,33.936
2025-12-20T18:30:00Z,32.445
2025-12-20T19:00:00Z,19.1835
2025-12-20T19:30:00Z,18.081
2025-12-20T20:00:00Z,17.1675
2025-12-20T20:30:00Z,15.351
2025-12-20T21:00:00Z,16.9785
2025-12-20T21:30:00Z,16.5375
2025-12-20T22:00:00Z,16.5375
2025-12-20T22:30:00Z,15.1305
2025-12-20T23:00:00Z,16.5375
2025-12-20T23:30:00Z,16.38
2025-12-21T00:00:00Z,14.8785
2025-12-21T00:30:00Z,16.149
2025-12-21T01:00:00Z,16.0965
2025-12-21T01:30:00Z,15.6975
2025-12-21T02:00:00Z,16.0545
2025-12-21T02:30:00Z,15.33
2025-12-21T03:00:00Z,15.33
2025-12-21T03:30:00Z,15.582
2025-12-21T04:00:00Z,15.33
2025-12-21T04:30:00Z,15.33
2025-12-21T05:00:00Z,15.7185
2025-12-21T05:30:00Z,15.33
2025-12-21T06:00:00Z,16.0335
2025-12-21T06:30:00Z,16.212
2025-12-21T07:00:00Z,17.136
2025-12-21T07:30:00Z,18.354
2025-12-21T08:00:00Z,18.081
2025-12-21T08:30:00Z,18.7425
2025-12-21T09:00:00Z,18.585
2025-12-21T09:30:00Z,18.3855
2025-12-21T10:00:00Z,17.8605
2025-12-21T10:30:00Z,18.06
2025-12-21T11:00:00Z,19.1415
2025-12-21T11:30:00Z,19.635
2025-12-21T12:00:00Z,19.3095
2025-12-21T12:30:00Z,20.16
2025-12-21T13:00:00Z,20.643
2025-12-21T13:30:00Z,20.6745
2025-12-21T14:00:00Z,20.2335
2025-12-21T14:30:00Z,20.286
2025-12-21T15:00:00Z,19.278
2025-12-21T15:30:00Z,19.929
2025-12-21T16:00:00Z,31.437
2025-12-21T16:30:00Z,33.5895
2025-12-21T17:00:00Z,33.5475
2025-12-21T17:30:00Z,33.5475
2025-12-21T18:00:00Z,33.5475
2025-12-21T18:30:00Z,31.143
2025-12-21T19:00:00Z,17.766
2025-12-21T19:30:00Z,18.4905
2025-12-21T20:00:00Z,17.64
2025-12-21T20:30:00Z,17.535
2025-12-21T21:00:00Z,18.522
2025-12-21T21:30:00Z,16.9785
2025-12-21T22:00:00Z,17.64
2025-12-21T22:30:00Z,15.498
2025-12-21T23:00:00Z,14.3115
2025-12-21T23:30:00Z,13.8915
2025-12-22T00:00:00Z,12.7365
2025-12-22T00:30:00Z,13.671
2025-12-22T01:00:00Z,13.314
2025-12-22T01:30:00Z,12.012
2025-12-22T02:00:00Z,11.76
2025-12-22T02:30:00Z,12.369
2025-12-22T03:00:00Z,13.041
2025-12-22T03:30:00Z,12.369
2025-12-22T04:00:00Z,12.789
2025-12-22T04:30:00Z,10.584
2025-12-22T05:00:00Z,13.5975
2025-12-22T05:30:00Z,14.112
2025-12-22T06:00:00Z,14.952
2025-12-22T06:30:00Z,15.771
2025-12-22T07:00:00Z,17.976
2025-12-22T07:30:00Z,19.404
2025-12-22T08:00:00Z,17.7135
2025-12-22T08:30:00Z,18.7425
2025-12-22T09:00:00Z,18.102
2025-12-22T09:30:00Z,18.564
2025-12-22T10:00:00Z,17.598
2025-12-22T10:30:00Z,17.9025
2025-12-22T11:00:00Z,18.522
2025-12-22T11:30:00Z,17.5035
2025-12-22T12:00:00Z,18.2385
2025-12-22T12:30:00Z,18.3225
2025-12-22T13:00:00Z,19.047
2025-12-22T13:30:00Z,19.215
2025-12-22T14:00:00Z,20.727
2025-12-22T14:30:00Z,21.336
2025-12-22T15:00:00Z,19.53
2025-12-22T15:30:00Z,21.147
2025-12-22T16:00:00Z,33.6315
2025-12-22T16:30:00Z,34.482
2025-12-22T17:00:00Z,33.9885
2025-12-22T17:30:00Z,34.4295
2025-12-22T18:00:00Z,33.411
2025-12-22T18:30:00Z,32.55
2025-12-22T19:00:00Z,19.887
2025-12-22T19:30:00Z,18.858
2025-12-22T20:00:00Z,18.2385
2025-12-22T20:30:00Z,18.081
2025-12-22T21:00:00Z,18.2805
2025-12-22T21:30:00Z,17.766
2025-12-22T22:00:00Z,16.758
2025-12-22T22:30:00Z,14.994
2025-12-22T23:00:00Z,18.081
2025-12-22T23:30:00Z,16.7265
2025-12-23T00:00:00Z,16.506
2025-12-23T00:30:00Z,19.2045
2025-12-23T01:00:00Z,18.522
2025-12-23T01:30:00Z,16.485
2025-12-23T02:00:00Z,16.023
2025-12-23T02:30:00Z,15.4035
2025-12-23T03:00:00Z,14.973
2025-12-23T03:30:00Z,14.7735
2025-12-23T04:00:00Z,14.553
2025-12-23T04:30:00Z,14.3325
2025-12-23T05:00:00Z,14.553
2025-12-23T05:30:00Z,14.5005
2025-12-23T06:00:00Z,14.7735
2025-12-23T06:30:00Z,16.023
2025-12-23T07:00:00Z,14.7735
2025-12-23T07:30:00Z,17.1045
2025-12-23T08:00:00Z,16.317
2025-12-23T08:30:00Z,18.522
2025-12-23T09:00:00Z,18.3225
2025-12-23T09:30:00Z,18.7005
2025-12-23T10:00:00Z,18.7215
2025-12-23T10:30:00Z,18.816
2025-12-23T11:00:00Z,18.7425
2025-12-23T11:30:00Z,18.7425
2025-12-23T12:00:00Z,18.837
2025-12-23T12:30:00Z,19.089
2025-12-23T13:00:00Z,19.404
2025-12-23T13:30:00Z,19.404
2025-12-23T14:00:00Z,18.354
2025-12-23T14:30:00Z,18.522
2025-12-23T15:00:00Z,18.1335
2025-12-23T15:30:00Z,18.7425
2025-12-23T16:00:00Z,32.1405
2025-12-23T16:30:00Z,33.243
2025-12-23T17:00:00Z,31.92
2025-12-23T17:30:00Z,32.34
2025-12-23T18:00:00Z,32.3505
2025-12-23T18:30:00Z,31.626
2025-12-23T19:00:00Z,18.69
2025-12-23T19:30:00Z,18.5115
2025-12-23T20:00:00Z,18.0075
2025-12-23T20:30:00Z,17.6715
2025-12-23T21:00:00Z,17.598
2025-12-23T21:30:00Z,16.9155
2025-12-23T22:00:00Z,16.317
2025-12-23T22:30:00Z,15.6555
2025-12-23T23:00:00Z,15.6555
2025-12-23T23:30:00Z,12.348
2025-12-24T00:00:00Z,12.39
2025-12-24T00:30:00Z,14.7735
2025-12-24T01:00:00Z,14.112
2025-12-24T01:30:00Z,13.23
2025-12-24T02:00:00Z,13.23
2025-12-24T02:30:00Z,12.789
2025-12-24T03:00:00Z,12.432
2025-12-24T03:30:00Z,12.1275
2025-12-24T04:00:00Z,13.23
2025-12-24T04:30:00Z,13.23
2025-12-24T05:00:00Z,13.23
2025-12-24T05:30:00Z,13.23
2025-12-24T06:00:00Z,13.0935
2025-12-24T06:30:00Z,14.6895
2025-12-24T07:00:00Z,16.275
2025-12-24T07:30:00Z,16.863
2025-12-24T08:00:00Z,15.9705
2025-12-24T08:30:00Z,17.64
2025-12-24T09:00:00Z,17.5665
2025-12-24T09:30:00Z,18.102
2025-12-24T10:00:00Z,18.165
2025-12-24T10:30:00Z,18.039
2025-12-24T11:00:00Z,17.64
2025-12-24T11:30:00Z,17.304
2025-12-24T12:00:00Z,17.682
2025-12-24T12:30:00Z,18.2175
2025-12-24T13:00:00Z,18.7845
2025-12-24T13:30:00Z,19.404
2025-12-24T14:00:00Z,19.1835
2025-12-24T14:30:00Z,19.572
2025-12-24T15:00:00Z,17.766
2025-12-24T15:30:00Z,18.7425
2025-12-24T16:00:00Z,32.34
2025-12-24T16:30:00Z,32.6655
2025-12-24T17:00:00Z,31.0695
2025-12-24T17:30:00Z,31.563
2025-12-24T18:00:00Z,32.004
2025-12-24T18:30:00Z,31.122
2025-12-24T19:00:00Z,18.2175
2025-12-24T19:30:00Z,18.2805
2025-12-24T20:00:00Z,17.3145
2025-12-24T20:30:00Z,16.674
2025-12-24T21:00:00Z,17.1675
2025-12-24T21:30:00Z,16.317
2025-12-24T22:00:00Z,16.317
2025-12-24T22:30:00Z,16.317
2025-12-24T23:00:00Z,17.0625
2025-12-24T23:30:00Z,14.994
2025-12-25T00:00:00Z,14.7735
2025-12-25T00:30:00Z,15.9075
2025-12-25T01:00:00Z,14.994
2025-12-25T01:30:00Z,14.0805
2025-12-25T02:00:00Z,12.453
2025-12-25T02:30:00Z,11.5185
2025-12-25T03:00:00Z,11.2455
2025-12-25T03:30:00Z,11.718
2025-12-25T04:00:00Z,11.4135
2025-12-25T04:30:00Z,11.739
2025-12-25T05:00:00Z,11.025
2025-12-25T05:30:00Z,10.416
2025-12-25T06:00:00Z,8.946
2025-12-25T06:30:00Z,11.445
2025-12-25T07:00:00Z,11.466
2025-12-25T07:30:00Z,14.112
2025-12-25T08:00:00Z,16.3275
2025-12-25T08:30:00Z,19.194
2025-12-25T09:00:00Z,17.8185
2025-12-25T09:30:00Z,17.8815
2025-12-25T10:00:00Z,17.7975
2025-12-25T10:30:00Z,17.997
2025-12-25T11:00:00Z,17.577
2025-12-25T11:30:00Z,18.2175
2025-12-25T12:00:00Z,20.349
2025-12-25T12:30:00Z,20.286
2025-12-25T13:00:00Z,17.283
2025-12-25T13:30:00Z,18.7425
2025-12-25T14:00:00Z,19.446
2025-12-25T14:30:00Z,19.656
2025-12-25T15:00:00Z,19.572
2025-12-25T15:30:00Z,18.837
2025-12-25T16:00:00Z,31.983
2025-12-25T16:30:00Z,31.3215
2025-12-25T17:00:00Z,31.6995
2025-12-25T17:30:00Z,30.765
2025-12-25T18:00:00Z,30.765
2025-12-25T18:30:00Z,30.2295
2025-12-25T19:00:00Z,17.5035
2025-12-25T19:30:00Z,16.4955
2025-12-25T20:00:00Z,16.758
2025-12-25T20:30:00Z,16.611
2025-12-25T21:00:00Z,17.8605
2025-12-25T21:30:00Z,17.3985
2025-12-25T22:00:00Z,17.6925
2025-12-25T22:30:00Z,17.8815
2025-12-25T23:00:00Z,18.8685
2025-12-25T23:30:00Z,18.1335
2025-12-26T00:00:00Z,16.8
2025-12-26T00:30:00Z,18.2385
2025-12-26T01:00:00Z,16.9995
2025-12-26T01:30:00Z,16.149
2025-12-26T02:00:00Z,16.149
2025-12-26T02:30:00Z,15.9915
2025-12-26T03:00:00Z,15.876
2025-12-26T03:30:00Z,15.435
2025-12-26T04:00:00Z,16.002
2025-12-26T04:30:00Z,15.435
2025-12-26T05:00:00Z,15.6555
2025-12-26T05:30:00Z,15.855
2025-12-26T06:00:00Z,17.01
2025-12-26T06:30:00Z,17.199
2025-12-26T07:00:00Z,18.1335
2025-12-26T07:30:00Z,18.3015
2025-12-26T08:00:00Z,16.9785
2025-12-26T08:30:00Z,18.081
2025-12-26T09:00:00Z,16.779
2025-12-26T09:30:00Z,17.199
2025-12-26T10:00:00Z,16.8105
2025-12-26T10:30:00Z,16.9575
2025-12-26T11:00:00Z,17.409
2025-12-26T11:30:00Z,17.409
2025-12-26T12:00:00Z,17.913
2025-12-26T12:30:00Z,17.9235
2025-12-26T13:00:00Z,18.0075
2025-12-26T13:30:00Z,17.745
2025-12-26T14:00:00Z,19.74
2025-12-26T14:30:00Z,19.593
2025-12-26T15:00:00Z,19.404
2025-12-26T15:30:00Z,19.845
2025-12-26T16:00:00Z,33.6525
2025-12-26T16:30:00Z,33.9885
2025-12-26T17:00:00Z,32.445
2025-12-26T17:30:00Z,33.0855
2025-12-26T18:00:00Z,33.9255
2025-12-26T18:30:00Z,33.516
2025-12-26T19:00:00Z,20.9475
2025-12-26T19:30:00Z,19.761
2025-12-26T20:00:00Z,20.4435
2025-12-26T20:30:00Z,19.0995
2025-12-26T21:00:00Z,19.404
2025-12-26T21:30:00Z,17.7975
2025-12-26T22:00:00Z,18.7215
2025-12-26T22:30:00Z,17.7345
2025-12-26T23:00:00Z,18.522
2025-12-26T23:30:00Z,17.934
2025-12-27T00:00:00Z,17.6295
2025-12-27T00:30:00Z,18.3015
2025-12-27T01:00:00Z,17.9235
2025-12-27T01:30:00Z,16.905
2025-12-27T02:00:00Z,16.611
2025-12-27T02:30:00Z,17.199
2025-12-27T03:00:00Z,15.981
2025-12-27T03:30:00Z,14.616
2025-12-27T04:00:00Z,15.792
2025-12-27T04:30:00Z,14.847
2025-12-27T05:00:00Z,16.0965
2025-12-27T05:30:00Z,16.1175
2025-12-27T06:00:00Z,17.199
2025-12-27T06:30:00Z,17.199
2025-12-27T07:00:00Z,17.4195
2025-12-27T07:30:00Z,18.06
2025-12-27T08:00:00Z,17.4195
2025-12-27T08:30:00Z,18.2175
2025-12-27T09:00:00Z,17.64
2025-12-27T09:30:00Z,17.976
2025-12-27T10:00:00Z,17.745
2025-12-27T10:30:00Z,17.535
2025-12-27T11:00:00Z,16.8525
2025-12-27T11:30:00Z,16.4535
2025-12-27T12:00:00Z,16.6215
2025-12-27T12:30:00Z,16.863
2025-12-27T13:00:00Z,17.64
2025-12-27T13:30:00Z,16.653
2025-12-27T14:00:00Z,16.9365
2025-12-27T14:30:00Z,17.661
2025-12-27T15:00:00Z,18.207
2025-12-27T15:30:00Z,19.278
2025-12-27T16:00:00Z,32.0985
2025-12-27T16:30:00Z,33.474
2025-12-27T17:00:00Z,33.5475
2025-12-27T17:30:00Z,33.7575
2025-12-27T18:00:00Z,33.6105
2025-12-27T18:30:00Z,33.0435
2025-12-27T19:00:00Z,19.887
2025-12-27T19:30:00Z,18.963
2025-12-27T20:00:00Z,18.7425
2025-12-27T20:30:00Z,17.6715
2025-12-27T21:00:00Z,18.0915
2025-12-27T21:30:00Z,16.9995
2025-12-27T22:00:00Z,17.178
2025-12-27T22:30:00Z,15.2145
2025-12-27T23:00:00Z,16.905
2025-12-27T23:30:00Z,17.031
2025-12-28T00:00:00Z,16.233
2025-12-28T00:30:00Z,16.653
2025-12-28T01:00:00Z,16.5165
2025-12-28T01:30:00Z,16.0965
2025-12-28T02:00:00Z,16.0965
2025-12-28T02:30:00Z,16.0965
2025-12-28T03:00:00Z,16.1595
2025-12-28T03:30:00Z,15.876
2025-12-28T04:00:00Z,16.0965
2025-12-28T04:30:00Z,16.1385
2025-12-28T05:00:00Z,16.5375
2025-12-28T05:30:00Z,16.233
2025-12-28T06:00:00Z,17.4195
2025-12-28T06:30:00Z,17.3775
2025-12-28T07:00:00Z,17.661
2025-12-28T07:30:00Z,18.4695
2025-12-28T08:00:00Z,17.7975
2025-12-28T08:30:00Z,19.8765
2025-12-28T09:00:00Z,18.123
2025-12-28T09:30:00Z,19.404
2025-12-28T10:00:00Z,19.026
2025-12-28T10:30:00Z,19.824
2025-12-28T11:00:00Z,19.845
2025-12-28T11:30:00Z,19.6245
2025-12-28T12:00:00Z,18.48
2025-12-28T12:30:00Z,18.4485
2025-12-28T13:00:00Z,18.5535
2025-12-28T13:30:00Z,19.068
2025-12-28T14:00:00Z,18.9
2025-12-28T14:30:00Z,19.6665
2025-12-28T15:00:00Z,19.845
2025-12-28T15:30:00Z,21.3885
2025-12-28T16:00:00Z,33.9885
2025-12-28T16:30:00Z,34.8285
2025-12-28T17:00:00Z,35.2065
2025-12-28T17:30:00Z,35.385
2025-12-28T18:00:00Z,35.973
2025-12-28T18:30:00Z,34.4505
2025-12-28T19:00:00Z,23.205
2025-12-28T19:30:00Z,19.4145
2025-12-28T20:00:00Z,20.286
2025-12-28T20:30:00Z,18.354
2025-12-28T21:00:00Z,20.0655
2025-12-28T21:30:00Z,18.228
2025-12-28T22:00:00Z,19.887
2025-12-28T22:30:00Z,17.199
2025-12-28T23:00:00Z,18.081
2025-12-28T23:30:00Z,17.4195
2025-12-29T00:00:00Z,16.7055
2025-12-29T00:30:00Z,17.64
2025-12-29T01:00:00Z,16.9575
2025-12-29T01:30:00Z,16.2015
2025-12-29T02:00:00Z,15.876
2025-12-29T02:30:00Z,15.708
2025-12-29T03:00:00Z,15.5715
2025-12-29T03:30:00Z,15.5505
2025-12-29T04:00:00Z,16.0965
2025-12-29T04:30:00Z,15.435
2025-12-29T05:00:00Z,17.199
2025-12-29T05:30:00Z,16.317
2025-12-29T06:00:00Z,18.7215
2025-12-29T06:30:00Z,18.7635
2025-12-29T07:00:00Z,19.3305
2025-12-29T07:30:00Z,20.6745
2025-12-29T08:00:00Z,18.963
2025-12-29T08:30:00Z,20.2965
2025-12-29T09:00:00Z,19.6455
2025-12-29T09:30:00Z,20.0655
2025-12-29T10:00:00Z,19.488
2025-12-29T10:30:00Z,19.845
2025-12-29T11:00:00Z,19.9815
2025-12-29T11:30:00Z,20.202
2025-12-29T12:00:00Z,20.097
2025-12-29T12:30:00Z,20.2965
2025-12-29T13:00:00Z,20.223
2025-12-29T13:30:00Z,19.4985
2025-12-29T14:00:00Z,19.845
2025-12-29T14:30:00Z,19.6245
2025-12-29T15:00:00Z,19.8345
2025-12-29T15:30:00Z,19.95
2025-12-29T16:00:00Z,32.886
2025-12-29T16:30:00Z,32.886
2025-12-29T17:00:00Z,33.6315
2025-12-29T17:30:00Z,33.1065
2025-12-29T18:00:00Z,32.5605
2025-12-29T18:30:00Z,31.563
2025-12-29T19:00:00Z,18.3225
2025-12-29T19:30:00Z,17.64
2025-12-29T20:00:00Z,17.4195
2025-12-29T20:30:00Z,17.535
2025-12-29T21:00:00Z,17.493
2025-12-29T21:30:00Z,16.758
2025-12-29T22:00:00Z,16.7055
2025-12-29T22:30:00Z,14.3325
2025-12-29T23:00:00Z,17.4195
2025-12-29T23:30:00Z,16.758
2025-12-30T00:00:00Z,15.834
2025-12-30T00:30:00Z,16.8945
2025-12-30T01:00:00Z,16.653
2025-12-30T01:30:00Z,15.5925
2025-12-30T02:00:00Z,15.981
2025-12-30T02:30:00Z,15.54
2025-12-30T03:00:00Z,15.771
2025-12-30T03:30:00Z,15.498
2025-12-30T04:00:00Z,15.75
2025-12-30T04:30:00Z,15.5295
2025-12-30T05:00:00Z,16.317
2025-12-30T05:30:00Z,16.4745
2025-12-30T06:00:00Z,18.081
2025-12-30T06:30:00Z,16.9785
2025-12-30T07:00:00Z,15.876
2025-12-30T07:30:00Z,18.081
2025-12-30T08:00:00Z,17.0835
2025-12-30T08:30:00Z,19.4985
2025-12-30T09:00:00Z,18.3015
2025-12-30T09:30:00Z,18.417
2025-12-30T10:00:00Z,18.081
2025-12-30T10:30:00Z,18.3225
2025-12-30T11:00:00Z,18.7425
2025-12-30T11:30:00Z,18.858
2025-12-30T12:00:00Z,19.4565
2025-12-30T12:30:00Z,19.6245
2025-12-30T13:00:00Z,19.383
2025-12-30T13:30:00Z,19.383
2025-12-30T14:00:00Z,19.677
2025-12-30T14:30:00Z,19.761
2025-12-30T15:00:00Z,20.454
2025-12-30T15:30:00Z,21.3465
2025-12-30T16:00:00Z,34.062
2025-12-30T16:30:00Z,35.112
2025-12-30T17:00:00Z,34.209
2025-12-30T17:30:00Z,33.9885
2025-12-30T18:00:00Z,34.1565
2025-12-30T18:30:00Z,33.5475
2025-12-30T19:00:00Z,21.168
2025-12-30T19:30:00Z,19.425
2025-12-30T20:00:00Z,19.719
2025-12-30T20:30:00Z,18.522
2025-12-30T21:00:00Z,19.6875
2025-12-30T21:30:00Z,18.8055
2025-12-30T22:00:00Z,16.191
2025-12-30T22:30:00Z,15.876
2025-12-30T23:00:00Z,17.64
2025-12-30T23:30:00Z,18.27
2025-12-31T00:00:00Z,17.136
2025-12-31T00:30:00Z,18.417
2025-12-31T01:00:00Z,17.4195
2025-12-31T01:30:00Z,16.3695
2025-12-31T02:00:00Z,16.0965
2025-12-31T02:30:00Z,14.994
2025-12-31T03:00:00Z,14.994
2025-12-31T03:30:00Z,14.994
2025-12-31T04:00:00Z,15.435
2025-12-31T04:30:00Z,14.994
2025-12-31T05:00:00Z,16.0965
2025-12-31T05:30:00Z,15.876
2025-12-31T06:00:00Z,17.4195
2025-12-31T06:30:00Z,17.64
2025-12-31T07:00:00Z,17.199
2025-12-31T07:30:00Z,19.0155
2025-12-31T08:00:00Z,18.711
2025-12-31T08:30:00Z,20.286
2025-12-31T09:00:00Z,19.3935
2025-12-31T09:30:00Z,19.362
2025-12-31T10:00:00Z,19.6245
2025-12-31T10:30:00Z,18.9525
2025-12-31T11:00:00Z,17.325
2025-12-31T11:30:00Z,17.0835
2025-12-31T12:00:00Z,16.842
2025-12-31T12:30:00Z,17.0625
2025-12-31T13:00:00Z,17.724
2025-12-31T13:30:00Z,17.5875
2025-12-31T14:00:00Z,17.4195
2025-12-31T14:30:00Z,18.249
2025-12-31T15:00:00Z,19.6245
2025-12-31T15:30:00Z,21.609
2025-12-31T16:00:00Z,32.8125
2025-12-31T16:30:00Z,33.432
2025-12-31T17:00:00Z,33.5475
2025-12-31T17:30:00Z,33.5475
2025-12-31T18:00:00Z,32.802
2025-12-31T18:30:00Z,31.101
2025-12-31T19:00:00Z,17.199
2025-12-31T19:30:00Z,18.3015
2025-12-31T20:00:00Z,17.199
2025-12-31T20:30:00Z,16.212
2025-12-31T21:00:00Z,17.199
2025-12-31T21:30:00Z,16.1595
2025-12-31T22:00:00Z,16.317
2025-12-31T22:30:00Z,12.894
2025-12-31T23:00:00Z,16.758
2025-12-31T23:30:00Z,11.5395
2026-01-01T00:00:00Z,11.025
2026-01-01T00:30:00Z,14.448
2026-01-01T01:00:00Z,15.183
2026-01-01T01:30:00Z,11.256
2026-01-01T02:00:00Z,7.7175
2026-01-01T02:30:00Z,5.922
2026-01-01T03:00:00Z,5.5755
2026-01-01T03:30:00Z,3.3075
2026-01-01T04:00:00Z,6.8355
2026-01-01T04:30:00Z,6.174
2026-01-01T05:00:00Z,7.938
2026-01-01T05:30:00Z,6.174
2026-01-01T06:00:00Z,4.41
2026-01-01T06:30:00Z,5.9115
2026-01-01T07:00:00Z,5.523
2026-01-01T07:30:00Z,6.174
2026-01-01T08:00:00Z,3.36
2026-01-01T08:30:00Z,6.4995
2026-01-01T09:00:00Z,2.4255
2026-01-01T09:30:00Z,5.439
2026-01-01T10:00:00Z,5.649
2026-01-01T10:30:00Z,6.531
2026-01-01T11:00:00Z,6.7305
2026-01-01T11:30:00Z,7.2765
2026-01-01T12:00:00Z,4.6305
2026-01-01T12:30:00Z,5.9115
2026-01-01T13:00:00Z,7.6755
2026-01-01T13:30:00Z,7.7595
2026-01-01T14:00:00Z,6.594
2026-01-01T14:30:00Z,11.004
2026-01-01T15:00:00Z,12.789
2026-01-01T15:30:00Z,15.6555
2026-01-01T16:00:00Z,30.3555
2026-01-01T16:30:00Z,32.2245
2026-01-01T17:00:00Z,31.416
2026-01-01T17:30:00Z,31.1325
2026-01-01T18:00:00Z,30.891
2026-01-01T18:30:00Z,30.513
2026-01-01T19:00:00Z,16.317
2026-01-01T19:30:00Z,14.3535
2026-01-01T20:00:00Z,16.317
2026-01-01T20:30:00Z,12.1275
2026-01-01T21:00:00Z,15.435
2026-01-01T21:30:00Z,10.815
2026-01-01T22:00:00Z,13.7865
2026-01-01T22:30:00Z,8.3475
2026-01-01T23:00:00Z,7.7595
2026-01-01T23:30:00Z,7.7595
2026-01-02T00:00:00Z,3.528
2026-01-02T00:30:00Z,6.342
2026-01-02T01:00:00Z,6.7095
2026-01-02T01:30:00Z,4.935
2026-01-02T02:00:00Z,5.5125
2026-01-02T02:30:00Z,5.9535
2026-01-02T03:00:00Z,6.8355
2026-01-02T03:30:00Z,6.5625
2026-01-02T04:00:00Z,6.174
2026-01-02T04:30:00Z,6.342
2026-01-02T05:00:00Z,7.3815
2026-01-02T05:30:00Z,8.82
2026-01-02T06:00:00Z,11.319
2026-01-02T06:30:00Z,17.4195
2026-01-02T07:00:00Z,15.771
2026-01-02T07:30:00Z,20.2545
2026-01-02T08:00:00Z,17.829
2026-01-02T08:30:00Z,19.7925
2026-01-02T09:00:00Z,20.4645
2026-01-02T09:30:00Z,17.724
2026-01-02T10:00:00Z,18.417
2026-01-02T10:30:00Z,17.199
2026-01-02T11:00:00Z,16.842
2026-01-02T11:30:00Z,16.8105
2026-01-02T12:00:00Z,16.8105
2026-01-02T12:30:00Z,16.3905
2026-01-02T13:00:00Z,16.8105
2026-01-02T13:30:00Z,16.7895
2026-01-02T14:00:00Z,17.2515
2026-01-02T14:30:00Z,17.073
2026-01-02T15:00:00Z,16.8105
2026-01-02T15:30:00Z,18.879
2026-01-02T16:00:00Z,32.886
2026-01-02T16:30:00Z,35.133
2026-01-02T17:00:00Z,33.7365
2026-01-02T17:30:00Z,33.894
2026-01-02T18:00:00Z,34.503
2026-01-02T18:30:00Z,33.1065
2026-01-02T19:00:00Z,19.6245
2026-01-02T19:30:00Z,18.06
2026-01-02T20:00:00Z,18.375
2026-01-02T20:30:00Z,16.086
2026-01-02T21:00:00Z,18.102
2026-01-02T21:30:00Z,17.514
2026-01-02T22:00:00Z,17.2095
2026-01-02T22:30:00Z,16.1595
2026-01-02T23:00:00Z,19.131
2026-01-02T23:30:00Z,16.9785
2026-01-03T00:00:00Z,15.6345
2026-01-03T00:30:00Z,17.199
2026-01-03T01:00:00Z,17.304
2026-01-03T01:30:00Z,15.5505
2026-01-03T02:00:00Z,16.317
2026-01-03T02:30:00Z,15.246
2026-01-03T03:00:00Z,16.0965
2026-01-03T03:30:00Z,16.317
2026-01-03T04:00:00Z,16.2015
2026-01-03T04:30:00Z,17.094
2026-01-03T05:00:00Z,16.9785
2026-01-03T05:30:00Z,15.939
2026-01-03T06:00:00Z,16.002
2026-01-03T06:30:00Z,16.758
2026-01-03T07:00:00Z,16.9995
2026-01-03T07:30:00Z,18.3225
2026-01-03T08:00:00Z,17.85
2026-01-03T08:30:00Z,20.139
2026-01-03T09:00:00Z,18.9735
2026-01-03T09:30:00Z,19.026
2026-01-03T10:00:00Z,18.606
2026-01-03T10:30:00Z,17.64
2026-01-03T11:00:00Z,17.304
2026-01-03T11:30:00Z,17.199
2026-01-03T12:00:00Z,17.157
2026-01-03T12:30:00Z,17.052
2026-01-03T13:00:00Z,17.4195
2026-01-03T13:30:00Z,17.241
2026-01-03T14:00:00Z,18.522
2026-01-03T14:30:00Z,17.8605
2026-01-03T15:00:00Z,19.2255
2026-01-03T15:30:00Z,21.3885
2026-01-03T16:00:00Z,33.5895
2026-01-03T16:30:00Z,35.0595
2026-01-03T17:00:00Z,33.9885
2026-01-03T17:30:00Z,34.4295
2026-01-03T18:00:00Z,35.2485
2026-01-03T18:30:00Z,33.8835
2026-01-03T19:00:00Z,20.3175
2026-01-03T19:30:00Z,18.963
2026-01-03T20:00:00Z,17.8605
2026-01-03T20:30:00Z,17.64
2026-01-03T21:00:00Z,18.6585
2026-01-03T21:30:00Z,18.081
2026-01-03T22:00:00Z,17.64
2026-01-03T22:30:00Z,16.317
2026-01-03T23:00:00Z,19.404
2026-01-03T23:30:00Z,17.4615
2026-01-04T00:00:00Z,17.1675
2026-01-04T00:30:00Z,17.64
2026-01-04T01:00:00Z,17.7975
2026-01-04T01:30:00Z,17.1675
2026-01-04T02:00:00Z,17.3775
2026-01-04T02:30:00Z,16.758
2026-01-04T03:00:00Z,16.8
2026-01-04T03:30:00Z,17.157
2026-01-04T04:00:00Z,17.157
2026-01-04T04:30:00Z,17.64
2026-01-04T05:00:00Z,17.1675
2026-01-04T05:30:00Z,16.3695
2026-01-04T06:00:00Z,17.304
2026-01-04T06:30:00Z,17.1675
2026-01-04T07:00:00Z,16.9155
2026-01-04T07:30:00Z,17.7135
2026-01-04T08:00:00Z,18.123
2026-01-04T08:30:00Z,20.5065
2026-01-04T09:00:00Z,18.9315
2026-01-04T09:30:00Z,20.3175
2026-01-04T10:00:00Z,19.131
2026-01-04T10:30:00Z,18.963
2026-01-04T11:00:00Z,18.7425
2026-01-04T11:30:00Z,18.7005
2026-01-04T12:00:00Z,17.8605
2026-01-04T12:30:00Z,17.283
2026-01-04T13:00:00Z,18.5535
2026-01-04T13:30:00Z,18.4485
2026-01-04T14:00:00Z,19.047
2026-01-04T14:30:00Z,18.7425
2026-01-04T15:00:00Z,19.6245
2026-01-04T15:30:00Z,21.8295
2026-01-04T16:00:00Z,34.65
2026-01-04T16:30:00Z,35.091
2026-01-04T17:00:00Z,35.091
2026-01-04T17:30:00Z,34.65
2026-01-04T18:00:00Z,35.679
2026-01-04T18:30:00Z,34.65
2026-01-04T19:00:00Z,22.05
2026-01-04T19:30:00Z,20.139
2026-01-04T20:00:00Z,20.727
2026-01-04T20:30:00Z,19.4145
2026-01-04T21:00:00Z,20.433
2026-01-04T21:30:00Z,18.816
2026-01-04T22:00:00Z,17.241
2026-01-04T22:30:00Z,14.763
2026-01-04T23:00:00Z,17.808
2026-01-04T23:30:00Z,16.758
2026-01-05T00:00:00Z,16.5375
2026-01-05T00:30:00Z,17.4405
2026-01-05T01:00:00Z,17.3355
2026-01-05T01:30:00Z,16.653
2026-01-05T02:00:00Z,16.9785
2026-01-05T02:30:00Z,16.758
2026-01-05T03:00:00Z,17.157
2026-01-05T03:30:00Z,16.4745
2026-01-05T04:00:00Z,17.2725
2026-01-05T04:30:00Z,16.317
2026-01-05T05:00:00Z,17.64
2026-01-05T05:30:00Z,16.317
2026-01-05T06:00:00Z,21.4725
2026-01-05T06:30:00Z,22.428
2026-01-05T07:00:00Z,26.0505
2026-01-05T07:30:00Z,30.9015
2026-01-05T08:00:00Z,28.119
2026-01-05T08:30:00Z,30.87
2026-01-05T09:00:00Z,26.691
2026-01-05T09:30:00Z,27.048
2026-01-05T10:00:00Z,25.4625
2026-01-05T10:30:00Z,25.137
2026-01-05T11:00:00Z,23.9925
2026-01-05T11:30:00Z,23.6985
2026-01-05T12:00:00Z,24.318
2026-01-05T12:30:00Z,24.255
2026-01-05T13:00:00Z,24.591
2026-01-05T13:30:00Z,24.4965
2026-01-05T14:00:00Z,27.342
2026-01-05T14:30:00Z,27.447
2026-01-05T15:00:00Z,32.088
2026-01-05T15:30:00Z,33.957
2026-01-05T16:00:00Z,49.8645
2026-01-05T16:30:00Z,55.524
2026-01-05T17:00:00Z,49.8645
2026-01-05T17:30:00Z,51.471
2026-01-05T18:00:00Z,49.8645
2026-01-05T18:30:00Z,49.896
2026-01-05T19:00:00Z,28.4025
2026-01-05T19:30:00Z,24.066
2026-01-05T20:00:00Z,27.5625
2026-01-05T20:30:00Z,24.9165
2026-01-05T21:00:00Z,26.187
2026-01-05T21:30:00Z,20.727
2026-01-05T22:00:00Z,23.2575
2026-01-05T22:30:00Z,19.8345
2026-01-05T23:00:00Z,18.3015
2026-01-05T23:30:00Z,18.3015
2026-01-06T00:00:00Z,17.6715
2026-01-06T00:30:00Z,18.4905
2026-01-06T01:00:00Z,18.123
2026-01-06T01:30:00Z,17.64
2026-01-06T02:00:00Z,17.556
2026-01-06T02:30:00Z,17.556
2026-01-06T03:00:00Z,17.4195
2026-01-06T03:30:00Z,17.199
2026-01-06T04:00:00Z,19.1835
2026-01-06T04:30:00Z,17.64
2026-01-06T05:00:00Z,19.047
2026-01-06T05:30:00Z,19.7085
2026-01-06T06:00:00Z,22.05
2026-01-06T06:30:00Z,25.7565
2026-01-06T07:00:00Z,23.7825
2026-01-06T07:30:00Z,28.0875
2026-01-06T08:00:00Z,28.1085
2026-01-06T08:30:00Z,31.626
2026-01-06T09:00:00Z,28.686
2026-01-06T09:30:00Z,29.736
2026-01-06T10:00:00Z,28.392
2026-01-06T10:30:00Z,26.901
2026-01-06T11:00:00Z,26.46
2026-01-06T11:30:00Z,25.1475
2026-01-06T12:00:00Z,26.04
2026-01-06T12:30:00Z,25.578
2026-01-06T13:00:00Z,24.696
2026-01-06T13:30:00Z,23.709
2026-01-06T14:00:00Z,24.549
2026-01-06T14:30:00Z,24.654
2026-01-06T15:00:00Z,25.662
2026-01-06T15:30:00Z,26.6595
2026-01-06T16:00:00Z,37.737
2026-01-06T16:30:00Z,40.467
2026-01-06T17:00:00Z,39.942
2026-01-06T17:30:00Z,40.005
2026-01-06T18:00:00Z,38.22
2026-01-06T18:30:00Z,36.057
2026-01-06T19:00:00Z,22.974
2026-01-06T19:30:00Z,21.9765
2026-01-06T20:00:00Z,20.811
2026-01-06T20:30:00Z,19.0995
2026-01-06T21:00:00Z,20.286
2026-01-06T21:30:00Z,18.3015
2026-01-06T22:00:00Z,18.522
2026-01-06T22:30:00Z,16.758
2026-01-06T23:00:00Z,17.8605
2026-01-06T23:30:00Z,17.199
2026-01-07T00:00:00Z,16.716
2026-01-07T00:30:00Z,18.0495
2026-01-07T01:00:00Z,16.9785
2026-01-07T01:30:00Z,15.6555
2026-01-07T02:00:00Z,15.876
2026-01-07T02:30:00Z,16.0335
2026-01-07T03:00:00Z,16.569
2026-01-07T03:30:00Z,15.771
2026-01-07T04:00:00Z,15.6555
2026-01-07T04:30:00Z,15.54
2026-01-07T05:00:00Z,16.6845
2026-01-07T05:30:00Z,16.2855
2026-01-07T06:00:00Z,15.876
2026-01-07T06:30:00Z,17.8605
2026-01-07T07:00:00Z,17.4405
2026-01-07T07:30:00Z,21.567
2026-01-07T08:00:00Z,21.8295
2026-01-07T08:30:00Z,22.2285
2026-01-07T09:00:00Z,20.727
2026-01-07T09:30:00Z,20.5905
2026-01-07T10:00:00Z,19.9395
2026-01-07T10:30:00Z,19.7505
2026-01-07T11:00:00Z,18.438
2026-01-07T11:30:00Z,18.606
2026-01-07T12:00:00Z,18.774
2026-01-07T12:30:00Z,18.7845
2026-01-07T13:00:00Z,19.026
2026-01-07T13:30:00Z,19.782
2026-01-07T14:00:00Z,19.1835
2026-01-07T14:30:00Z,20.9475
2026-01-07T15:00:00Z,21.8295
2026-01-07T15:30:00Z,25.3575
2026-01-07T16:00:00Z,34.923
2026-01-07T16:30:00Z,37.9575
2026-01-07T17:00:00Z,37.9575
2026-01-07T17:30:00Z,38.8395
2026-01-07T18:00:00Z,37.9785
2026-01-07T18:30:00Z,38.325
2026-01-07T19:00:00Z,24.675
2026-01-07T19:30:00Z,23.1525
2026-01-07T20:00:00Z,21.8715
2026-01-07T20:30:00Z,20.391
2026-01-07T21:00:00Z,19.257
2026-01-07T21:30:00Z,18.3015
2026-01-07T22:00:00Z,17.22
2026-01-07T22:30:00Z,16.5375
2026-01-07T23:00:00Z,17.4615
2026-01-07T23:30:00Z,17.4195
2026-01-08T00:00:00Z,16.611
2026-01-08T00:30:00Z,16.9575
2026-01-08T01:00:00Z,16.5375
2026-01-08T01:30:00Z,16.065
2026-01-08T02:00:00Z,16.6635
2026-01-08T02:30:00Z,16.317
2026-01-08T03:00:00Z,16.065
2026-01-08T03:30:00Z,15.435
2026-01-08T04:00:00Z,15.96
2026-01-08T04:30:00Z,15.435
2026-01-08T05:00:00Z,19.404
2026-01-08T05:30:00Z,18.564
2026-01-08T06:00:00Z,19.404
2026-01-08T06:30:00Z,28.665
2026-01-08T07:00:00Z,33.075
2026-01-08T07:30:00Z,46.746
2026-01-08T08:00:00Z,46.305
2026-01-08T08:30:00Z,52.92
2026-01-08T09:00:00Z,52.521
2026-01-08T09:30:00Z,41.2335
2026-01-08T10:00:00Z,42.5565
2026-01-08T10:30:00Z,48.5625
2026-01-08T11:00:00Z,44.982
2026-01-08T11:30:00Z,49.6755
2026-01-08T12:00:00Z,55.125
2026-01-08T12:30:00Z,55.125
2026-01-08T13:00:00Z,52.92
2026-01-08T13:30:00Z,55.125
2026-01-08T14:00:00Z,56.448
2026-01-08T14:30:00Z,56.448
2026-01-08T15:00:00Z,50.9775
2026-01-08T15:30:00Z,59.724
2026-01-08T16:00:00Z,60.291
2026-01-08T16:30:00Z,66.402
2026-01-08T17:00:00Z,55.377
2026-01-08T17:30:00Z,51.093
2026-01-08T18:00:00Z,41.8635
2026-01-08T18:30:00Z,40.6035
2026-01-08T19:00:00Z,22.407
2026-01-08T19:30:00Z,22.05
2026-01-08T20:00:00Z,20.6955
2026-01-08T20:30:00Z,19.1835
2026-01-08T21:00:00Z,21.42
2026-01-08T21:30:00Z,17.8605
2026-01-08T22:00:00Z,18.7425
2026-01-08T22:30:00Z,16.5375
2026-01-08T23:00:00Z,16.758
2026-01-08T23:30:00Z,16.758
2026-01-09T00:00:00Z,16.5585
2026-01-09T00:30:00Z,17.64
2026-01-09T01:00:00Z,16.821
2026-01-09T01:30:00Z,16.3485
2026-01-09T02:00:00Z,16.17
2026-01-09T02:30:00Z,16.0965
2026-01-09T03:00:00Z,15.9075
2026-01-09T03:30:00Z,15.3195
2026-01-09T04:00:00Z,15.9285
2026-01-09T04:30:00Z,16.317
2026-01-09T05:00:00Z,16.317
2026-01-09T05:30:00Z,16.9575
2026-01-09T06:00:00Z,17.5455
2026-01-09T06:30:00Z,17.4195
2026-01-09T07:00:00Z,18.186
2026-01-09T07:30:00Z,19.4565
2026-01-09T08:00:00Z,19.3515
2026-01-09T08:30:00Z,19.8135
2026-01-09T09:00:00Z,20.9895
2026-01-09T09:30:00Z,21.0735
2026-01-09T10:00:00Z,20.895
2026-01-09T10:30:00Z,20.727
2026-01-09T11:00:00Z,19.8975
2026-01-09T11:30:00Z,20.2335
2026-01-09T12:00:00Z,20.1705
2026-01-09T12:30:00Z,19.404
2026-01-09T13:00:00Z,18.9735
2026-01-09T13:30:00Z,18.8895
2026-01-09T14:00:00Z,18.942
2026-01-09T14:30:00Z,18.963
2026-01-09T15:00:00Z,18.522
2026-01-09T15:30:00Z,19.5615
2026-01-09T16:00:00Z,32.214
2026-01-09T16:30:00Z,35.3115
2026-01-09T17:00:00Z,34.1775
2026-01-09T17:30:00Z,34.482
2026-01-09T18:00:00Z,34.272
2026-01-09T18:30:00Z,33.432
2026-01-09T19:00:00Z,18.9525
2026-01-09T19:30:00Z,18.984
2026-01-09T20:00:00Z,18.396
2026-01-09T20:30:00Z,17.8605
2026-01-09T21:00:00Z,18.081
2026-01-09T21:30:00Z,18.081
2026-01-09T22:00:00Z,17.199
2026-01-09T22:30:00Z,16.632
2026-01-09T23:00:00Z,16.5375
2026-01-09T23:30:00Z,16.0965
2026-01-10T00:00:00Z,16.317
2026-01-10T00:30:00Z,17.157
2026-01-10T01:00:00Z,17.094
2026-01-10T01:30:00Z,16.317
2026-01-10T02:00:00Z,16.821
2026-01-10T02:30:00Z,16.6845
2026-01-10T03:00:00Z,16.3905
2026-01-10T03:30:00Z,16.0965
2026-01-10T04:00:00Z,16.107
2026-01-10T04:30:00Z,16.17
2026-01-10T05:00:00Z,16.4535
2026-01-10T05:30:00Z,16.716
2026-01-10T06:00:00Z,16.5375
2026-01-10T06:30:00Z,16.5375
2026-01-10T07:00:00Z,17.703
2026-01-10T07:30:00Z,18.522
2026-01-10T08:00:00Z,17.9445
2026-01-10T08:30:00Z,19.6245
2026-01-10T09:00:00Z,19.5615
2026-01-10T09:30:00Z,20.2545
2026-01-10T10:00:00Z,19.677
2026-01-10T10:30:00Z,19.1415
2026-01-10T11:00:00Z,19.131
2026-01-10T11:30:00Z,18.312
2026-01-10T12:00:00Z,18.585
2026-01-10T12:30:00Z,19.1835
2026-01-10T13:00:00Z,19.95
2026-01-10T13:30:00Z,18.6585
2026-01-10T14:00:00Z,19.845
2026-01-10T14:30:00Z,19.845
2026-01-10T15:00:00Z,21.8295
2026-01-10T15:30:00Z,21.8295
2026-01-10T16:00:00Z,36.4035
2026-01-10T16:30:00Z,39.3225
2026-01-10T17:00:00Z,36.75
2026-01-10T17:30:00Z,37.5795
2026-01-10T18:00:00Z,38.8395
2026-01-10T18:30:00Z,36.1725
2026-01-10T19:00:00Z,23.0685
2026-01-10T19:30:00Z,19.236
2026-01-10T20:00:00Z,19.7925
2026-01-10T20:30:00Z,19.1205
2026-01-10T21:00:00Z,19.362
2026-01-10T21:30:00Z,19.0155
2026-01-10T22:00:00Z,18.3015
2026-01-10T22:30:00Z,17.766
2026-01-10T23:00:00Z,18.963
2026-01-10T23:30:00Z,19.0155
2026-01-11T00:00:00Z,17.199
2026-01-11T00:30:00Z,18.522
2026-01-11T01:00:00Z,17.199
2026-01-11T01:30:00Z,16.8105
2026-01-11T02:00:00Z,16.5375
2026-01-11T02:30:00Z,15.036
2026-01-11T03:00:00Z,15.813
2026-01-11T03:30:00Z,15.939
2026-01-11T04:00:00Z,16.2015
2026-01-11T04:30:00Z,15.9915
2026-01-11T05:00:00Z,16.065
2026-01-11T05:30:00Z,16.0335
2026-01-11T06:00:00Z,16.5375
2026-01-11T06:30:00Z,16.5375
2026-01-11T07:00:00Z,16.359
2026-01-11T07:30:00Z,17.43
2026-01-11T08:00:00Z,17.199
2026-01-11T08:30:00Z,19.803
2026-01-11T09:00:00Z,18.3015
2026-01-11T09:30:00Z,19.467
2026-01-11T10:00:00Z,18.081
2026-01-11T10:30:00Z,17.9235
2026-01-11T11:00:00Z,18.333
2026-01-11T11:30:00Z,19.6245
2026-01-11T12:00:00Z,18.3225
2026-01-11T12:30:00Z,18.7215
2026-01-11T13:00:00Z,18.7425
2026-01-11T13:30:00Z,17.829
2026-01-11T14:00:00Z,18.8895
2026-01-11T14:30:00Z,18.816
2026-01-11T15:00:00Z,18.8265
2026-01-11T15:30:00Z,20.0655
2026-01-11T16:00:00Z,32.6655
2026-01-11T16:30:00Z,33.7785
2026-01-11T17:00:00Z,32.886
2026-01-11T17:30:00Z,33.5475
2026-01-11T18:00:00Z,33.7785
2026-01-11T18:30:00Z,32.445
2026-01-11T19:00:00Z,19.089
2026-01-11T19:30:00Z,16.989
2026-01-11T20:00:00Z,17.8605
2026-01-11T20:30:00Z,16.9365
2026-01-11T21:00:00Z,19.3725
2026-01-11T21:30:00Z,16.422
2026-01-11T22:00:00Z,17.64
2026-01-11T22:30:00Z,13.272
2026-01-11T23:00:00Z,14.8155
2026-01-11T23:30:00Z,13.377
2026-01-12T00:00:00Z,13.0095
2026-01-12T00:30:00Z,14.3745
2026-01-12T01:00:00Z,14.112
2026-01-12T01:30:00Z,13.377
2026-01-12T02:00:00Z,14.28
2026-01-12T02:30:00Z,13.44
2026-01-12T03:00:00Z,13.671
2026-01-12T03:30:00Z,13.377
2026-01-12T04:00:00Z,13.377
2026-01-12T04:30:00Z,12.9255
2026-01-12T05:00:00Z,14.994
2026-01-12T05:30:00Z,17.5665
2026-01-12T06:00:00Z,17.388
2026-01-12T06:30:00Z,18.7425
2026-01-12T07:00:00Z,18.081
2026-01-12T07:30:00Z,21.168
2026-01-12T08:00:00Z,18.9105
2026-01-12T08:30:00Z,19.1835
2026-01-12T09:00:00Z,18.522
2026-01-12T09:30:00Z,18.333
2026-01-12T10:00:00Z,17.9865
2026-01-12T10:30:00Z,17.9445
2026-01-12T11:00:00Z,17.934
2026-01-12T11:30:00Z,17.6295
2026-01-12T12:00:00Z,18.018
2026-01-12T12:30:00Z,17.808
2026-01-12T13:00:00Z,17.9025
2026-01-12T13:30:00Z,17.64
2026-01-12T14:00:00Z,18.144
2026-01-12T14:30:00Z,18.3225
2026-01-12T15:00:00Z,18.3645
2026-01-12T15:30:00Z,18.963
2026-01-12T16:00:00Z,33.327
2026-01-12T16:30:00Z,34.65
2026-01-12T17:00:00Z,33.5895
2026-01-12T17:30:00Z,34.4295
2026-01-12T18:00:00Z,33.7785
2026-01-12T18:30:00Z,33.327
2026-01-12T19:00:00Z,19.5825
2026-01-12T19:30:00Z,19.5405
2026-01-12T20:00:00Z,18.102
2026-01-12T20:30:00Z,18.3015
2026-01-12T21:00:00Z,17.85
2026-01-12T21:30:00Z,17.7765
2026-01-12T22:00:00Z,18.123
2026-01-12T22:30:00Z,16.296
2026-01-12T23:00:00Z,17.64
2026-01-12T23:30:00Z,17.3775
2026-01-13T00:00:00Z,16.989
2026-01-13T00:30:00Z,17.64
2026-01-13T01:00:00Z,17.64
2026-01-13T01:30:00Z,17.3775
2026-01-13T02:00:00Z,17.157
2026-01-13T02:30:00Z,16.758
2026-01-13T03:00:00Z,16.758
2026-01-13T03:30:00Z,16.758
2026-01-13T04:00:00Z,17.199
2026-01-13T04:30:00Z,17.199
2026-01-13T05:00:00Z,19.1835
2026-01-13T05:30:00Z,18.543
2026-01-13T06:00:00Z,19.1415
2026-01-13T06:30:00Z,19.2255
2026-01-13T07:00:00Z,19.1835
2026-01-13T07:30:00Z,21.609
2026-01-13T08:00:00Z,22.0185
2026-01-13T08:30:00Z,22.932
2026-01-13T09:00:00Z,22.05
2026-01-13T09:30:00Z,20.727
2026-01-13T10:00:00Z,21.168
2026-01-13T10:30:00Z,21.8085
2026-01-13T11:00:00Z,21.3885
2026-01-13T11:30:00Z,21.3885
2026-01-13T12:00:00Z,21.0
2026-01-13T12:30:00Z,20.58
2026-01-13T13:00:00Z,19.845
2026-01-13T13:30:00Z,18.963
2026-01-13T14:00:00Z,19.1835
2026-01-13T14:30:00Z,18.522
2026-01-13T15:00:00Z,19.95
2026-01-13T15:30:00Z,21.168
2026-01-13T16:00:00Z,32.6865
2026-01-13T16:30:00Z,36.1515
2026-01-13T17:00:00Z,34.209
2026-01-13T17:30:00Z,34.23
2026-01-13T18:00:00Z,33.1065
2026-01-13T18:30:00Z,32.151
2026-01-13T19:00:00Z,19.404
2026-01-13T19:30:00Z,19.95
2026-01-13T20:00:00Z,19.404
2026-01-13T20:30:00Z,18.081
2026-01-13T21:00:00Z,18.459
2026-01-13T21:30:00Z,17.9445
2026-01-13T22:00:00Z,17.745
2026-01-13T22:30:00Z,17.577
2026-01-13T23:00:00Z,18.7425
2026-01-13T23:30:00Z,18.522
2026-01-14T00:00:00Z,18.3435
2026-01-14T00:30:00Z,18.7425
2026-01-14T01:00:00Z,18.7425
2026-01-14T01:30:00Z,18.6165
2026-01-14T02:00:00Z,18.06
2026-01-14T02:30:00Z,17.304
2026-01-14T03:00:00Z,18.1545
2026-01-14T03:30:00Z,17.829
2026-01-14T04:00:00Z,18.7425
2026-01-14T04:30:00Z,17.5035
2026-01-14T05:00:00Z,19.404
2026-01-14T05:30:00Z,19.1835
2026-01-14T06:00:00Z,20.0655
2026-01-14T06:30:00Z,20.286
2026-01-14T07:00:00Z,22.596
2026-01-14T07:30:00Z,24.3495
2026-01-14T08:00:00Z,23.814
2026-01-14T08:30:00Z,24.0345
2026-01-14T09:00:00Z,22.932
2026-01-14T09:30:00Z,21.546
2026-01-14T10:00:00Z,20.286
2026-01-14T10:30:00Z,20.286
2026-01-14T11:00:00Z,19.761
2026-01-14T11:30:00Z,18.921
2026-01-14T12:00:00Z,20.055
2026-01-14T12:30:00Z,19.5615
2026-01-14T13:00:00Z,20.286
2026-01-14T13:30:00Z,20.2335
2026-01-14T14:00:00Z,21.483
2026-01-14T14:30:00Z,21.8295
2026-01-14T15:00:00Z,22.05
2026-01-14T15:30:00Z,24.0135
2026-01-14T16:00:00Z,37.296
2026-01-14T16:30:00Z,41.622
2026-01-14T17:00:00Z,41.685
2026-01-14T17:30:00Z,42.063
2026-01-14T18:00:00Z,43.2495
2026-01-14T18:30:00Z,38.976
2026-01-14T19:00:00Z,22.2495
2026-01-14T19:30:00Z,20.9475
2026-01-14T20:00:00Z,21.819
2026-01-14T20:30:00Z,20.286
2026-01-14T21:00:00Z,19.5615
2026-01-14T21:30:00Z,18.963
2026-01-14T22:00:00Z,17.682
2026-01-14T22:30:00Z,17.64
2026-01-14T23:00:00Z,18.9105
2026-01-14T23:30:00Z,18.9105
2026-01-15T00:00:00Z,17.8605
2026-01-15T00:30:00Z,19.0365
2026-01-15T01:00:00Z,18.039
2026-01-15T01:30:00Z,17.4195
2026-01-15T02:00:00Z,17.3355
2026-01-15T02:30:00Z,17.4195
2026-01-15T03:00:00Z,17.4195
2026-01-15T03:30:00Z,16.7475
2026-01-15T04:00:00Z,17.2935
2026-01-15T04:30:00Z,17.4195
2026-01-15T05:00:00Z,18.9105
2026-01-15T05:30:00Z,18.522
2026-01-15T06:00:00Z,20.0445
2026-01-15T06:30:00Z,20.391
2026-01-15T07:00:00Z,20.433
2026-01-15T07:30:00Z,23.73
2026-01-15T08:00:00Z,21.1785
2026-01-15T08:30:00Z,21.8295
2026-01-15T09:00:00Z,21.168
2026-01-15T09:30:00Z,21.3465
2026-01-15T10:00:00Z,21.168
2026-01-15T10:30:00Z,21.3675
2026-01-15T11:00:00Z,23.037
2026-01-15T11:30:00Z,24.0345
2026-01-15T12:00:00Z,21.609
2026-01-15T12:30:00Z,21.273
2026-01-15T13:00:00Z,22.932
2026-01-15T13:30:00Z,21.9135
2026-01-15T14:00:00Z,24.171
2026-01-15T14:30:00Z,24.9165
2026-01-15T15:00:00Z,24.339
2026-01-15T15:30:00Z,25.8615
2026-01-15T16:00:00Z,36.75
2026-01-15T16:30:00Z,39.7215
2026-01-15T17:00:00Z,37.3695
2026-01-15T17:30:00Z,37.9995
2026-01-15T18:00:00Z,36.1935
2026-01-15T18:30:00Z,35.301
2026-01-15T19:00:00Z,24.1605
2026-01-15T19:30:00Z,22.2075
2026-01-15T20:00:00Z,21.0945
2026-01-15T20:30:00Z,21.168
2026-01-15T21:00:00Z,22.113
2026-01-15T21:30:00Z,19.824
2026-01-15T22:00:00Z,19.824
2026-01-15T22:30:00Z,18.081
2026-01-15T23:00:00Z,20.538
2026-01-15T23:30:00Z,18.9945
2026-01-16T00:00:00Z,18.9315
2026-01-16T00:30:00Z,19.467
2026-01-16T01:00:00Z,19.425
2026-01-16T01:30:00Z,19.131
2026-01-16T02:00:00Z,19.1835
2026-01-16T02:30:00Z,18.7845
2026-01-16T03:00:00Z,18.522
2026-01-16T03:30:00Z,18.522
2026-01-16T04:00:00Z,18.3015
2026-01-16T04:30:00Z,18.3015
2026-01-16T05:00:00Z,19.173
2026-01-16T05:30:00Z,19.2675
2026-01-16T06:00:00Z,21.8295
2026-01-16T06:30:00Z,21.8295
2026-01-16T07:00:00Z,22.911
2026-01-16T07:30:00Z,24.6225
2026-01-16T08:00:00Z,23.8875
2026-01-16T08:30:00Z,23.667
2026-01-16T09:00:00Z,23.8245
2026-01-16T09:30:00Z,23.7825
2026-01-16T10:00:00Z,22.932
2026-01-16T10:30:00Z,21.8295
2026-01-16T11:00:00Z,21.0945
2026-01-16T11:30:00Z,20.811
2026-01-16T12:00:00Z,21.3885
2026-01-16T12:30:00Z,20.454
2026-01-16T13:00:00Z,20.5065
2026-01-16T13:30:00Z,20.643
2026-01-16T14:00:00Z,23.5515
2026-01-16T14:30:00Z,22.89
2026-01-16T15:00:00Z,23.5515
2026-01-16T15:30:00Z,25.8405
2026-01-16T16:00:00Z,40.11
2026-01-16T16:30:00Z,43.407
2026-01-16T17:00:00Z,43.071
2026-01-16T17:30:00Z,43.071
2026-01-16T18:00:00Z,42.2835
2026-01-16T18:30:00Z,40.467
2026-01-16T19:00:00Z,24.696
2026-01-16T19:30:00Z,23.373
2026-01-16T20:00:00Z,21.168
2026-01-16T20:30:00Z,21.714
2026-01-16T21:00:00Z,23.5935
2026-01-16T21:30:00Z,21.5565
2026-01-16T22:00:00Z,20.496
2026-01-16T22:30:00Z,18.9945
2026-01-16T23:00:00Z,21.8505
2026-01-16T23:30:00Z,20.5695
2026-01-17T00:00:00Z,20.832
2026-01-17T00:30:00Z,21.8295
2026-01-17T01:00:00Z,20.7375
2026-01-17T01:30:00Z,19.8765
2026-01-17T02:00:00Z,20.454
2026-01-17T02:30:00Z,20.0235
2026-01-17T03:00:00Z,20.097
2026-01-17T03:30:00Z,20.16
2026-01-17T04:00:00Z,20.4645
2026-01-17T04:30:00Z,20.412
2026-01-17T05:00:00Z,20.286
2026-01-17T05:30:00Z,19.509
2026-01-17T06:00:00Z,19.404
2026-01-17T06:30:00Z,18.963
2026-01-17T07:00:00Z,21.609
2026-01-17T07:30:00Z,22.932
2026-01-17T08:00:00Z,23.1525
2026-01-17T08:30:00Z,24.4755
2026-01-17T09:00:00Z,22.722
2026-01-17T09:30:00Z,23.0475
2026-01-17T10:00:00Z,23.373
2026-01-17T10:30:00Z,23.8035
2026-01-17T11:00:00Z,23.205
2026-01-17T11:30:00Z,23.583
2026-01-17T12:00:00Z,23.373
2026-01-17T12:30:00Z,22.596
2026-01-17T13:00:00Z,22.5855
2026-01-17T13:30:00Z,21.042
2026-01-17T14:00:00Z,22.722
2026-01-17T14:30:00Z,22.491
2026-01-17T15:00:00Z,25.683
2026-01-17T15:30:00Z,27.09
2026-01-17T16:00:00Z,39.3225
2026-01-17T16:30:00Z,41.9265
2026-01-17T17:00:00Z,41.6955
2026-01-17T17:30:00Z,41.538
2026-01-17T18:00:00Z,41.0445
2026-01-17T18:30:00Z,40.1835
2026-01-17T19:00:00Z,26.7855
2026-01-17T19:30:00Z,23.4885
2026-01-17T20:00:00Z,22.596
2026-01-17T20:30:00Z,23.373
2026-01-17T21:00:00Z,24.0135
2026-01-17T21:30:00Z,22.785
2026-01-17T22:00:00Z,22.155
2026-01-17T22:30:00Z,21.294
2026-01-17T23:00:00Z,22.2705
2026-01-17T23:30:00Z,21.945
2026-01-18T00:00:00Z,21.651
2026-01-18T00:30:00Z,22.932
2026-01-18T01:00:00Z,21.945
2026-01-18T01:30:00Z,21.882
2026-01-18T02:00:00Z,21.084
2026-01-18T02:30:00Z,20.286
2026-01-18T03:00:00Z,20.223
2026-01-18T03:30:00Z,20.0655
2026-01-18T04:00:00Z,20.286
2026-01-18T04:30:00Z,20.286
2026-01-18T05:00:00Z,20.034
2026-01-18T05:30:00Z,19.6245
2026-01-18T06:00:00Z,20.286
2026-01-18T06:30:00Z,20.391
2026-01-18T07:00:00Z,22.2075
2026-01-18T07:30:00Z,21.504
2026-01-18T08:00:00Z,21.168
2026-01-18T08:30:00Z,20.9475
2026-01-18T09:00:00Z,20.496
2026-01-18T09:30:00Z,21.8295
2026-01-18T10:00:00Z,21.609
2026-01-18T10:30:00Z,22.386
2026-01-18T11:00:00Z,22.7745
2026-01-18T11:30:00Z,22.995
2026-01-18T12:00:00Z,22.596
2026-01-18T12:30:00Z,23.2155
2026-01-18T13:00:00Z,22.554
2026-01-18T13:30:00Z,21.861
2026-01-18T14:00:00Z,21.8295
2026-01-18T14:30:00Z,21.7035
2026-01-18T15:00:00Z,21.8295
2026-01-18T15:30:00Z,23.352
2026-01-18T16:00:00Z,39.0075
2026-01-18T16:30:00Z,40.341
2026-01-18T17:00:00Z,41.0025
2026-01-18T17:30:00Z,40.2465
2026-01-18T18:00:00Z,40.3305
2026-01-18T18:30:00Z,39.3015
2026-01-18T19:00:00Z,25.2735
2026-01-18T19:30:00Z,22.9005
2026-01-18T20:00:00Z,23.856
2026-01-18T20:30:00Z,21.5145
2026-01-18T21:00:00Z,22.2075
2026-01-18T21:30:00Z,20.2545
2026-01-18T22:00:00Z,20.328
2026-01-18T22:30:00Z,19.32
2026-01-18T23:00:00Z,20.5695
2026-01-18T23:30:00Z,20.349
2026-01-19T00:00:00Z,20.1075
2026-01-19T00:30:00Z,20.601
2026-01-19T01:00:00Z,20.286
2026-01-19T01:30:00Z,19.9605
2026-01-19T02:00:00Z,20.265
2026-01-19T02:30:00Z,19.95
2026-01-19T03:00:00Z,20.1915
2026-01-19T03:30:00Z,20.118
2026-01-19T04:00:00Z,20.4645
2026-01-19T04:30:00Z,19.6245
2026-01-19T05:00:00Z,27.342
2026-01-19T05:30:00Z,22.4805
2026-01-19T06:00:00Z,31.5735
2026-01-19T06:30:00Z,26.46
2026-01-19T07:00:00Z,30.8385
2026-01-19T07:30:00Z,33.957
2026-01-19T08:00:00Z,30.45
2026-01-19T08:30:00Z,30.912
2026-01-19T09:00:00Z,27.4155
2026-01-19T09:30:00Z,27.2685
2026-01-19T10:00:00Z,22.5645
2026-01-19T10:30:00Z,22.932
2026-01-19T11:00:00Z,24.0345
2026-01-19T11:30:00Z,23.751
2026-01-19T12:00:00Z,22.932
2026-01-19T12:30:00Z,23.814
2026-01-19T13:00:00Z,26.901
2026-01-19T13:30:00Z,26.46
2026-01-19T14:00:00Z,30.702
2026-01-19T14:30:00Z,30.996
2026-01-19T15:00:00Z,33.075
2026-01-19T15:30:00Z,36.603
2026-01-19T16:00:00Z,46.7775
2026-01-19T16:30:00Z,49.8645
2026-01-19T17:00:00Z,48.762
2026-01-19T17:30:00Z,49.644
2026-01-19T18:00:00Z,46.7775
2026-01-19T18:30:00Z,44.5725
2026-01-19T19:00:00Z,31.9515
2026-01-19T19:30:00Z,28.0875
2026-01-19T20:00:00Z,26.2395
2026-01-19T20:30:00Z,24.696
2026-01-19T21:00:00Z,23.373
2026-01-19T21:30:00Z,23.373
2026-01-19T22:00:00Z,21.6615
2026-01-19T22:30:00Z,19.2255
2026-01-19T23:00:00Z,20.685
2026-01-19T23:30:00Z,19.0365
2026-01-20T00:00:00Z,18.6795
2026-01-20T00:30:00Z,19.4565
2026-01-20T01:00:00Z,18.522
2026-01-20T01:30:00Z,18.354
2026-01-20T02:00:00Z,18.081
2026-01-20T02:30:00Z,18.081
2026-01-20T03:00:00Z,17.9235
2026-01-20T03:30:00Z,17.661
2026-01-20T04:00:00Z,18.081
2026-01-20T04:30:00Z,18.081
2026-01-20T05:00:00Z,18.6795
2026-01-20T05:30:00Z,18.522
2026-01-20T06:00:00Z,21.4305
2026-01-20T06:30:00Z,22.491
2026-01-20T07:00:00Z,24.15
2026-01-20T07:30:00Z,25.0425
2026-01-20T08:00:00Z,23.9085
2026-01-20T08:30:00Z,24.15
2026-01-20T09:00:00Z,23.373
2026-01-20T09:30:00Z,22.7115
2026-01-20T10:00:00Z,20.4645
2026-01-20T10:30:00Z,19.845
2026-01-20T11:00:00Z,19.4565
2026-01-20T11:30:00Z,19.4565
2026-01-20T12:00:00Z,19.4565
2026-01-20T12:30:00Z,19.4565
2026-01-20T13:00:00Z,19.4565
2026-01-20T13:30:00Z,19.4565
2026-01-20T14:00:00Z,19.845
2026-01-20T14:30:00Z,19.845
2026-01-20T15:00:00Z,19.4565
2026-01-20T15:30:00Z,20.5905
2026-01-20T16:00:00Z,33.327
2026-01-20T16:30:00Z,36.1935
2026-01-20T17:00:00Z,38.619
2026-01-20T17:30:00Z,38.5875
2026-01-20T18:00:00Z,37.989
2026-01-20T18:30:00Z,37.17
2026-01-20T19:00:00Z,24.444
2026-01-20T19:30:00Z,22.3125
2026-01-20T20:00:00Z,22.1445
2026-01-20T20:30:00Z,20.9475
2026-01-20T21:00:00Z,21.315
2026-01-20T21:30:00Z,18.963
2026-01-20T22:00:00Z,19.2675
2026-01-20T22:30:00Z,18.1545
2026-01-20T23:00:00Z,17.199
2026-01-20T23:30:00Z,17.136
2026-01-21T00:00:00Z,16.674
2026-01-21T00:30:00Z,17.3355
2026-01-21T01:00:00Z,17.136
2026-01-21T01:30:00Z,16.9785
2026-01-21T02:00:00Z,16.758
2026-01-21T02:30:00Z,16.9365
2026-01-21T03:00:00Z,16.317
2026-01-21T03:30:00Z,16.1805
2026-01-21T04:00:00Z,15.876
2026-01-21T04:30:00Z,16.1805
2026-01-21T05:00:00Z,17.199
2026-01-21T05:30:00Z,18.2595
2026-01-21T06:00:00Z,21.609
2026-01-21T06:30:00Z,24.4755
2026-01-21T07:00:00Z,25.032
2026-01-21T07:30:00Z,25.998
2026-01-21T08:00:00Z,25.3575
2026-01-21T08:30:00Z,25.3575
2026-01-21T09:00:00Z,23.1315
2026-01-21T09:30:00Z,22.491
2026-01-21T10:00:00Z,21.567
2026-01-21T10:30:00Z,20.9475
2026-01-21T11:00:00Z,20.286
2026-01-21T11:30:00Z,20.5065
2026-01-21T12:00:00Z,20.706
2026-01-21T12:30:00Z,20.37
2026-01-21T13:00:00Z,20.6115
2026-01-21T13:30:00Z,20.4225
2026-01-21T14:00:00Z,21.378
2026-01-21T14:30:00Z,20.811
2026-01-21T15:00:00Z,21.1995
2026-01-21T15:30:00Z,22.7115
2026-01-21T16:00:00Z,35.091
2026-01-21T16:30:00Z,37.254
2026-01-21T17:00:00Z,36.309
2026-01-21T17:30:00Z,36.4665
2026-01-21T18:00:00Z,35.112
2026-01-21T18:30:00Z,34.545
2026-01-21T19:00:00Z,21.252
2026-01-21T19:30:00Z,19.383
2026-01-21T20:00:00Z,19.719
2026-01-21T20:30:00Z,18.7425
2026-01-21T21:00:00Z,18.7425
2026-01-21T21:30:00Z,17.745
2026-01-21T22:00:00Z,16.422
2026-01-21T22:30:00Z,15.771
2026-01-21T23:00:00Z,15.351
2026-01-21T23:30:00Z,14.994
2026-01-22T00:00:00Z,14.07
2026-01-22T00:30:00Z,15.372
2026-01-22T01:00:00Z,14.553
2026-01-22T01:30:00Z,13.671
2026-01-22T02:00:00Z,13.8285
2026-01-22T02:30:00Z,14.868
2026-01-22T03:00:00Z,13.8915
2026-01-22T03:30:00Z,13.0095
2026-01-22T04:00:00Z,11.3085
2026-01-22T04:30:00Z,11.466
2026-01-22T05:00:00Z,14.5215
2026-01-22T05:30:00Z,15.876
2026-01-22T06:00:00Z,18.48
2026-01-22T06:30:00Z,21.105
2026-01-22T07:00:00Z,21.3885
2026-01-22T07:30:00Z,23.919
2026-01-22T08:00:00Z,22.4175
2026-01-22T08:30:00Z,22.134
2026-01-22T09:00:00Z,21.3885
2026-01-22T09:30:00Z,21.042
2026-01-22T10:00:00Z,20.727
2026-01-22T10:30:00Z,20.664
2026-01-22T11:00:00Z,20.0655
2026-01-22T11:30:00Z,20.0235
2026-01-22T12:00:00Z,21.168
2026-01-22T12:30:00Z,20.6745
2026-01-22T13:00:00Z,20.1495
2026-01-22T13:30:00Z,20.8845
2026-01-22T14:00:00Z,21.168
2026-01-22T14:30:00Z,20.8425
2026-01-22T15:00:00Z,22.2285
2026-01-22T15:30:00Z,23.1525
2026-01-22T16:00:00Z,36.897
2026-01-22T16:30:00Z,37.296
2026-01-22T17:00:00Z,37.548
2026-01-22T17:30:00Z,37.737
2026-01-22T18:00:00Z,37.6215
2026-01-22T18:30:00Z,37.0335
2026-01-22T19:00:00Z,25.956
2026-01-22T19:30:00Z,23.352
2026-01-22T20:00:00Z,22.6695
2026-01-22T20:30:00Z,20.349
2026-01-22T21:00:00Z,22.7535
2026-01-22T21:30:00Z,19.1205
2026-01-22T22:00:00Z,19.005
2026-01-22T22:30:00Z,17.8605
2026-01-22T23:00:00Z,18.1335
2026-01-22T23:30:00Z,17.64
2026-01-23T00:00:00Z,17.2935
2026-01-23T00:30:00Z,18.1965
2026-01-23T01:00:00Z,17.64
2026-01-23T01:30:00Z,17.598
2026-01-23T02:00:00Z,17.64
2026-01-23T02:30:00Z,17.64
2026-01-23T03:00:00Z,17.3775
2026-01-23T03:30:00Z,17.2935
2026-01-23T04:00:00Z,17.2725
2026-01-23T04:30:00Z,17.1255
2026-01-23T05:00:00Z,17.64
2026-01-23T05:30:00Z,17.64
2026-01-23T06:00:00Z,20.7165
2026-01-23T06:30:00Z,23.373
2026-01-23T07:00:00Z,23.268
2026-01-23T07:30:00Z,25.578
2026-01-23T08:00:00Z,25.3785
2026-01-23T08:30:00Z,25.4205
2026-01-23T09:00:00Z,23.8875
2026-01-23T09:30:00Z,23.667
2026-01-23T10:00:00Z,23.037
2026-01-23T10:30:00Z,22.5015
2026-01-23T11:00:00Z,21.7665
2026-01-23T11:30:00Z,21.2205
2026-01-23T12:00:00Z,20.5065
2026-01-23T12:30:00Z,19.9815
2026-01-23T13:00:00Z,20.3175
2026-01-23T13:30:00Z,20.5275
2026-01-23T14:00:00Z,20.5065
2026-01-23T14:30:00Z,20.0865
2026-01-23T15:00:00Z,19.761
2026-01-23T15:30:00Z,22.0395
2026-01-23T16:00:00Z,35.2905
2026-01-23T16:30:00Z,37.1175
2026-01-23T17:00:00Z,37.884
2026-01-23T17:30:00Z,38.2095
2026-01-23T18:00:00Z,37.3695
2026-01-23T18:30:00Z,36.9495
2026-01-23T19:00:00Z,23.2155
2026-01-23T19:30:00Z,21.609
2026-01-23T20:00:00Z,22.575
2026-01-23T20:30:00Z,20.286
2026-01-23T21:00:00Z,21.609
2026-01-23T21:30:00Z,19.425
2026-01-23T22:00:00Z,19.845
2026-01-23T22:30:00Z,17.2935
2026-01-23T23:00:00Z,19.6035
2026-01-23T23:30:00Z,17.829
2026-01-24T00:00:00Z,17.556
2026-01-24T00:30:00Z,18.963
2026-01-24T01:00:00Z,17.955
2026-01-24T01:30:00Z,17.556
2026-01-24T02:00:00Z,17.64
2026-01-24T02:30:00Z,17.556
2026-01-24T03:00:00Z,17.556
2026-01-24T03:30:00Z,16.9785
2026-01-24T04:00:00Z,17.556
2026-01-24T04:30:00Z,16.9155
2026-01-24T05:00:00Z,18.3015
2026-01-24T05:30:00Z,17.9445
2026-01-24T06:00:00Z,17.703
2026-01-24T06:30:00Z,18.69
2026-01-24T07:00:00Z,18.4695
2026-01-24T07:30:00Z,20.5065
2026-01-24T08:00:00Z,21.336
2026-01-24T08:30:00Z,23.1525
2026-01-24T09:00:00Z,21.8295
2026-01-24T09:30:00Z,22.1025
2026-01-24T10:00:00Z,21.6405
2026-01-24T10:30:00Z,21.168
2026-01-24T11:00:00Z,20.58
2026-01-24T11:30:00Z,20.286
2026-01-24T12:00:00Z,18.8055
2026-01-24T12:30:00Z,18.963
2026-01-24T13:00:00Z,19.845
2026-01-24T13:30:00Z,19.488
2026-01-24T14:00:00Z,21.315
2026-01-24T14:30:00Z,21.2205
2026-01-24T15:00:00Z,22.1025
2026-01-24T15:30:00Z,23.1525
2026-01-24T16:00:00Z,37.527
2026-01-24T16:30:00Z,38.7975
2026-01-24T17:00:00Z,38.1465
2026-01-24T17:30:00Z,38.178
2026-01-24T18:00:00Z,37.737
2026-01-24T18:30:00Z,36.855
2026-01-24T19:00:00Z,22.491
2026-01-24T19:30:00Z,22.2705
2026-01-24T20:00:00Z,22.428
2026-01-24T20:30:00Z,21.084
2026-01-24T21:00:00Z,22.0185
2026-01-24T21:30:00Z,20.0445
2026-01-24T22:00:00Z,20.6115
2026-01-24T22:30:00Z,18.249
2026-01-24T23:00:00Z,19.845
2026-01-24T23:30:00Z,18.3015
2026-01-25T00:00:00Z,17.9235
2026-01-25T00:30:00Z,19.635
2026-01-25T01:00:00Z,18.6375
2026-01-25T01:30:00Z,17.199
2026-01-25T02:00:00Z,17.0625
2026-01-25T02:30:00Z,16.0965
2026-01-25T03:00:00Z,16.317
2026-01-25T03:30:00Z,15.6345
2026-01-25T04:00:00Z,16.317
2026-01-25T04:30:00Z,16.317
2026-01-25T05:00:00Z,16.527
2026-01-25T05:30:00Z,16.4745
2026-01-25T06:00:00Z,17.199
2026-01-25T06:30:00Z,18.5745
2026-01-25T07:00:00Z,18.7425
2026-01-25T07:30:00Z,19.95
2026-01-25T08:00:00Z,19.7085
2026-01-25T08:30:00Z,21.3885
2026-01-25T09:00:00Z,20.9475
2026-01-25T09:30:00Z,21.8085
2026-01-25T10:00:00Z,21.3885
2026-01-25T10:30:00Z,21.126
2026-01-25T11:00:00Z,21.063
2026-01-25T11:30:00Z,21.8295
2026-01-25T12:00:00Z,21.3465
2026-01-25T12:30:00Z,21.8295
2026-01-25T13:00:00Z,21.2205
2026-01-25T13:30:00Z,21.1995
2026-01-25T14:00:00Z,21.8295
2026-01-25T14:30:00Z,21.6825
2026-01-25T15:00:00Z,22.2705
2026-01-25T15:30:00Z,22.2705
2026-01-25T16:00:00Z,36.498
2026-01-25T16:30:00Z,39.06
2026-01-25T17:00:00Z,39.27
2026-01-25T17:30:00Z,38.493
2026-01-25T18:00:00Z,38.976
2026-01-25T18:30:00Z,38.976
2026-01-25T19:00:00Z,25.8825
2026-01-25T19:30:00Z,23.6355
2026-01-25T20:00:00Z,23.8455
2026-01-25T20:30:00Z,21.5775
2026-01-25T21:00:00Z,22.9635
2026-01-25T21:30:00Z,19.404
2026-01-25T22:00:00Z,20.9895
2026-01-25T22:30:00Z,17.976
2026-01-25T23:00:00Z,20.5065
2026-01-25T23:30:00Z,20.0865
2026-01-26T00:00:00Z,19.845
2026-01-26T00:30:00Z,21.609
2026-01-26T01:00:00Z,20.769
2026-01-26T01:30:00Z,19.803
2026-01-26T02:00:00Z,19.6875
2026-01-26T02:30:00Z,19.6035
2026-01-26T03:00:00Z,19.572
2026-01-26T03:30:00Z,19.1835
2026-01-26T04:00:00Z,19.404
2026-01-26T04:30:00Z,19.404
2026-01-26T05:00:00Z,21.5985
2026-01-26T05:30:00Z,19.761
2026-01-26T06:00:00Z,22.7115
2026-01-26T06:30:00Z,23.709
2026-01-26T07:00:00Z,27.3945
2026-01-26T07:30:00Z,29.6415
2026-01-26T08:00:00Z,28.245
2026-01-26T08:30:00Z,28.2345
2026-01-26T09:00:00Z,27.342
2026-01-26T09:30:00Z,27.258
2026-01-26T10:00:00Z,26.6385
2026-01-26T10:30:00Z,25.809
2026-01-26T11:00:00Z,25.431
2026-01-26T11:30:00Z,24.6855
2026-01-26T12:00:00Z,24.255
2026-01-26T12:30:00Z,23.3205
2026-01-26T13:00:00Z,22.89
2026-01-26T13:30:00Z,23.5515
2026-01-26T14:00:00Z,22.449
2026-01-26T14:30:00Z,22.092
2026-01-26T15:00:00Z,21.6825
2026-01-26T15:30:00Z,23.5515
2026-01-26T16:00:00Z,36.855
2026-01-26T16:30:00Z,40.1625
2026-01-26T17:00:00Z,40.6455
2026-01-26T17:30:00Z,41.3385
2026-01-26T18:00:00Z,40.6035
2026-01-26T18:30:00Z,40.824
2026-01-26T19:00:00Z,24.15
2026-01-26T19:30:00Z,23.793
2026-01-26T20:00:00Z,23.394
2026-01-26T20:30:00Z,22.932
2026-01-26T21:00:00Z,23.247
2026-01-26T21:30:00Z,21.6405
2026-01-26T22:00:00Z,21.2205
2026-01-26T22:30:00Z,17.3145
2026-01-26T23:00:00Z,19.068
2026-01-26T23:30:00Z,19.404
2026-01-27T00:00:00Z,18.543
2026-01-27T00:30:00Z,20.139
2026-01-27T01:00:00Z,19.761
2026-01-27T01:30:00Z,17.745
2026-01-27T02:00:00Z,17.5035
2026-01-27T02:30:00Z,16.9575
2026-01-27T03:00:00Z,17.64
2026-01-27T03:30:00Z,16.0965
2026-01-27T04:00:00Z,15.8235
2026-01-27T04:30:00Z,15.435
2026-01-27T05:00:00Z,15.876
2026-01-27T05:30:00Z,16.926
2026-01-27T06:00:00Z,19.5615
2026-01-27T06:30:00Z,21.9135
2026-01-27T07:00:00Z,22.05
2026-01-27T07:30:00Z,22.7955
2026-01-27T08:00:00Z,24.276
2026-01-27T08:30:00Z,24.444
2026-01-27T09:00:00Z,25.8825
2026-01-27T09:30:00Z,26.46
2026-01-27T10:00:00Z,24.4755
2026-01-27T10:30:00Z,24.2025
2026-01-27T11:00:00Z,23.1315
2026-01-27T11:30:00Z,23.0055
2026-01-27T12:00:00Z,21.714
2026-01-27T12:30:00Z,21.4095
2026-01-27T13:00:00Z,21.483
2026-01-27T13:30:00Z,20.8845
2026-01-27T14:00:00Z,21.609
2026-01-27T14:30:00Z,20.9475
2026-01-27T15:00:00Z,21.5565
2026-01-27T15:30:00Z,23.205
2026-01-27T16:00:00Z,36.036
2026-01-27T16:30:00Z,39.06
2026-01-27T17:00:00Z,38.3355
2026-01-27T17:30:00Z,39.501
2026-01-27T18:00:00Z,38.577
2026-01-27T18:30:00Z,37.401
2026-01-27T19:00:00Z,23.1525
2026-01-27T19:30:00Z,22.491
2026-01-27T20:00:00Z,22.0605
2026-01-27T20:30:00Z,20.727
2026-01-27T21:00:00Z,22.6065
2026-01-27T21:30:00Z,19.95
2026-01-27T22:00:00Z,21.0315
2026-01-27T22:30:00Z,18.543
2026-01-27T23:00:00Z,20.391
2026-01-27T23:30:00Z,19.887
2026-01-28T00:00:00Z,19.0995
2026-01-28T00:30:00Z,21.609
2026-01-28T01:00:00Z,20.496
2026-01-28T01:30:00Z,20.454
2026-01-28T02:00:00Z,19.6245
2026-01-28T02:30:00Z,19.404
2026-01-28T03:00:00Z,19.2465
2026-01-28T03:30:00Z,18.7425
2026-01-28T04:00:00Z,19.404
2026-01-28T04:30:00Z,19.404
2026-01-28T05:00:00Z,21.8295
2026-01-28T05:30:00Z,20.643
2026-01-28T06:00:00Z,25.137
2026-01-28T06:30:00Z,24.57
2026-01-28T07:00:00Z,29.0745
2026-01-28T07:30:00Z,31.6155
2026-01-28T08:00:00Z,31.5315
2026-01-28T08:30:00Z,31.857
2026-01-28T09:00:00Z,30.87
2026-01-28T09:30:00Z,30.0405
2026-01-28T10:00:00Z,28.224
2026-01-28T10:30:00Z,26.6805
2026-01-28T11:00:00Z,25.368
2026-01-28T11:30:00Z,24.255
2026-01-28T12:00:00Z,23.7405
2026-01-28T12:30:00Z,23.7405
2026-01-28T13:00:00Z,22.2915
2026-01-28T13:30:00Z,22.7115
2026-01-28T14:00:00Z,22.2915
2026-01-28T14:30:00Z,23.1525
2026-01-28T15:00:00Z,23.2155
2026-01-28T15:30:00Z,25.8195
2026-01-28T16:00:00Z,40.2465
2026-01-28T16:30:00Z,43.6065
2026-01-28T17:00:00Z,44.1315
2026-01-28T17:30:00Z,45.0555
2026-01-28T18:00:00Z,43.47
2026-01-28T18:30:00Z,42.1995
2026-01-28T19:00:00Z,24.297
2026-01-28T19:30:00Z,24.717
2026-01-28T20:00:00Z,23.373
2026-01-28T20:30:00Z,23.415
2026-01-28T21:00:00Z,24.0345
2026-01-28T21:30:00Z,22.2705
2026-01-28T22:00:00Z,21.6615
2026-01-28T22:30:00Z,21.483
2026-01-28T23:00:00Z,21.168
2026-01-28T23:30:00Z,20.727
2026-01-29T00:00:00Z,20.601
2026-01-29T00:30:00Z,21.756
2026-01-29T01:00:00Z,20.7585
2026-01-29T01:30:00Z,20.286
2026-01-29T02:00:00Z,19.719
2026-01-29T02:30:00Z,19.5825
2026-01-29T03:00:00Z,19.845
2026-01-29T03:30:00Z,19.1415
2026-01-29T04:00:00Z,20.118
2026-01-29T04:30:00Z,19.74
2026-01-29T05:00:00Z,21.8295
2026-01-29T05:30:00Z,20.9475
2026-01-29T06:00:00Z,22.932
2026-01-29T06:30:00Z,23.6355
2026-01-29T07:00:00Z,27.342
2026-01-29T07:30:00Z,29.148
2026-01-29T08:00:00Z,29.316
2026-01-29T08:30:00Z,29.589
2026-01-29T09:00:00Z,27.762
2026-01-29T09:30:00Z,27.006
2026-01-29T10:00:00Z,25.0635
2026-01-29T10:30:00Z,24.2235
2026-01-29T11:00:00Z,22.8165
2026-01-29T11:30:00Z,22.7325
2026-01-29T12:00:00Z,22.491
2026-01-29T12:30:00Z,22.491
2026-01-29T13:00:00Z,22.5225
2026-01-29T13:30:00Z,23.289
2026-01-29T14:00:00Z,23.1525
2026-01-29T14:30:00Z,23.1525
2026-01-29T15:00:00Z,22.932
2026-01-29T15:30:00Z,24.0135
2026-01-29T16:00:00Z,37.5375
2026-01-29T16:30:00Z,38.766
2026-01-29T17:00:00Z,38.619
2026-01-29T17:30:00Z,39.06
2026-01-29T18:00:00Z,38.7975
2026-01-29T18:30:00Z,37.317
2026-01-29T19:00:00Z,22.596
2026-01-29T19:30:00Z,22.8795
2026-01-29T20:00:00Z,21.84
2026-01-29T20:30:00Z,21.21
2026-01-29T21:00:00Z,22.6905
2026-01-29T21:30:00Z,21.252
2026-01-29T22:00:00Z,20.5695
2026-01-29T22:30:00Z,20.0655
2026-01-29T23:00:00Z,21.063
2026-01-29T23:30:00Z,20.6535
2026-01-30T00:00:00Z,19.7295
2026-01-30T00:30:00Z,20.9475
2026-01-30T01:00:00Z,19.488
2026-01-30T01:30:00Z,18.7425
2026-01-30T02:00:00Z,18.3015
2026-01-30T02:30:00Z,18.1545
2026-01-30T03:00:00Z,17.913
2026-01-30T03:30:00Z,17.6925
2026-01-30T04:00:00Z,18.165
2026-01-30T04:30:00Z,17.682
2026-01-30T05:00:00Z,18.417
2026-01-30T05:30:00Z,18.3015
2026-01-30T06:00:00Z,20.9475
2026-01-30T06:30:00Z,21.6615
2026-01-30T07:00:00Z,24.024
2026-01-30T07:30:00Z,25.158
2026-01-30T08:00:00Z,24.759
2026-01-30T08:30:00Z,25.0425
2026-01-30T09:00:00Z,24.1395
2026-01-30T09:30:00Z,24.0765
2026-01-30T10:00:00Z,22.596
2026-01-30T10:30:00Z,22.386
2026-01-30T11:00:00Z,21.777
2026-01-30T11:30:00Z,21.798
2026-01-30T12:00:00Z,21.294
2026-01-30T12:30:00Z,21.42
2026-01-30T13:00:00Z,21.4935
2026-01-30T13:30:00Z,21.4095
2026-01-30T14:00:00Z,21.8295
2026-01-30T14:30:00Z,21.5565
2026-01-30T15:00:00Z,21.609
2026-01-30T15:30:00Z,23.0055
2026-01-30T16:00:00Z,37.296
2026-01-30T16:30:00Z,38.073
2026-01-30T17:00:00Z,37.9575
2026-01-30T17:30:00Z,38.2095
2026-01-30T18:00:00Z,37.0755
2026-01-30T18:30:00Z,35.8995
2026-01-30T19:00:00Z,22.2705
2026-01-30T19:30:00Z,22.4805
2026-01-30T20:00:00Z,22.7115
2026-01-30T20:30:00Z,22.05
2026-01-30T21:00:00Z,22.1865
2026-01-30T21:30:00Z,20.7795
2026-01-30T22:00:00Z,20.895
2026-01-30T22:30:00Z,17.241
2026-01-30T23:00:00Z,22.1865
2026-01-30T23:30:00Z,19.404
2026-01-31T00:00:00Z,19.4565
2026-01-31T00:30:00Z,20.727
2026-01-31T01:00:00Z,20.7165
2026-01-31T01:30:00Z,19.6665
2026-01-31T02:00:00Z,19.404
2026-01-31T02:30:00Z,19.6665
2026-01-31T03:00:00Z,19.404
2026-01-31T03:30:00Z,19.341
2026-01-31T04:00:00Z,19.6245
2026-01-31T04:30:00Z,19.5825
2026-01-31T05:00:00Z,19.887
2026-01-31T05:30:00Z,19.6245
2026-01-31T06:00:00Z,20.244
2026-01-31T06:30:00Z,20.706
2026-01-31T07:00:00Z,21.4305
2026-01-31T07:30:00Z,22.1865
2026-01-31T08:00:00Z,22.3335
2026-01-31T08:30:00Z,22.512
2026-01-31T09:00:00Z,22.764
2026-01-31T09:30:00Z,23.289
2026-01-31T10:00:00Z,22.386
2026-01-31T10:30:00Z,22.05
2026-01-31T11:00:00Z,22.05
2026-01-31T11:30:00Z,21.8295
2026-01-31T12:00:00Z,22.092
2026-01-31T12:30:00Z,22.491
2026-01-31T13:00:00Z,22.1025
2026-01-31T13:30:00Z,21.735
2026-01-31T14:00:00Z,21.924
2026-01-31T14:30:00Z,20.853
2026-01-31T15:00:00Z,22.491
2026-01-31T15:30:00Z,23.2155
2026-01-31T16:00:00Z,37.5585
2026-01-31T16:30:00Z,39.123
2026-01-31T17:00:00Z,39.123
2026-01-31T17:30:00Z,39.6795
2026-01-31T18:00:00Z,38.9025
2026-01-31T18:30:00Z,38.7765
2026-01-31T19:00:00Z,24.486
2026-01-31T19:30:00Z,23.814
2026-01-31T20:00:00Z,23.394
2026-01-31T20:30:00Z,22.8585
2026-01-31T21:00:00Z,23.184
2026-01-31T21:30:00Z,22.2285
2026-01-31T22:00:00Z,21.7035
2026-01-31T22:30:00Z,20.6325
2026-01-31T23:00:00Z,21.168
2026-01-31T23:30:00Z,21.609
2026-02-01T00:00:00Z,21.378
2026-02-01T00:30:00Z,22.638
2026-02-01T01:00:00Z,21.441
2026-02-01T01:30:00Z,20.349
2026-02-01T02:00:00Z,20.286
2026-02-01T02:30:00Z,20.1075
2026-02-01T03:00:00Z,19.6245
2026-02-01T03:30:00Z,19.6245
2026-02-01T04:00:00Z,19.6245
2026-02-01T04:30:00Z,19.467
2026-02-01T05:00:00Z,19.698
2026-02-01T05:30:00Z,19.6245
2026-02-01T06:00:00Z,18.963
2026-02-01T06:30:00Z,19.404
2026-02-01T07:00:00Z,20.1075
2026-02-01T07:30:00Z,21.2835
2026-02-01T08:00:00Z,21.168
2026-02-01T08:30:00Z,21.3045
2026-02-01T09:00:00Z,21.525
2026-02-01T09:30:00Z,21.882
2026-02-01T10:00:00Z,21.9975
2026-02-01T10:30:00Z,22.218
2026-02-01T11:00:00Z,22.512
2026-02-01T11:30:00Z,22.701
2026-02-01T12:00:00Z,22.638
2026-02-01T12:30:00Z,23.016
2026-02-01T13:00:00Z,23.0475
2026-02-01T13:30:00Z,22.9845
2026-02-01T14:00:00Z,22.764
2026-02-01T14:30:00Z,22.995
2026-02-01T15:00:00Z,23.6565
2026-02-01T15:30:00Z,23.9085
2026-02-01T16:00:00Z,37.8315
2026-02-01T16:30:00Z,39.774
2026-02-01T17:00:00Z,39.4905
2026-02-01T17:30:00Z,39.5115
2026-02-01T18:00:00Z,39.648
2026-02-01T18:30:00Z,39.2385
2026-02-01T19:00:00Z,26.313
2026-02-01T19:30:00Z,23.5935
2026-02-01T20:00:00Z,24.8745
2026-02-01T20:30:00Z,23.1525
2026-02-01T21:00:00Z,23.814
2026-02-01T21:30:00Z,22.4385
2026-02-01T22:00:00Z,21.3885
2026-02-01T22:30:00Z,20.727
2026-02-01T23:00:00Z,22.491
2026-02-01T23:30:00Z,20.727
2026-02-02T00:00:00Z,21.3885
2026-02-02T00:30:00Z,23.373
2026-02-02T01:00:00Z,21.1155
2026-02-02T01:30:00Z,19.0995
2026-02-02T02:00:00Z,19.257
2026-02-02T02:30:00Z,18.7425
2026-02-02T03:00:00Z,18.837
2026-02-02T03:30:00Z,18.7215
2026-02-02T04:00:00Z,18.7215
2026-02-02T04:30:00Z,18.2805
2026-02-02T05:00:00Z,19.2465
2026-02-02T05:30:00Z,19.341
2026-02-02T06:00:00Z,20.475
2026-02-02T06:30:00Z,23.0055
2026-02-02T07:00:00Z,23.5935
2026-02-02T07:30:00Z,25.053
2026-02-02T08:00:00Z,24.9585
2026-02-02T08:30:00Z,24.9165
2026-02-02T09:00:00Z,23.541
2026-02-02T09:30:00Z,23.457
2026-02-02T10:00:00Z,22.869
2026-02-02T10:30:00Z,22.1235
2026-02-02T11:00:00Z,22.1445
2026-02-02T11:30:00Z,21.6825
2026-02-02T12:00:00Z,19.6245
2026-02-02T12:30:00Z,20.37
2026-02-02T13:00:00Z,20.202
2026-02-02T13:30:00Z,19.6245
2026-02-02T14:00:00Z,20.118
2026-02-02T14:30:00Z,19.4565
2026-02-02T15:00:00Z,20.1285
2026-02-02T15:30:00Z,21.357
2026-02-02T16:00:00Z,33.936
2026-02-02T16:30:00Z,36.015
2026-02-02T17:00:00Z,35.1645
2026-02-02T17:30:00Z,36.6345
2026-02-02T18:00:00Z,35.7945
2026-02-02T18:30:00Z,34.545
2026-02-02T19:00:00Z,21.651
2026-02-02T19:30:00Z,21.441
2026-02-02T20:00:00Z,20.9475
2026-02-02T20:30:00Z,19.194
2026-02-02T21:00:00Z,19.866
2026-02-02T21:30:00Z,19.1835
2026-02-02T22:00:00Z,19.6245
2026-02-02T22:30:00Z,16.2855
2026-02-02T23:00:00Z,16.7895
2026-02-02T23:30:00Z,13.587
2026-02-03T00:00:00Z,13.7025
2026-02-03T00:30:00Z,16.4115
2026-02-03T01:00:00Z,14.7525
2026-02-03T01:30:00Z,13.4085
2026-02-03T02:00:00Z,13.104
2026-02-03T02:30:00Z,12.264
2026-02-03T03:00:00Z,11.907
2026-02-03T03:30:00Z,11.067
2026-02-03T04:00:00Z,12.5685
2026-02-03T04:30:00Z,12.1275
2026-02-03T05:00:00Z,15.8235
2026-02-03T05:30:00Z,16.464
2026-02-03T06:00:00Z,17.64
2026-02-03T06:30:00Z,18.711
2026-02-03T07:00:00Z,19.4145
2026-02-03T07:30:00Z,20.286
2026-02-03T08:00:00Z,19.845
2026-02-03T08:30:00Z,20.286
2026-02-03T09:00:00Z,19.74
2026-02-03T09:30:00Z,19.74
2026-02-03T10:00:00Z,19.74
2026-02-03T10:30:00Z,19.74
2026-02-03T11:00:00Z,19.74
2026-02-03T11:30:00Z,19.74
2026-02-03T12:00:00Z,19.803
2026-02-03T12:30:00Z,19.803
2026-02-03T13:00:00Z,20.2335
2026-02-03T13:30:00Z,20.223
2026-02-03T14:00:00Z,20.3385
2026-02-03T14:30:00Z,20.286
2026-02-03T15:00:00Z,20.769
2026-02-03T15:30:00Z,21.1365
2026-02-03T16:00:00Z,34.3665
2026-02-03T16:30:00Z,35.532
2026-02-03T17:00:00Z,35.091
2026-02-03T17:30:00Z,35.7525
2026-02-03T18:00:00Z,35.532
2026-02-03T18:30:00Z,36.1305
2026-02-03T19:00:00Z,22.743
2026-02-03T19:30:00Z,22.2285
2026-02-03T20:00:00Z,20.9475
2026-02-03T20:30:00Z,19.1835
2026-02-03T21:00:00Z,21.126
2026-02-03T21:30:00Z,19.2465
2026-02-03T22:00:00Z,19.404
2026-02-03T22:30:00Z,18.6795
2026-02-03T23:00:00Z,17.9445
2026-02-03T23:30:00Z,17.094
2026-02-04T00:00:00Z,17.3355
2026-02-04T00:30:00Z,18.0075
2026-02-04T01:00:00Z,17.8185
2026-02-04T01:30:00Z,17.262
2026-02-04T02:00:00Z,17.241
2026-02-04T02:30:00Z,16.9785
2026-02-04T03:00:00Z,17.22
2026-02-04T03:30:00Z,16.9575
2026-02-04T04:00:00Z,17.535
2026-02-04T04:30:00Z,16.9785
2026-02-04T05:00:00Z,17.9445
2026-02-04T05:30:00Z,17.3775
2026-02-04T06:00:00Z,19.4355
2026-02-04T06:30:00Z,20.265
2026-02-04T07:00:00Z,22.2075
2026-02-04T07:30:00Z,23.2995
2026-02-04T08:00:00Z,22.05
2026-02-04T08:30:00Z,22.407
2026-02-04T09:00:00Z,23.0475
2026-02-04T09:30:00Z,22.407
2026-02-04T10:00:00Z,21.3885
2026-02-04T10:30:00Z,20.496
2026-02-04T11:00:00Z,20.0655
2026-02-04T11:30:00Z,19.509
2026-02-04T12:00:00Z,19.068
2026-02-04T12:30:00Z,18.963
2026-02-04T13:00:00Z,18.8265
2026-02-04T13:30:00Z,18.6165
2026-02-04T14:00:00Z,18.3015
2026-02-04T14:30:00Z,18.522
2026-02-04T15:00:00Z,18.963
2026-02-04T15:30:00Z,20.4015
2026-02-04T16:00:00Z,32.592
2026-02-04T16:30:00Z,34.209
2026-02-04T17:00:00Z,33.9885
2026-02-04T17:30:00Z,34.44
2026-02-04T18:00:00Z,33.537
2026-02-04T18:30:00Z,32.886
2026-02-04T19:00:00Z,18.627
2026-02-04T19:30:00Z,18.522
2026-02-04T20:00:00Z,18.543
2026-02-04T20:30:00Z,18.7425
2026-02-04T21:00:00Z,20.727
2026-02-04T21:30:00Z,17.9445
2026-02-04T22:00:00Z,17.955
2026-02-04T22:30:00Z,17.1255
2026-02-04T23:00:00Z,16.9155
2026-02-04T23:30:00Z,15.897
2026-02-05T00:00:00Z,15.5505
2026-02-05T00:30:00Z,16.2435
2026-02-05T01:00:00Z,16.3905
2026-02-05T01:30:00Z,15.33
2026-02-05T02:00:00Z,15.2145
2026-02-05T02:30:00Z,14.4375
2026-02-05T03:00:00Z,13.776
2026-02-05T03:30:00Z,13.5345
2026-02-05T04:00:00Z,13.9755
2026-02-05T04:30:00Z,13.8075
2026-02-05T05:00:00Z,14.112
2026-02-05T05:30:00Z,13.8075
2026-02-05T06:00:00Z,17.5245
2026-02-05T06:30:00Z,18.081
2026-02-05T07:00:00Z,18.6795
2026-02-05T07:30:00Z,19.5405
2026-02-05T08:00:00Z,19.089
2026-02-05T08:30:00Z,19.488
2026-02-05T09:00:00Z,19.1835
2026-02-05T09:30:00Z,18.984
2026-02-05T10:00:00Z,18.732
2026-02-05T10:30:00Z,18.543
2026-02-05T11:00:00Z,18.627
2026-02-05T11:30:00Z,18.963
2026-02-05T12:00:00Z,18.963
2026-02-05T12:30:00Z,18.606
2026-02-05T13:00:00Z,19.194
2026-02-05T13:30:00Z,18.627
2026-02-05T14:00:00Z,19.152
2026-02-05T14:30:00Z,18.963
2026-02-05T15:00:00Z,20.16
2026-02-05T15:30:00Z,21.3885
2026-02-05T16:00:00Z,33.8415
2026-02-05T16:30:00Z,35.7105
2026-02-05T17:00:00Z,34.8495
2026-02-05T17:30:00Z,35.7315
2026-02-05T18:00:00Z,35.2905
2026-02-05T18:30:00Z,34.65
2026-02-05T19:00:00Z,20.2125
2026-02-05T19:30:00Z,19.404
2026-02-05T20:00:00Z,21.0
2026-02-05T20:30:00Z,19.0995
2026-02-05T21:00:00Z,19.782
2026-02-05T21:30:00Z,18.669
2026-02-05T22:00:00Z,18.375
2026-02-05T22:30:00Z,17.4195
2026-02-05T23:00:00Z,18.144
2026-02-05T23:30:00Z,17.2515
2026-02-06T00:00:00Z,17.199
2026-02-06T00:30:00Z,18.144
2026-02-06T01:00:00Z,17.8605
2026-02-06T01:30:00Z,17.4195
2026-02-06T02:00:00Z,18.06
2026-02-06T02:30:00Z,17.5245
2026-02-06T03:00:00Z,17.199
2026-02-06T03:30:00Z,16.59
2026-02-06T04:00:00Z,17.199
2026-02-06T04:30:00Z,17.199
2026-02-06T05:00:00Z,18.144
2026-02-06T05:30:00Z,17.199
2026-02-06T06:00:00Z,19.278
2026-02-06T06:30:00Z,20.5065
2026-02-06T07:00:00Z,19.2465
2026-02-06T07:30:00Z,20.5485
2026-02-06T08:00:00Z,19.656
2026-02-06T08:30:00Z,20.181
2026-02-06T09:00:00Z,20.9475
2026-02-06T09:30:00Z,21.168
2026-02-06T10:00:00Z,21.1785
2026-02-06T10:30:00Z,21.231
2026-02-06T11:00:00Z,21.294
2026-02-06T11:30:00Z,21.8295
2026-02-06T12:00:00Z,21.651
2026-02-06T12:30:00Z,21.231
2026-02-06T13:00:00Z,21.168
2026-02-06T13:30:00Z,20.4225
2026-02-06T14:00:00Z,19.7925
2026-02-06T14:30:00Z,19.5825
2026-02-06T15:00:00Z,20.538
2026-02-06T15:30:00Z,21.168
2026-02-06T16:00:00Z,34.3455
2026-02-06T16:30:00Z,35.7525
2026-02-06T17:00:00Z,35.28
2026-02-06T17:30:00Z,35.973
2026-02-06T18:00:00Z,34.8705
2026-02-06T18:30:00Z,34.65
2026-02-06T19:00:00Z,19.845
2026-02-06T19:30:00Z,19.4355
2026-02-06T20:00:00Z,19.845
2026-02-06T20:30:00Z,19.299
2026-02-06T21:00:00Z,19.845
2026-02-06T21:30:00Z,19.299
2026-02-06T22:00:00Z,19.299
2026-02-06T22:30:00Z,18.921
2026-02-06T23:00:00Z,19.488
2026-02-06T23:30:00Z,18.942
2026-02-07T00:00:00Z,18.522
2026-02-07T00:30:00Z,20.4645
2026-02-07T01:00:00Z,19.4985
2026-02-07T01:30:00Z,18.522
2026-02-07T02:00:00Z,18.459
2026-02-07T02:30:00Z,18.3855
2026-02-07T03:00:00Z,18.123
2026-02-07T03:30:00Z,17.955
2026-02-07T04:00:00Z,18.081
2026-02-07T04:30:00Z,17.9445
2026-02-07T05:00:00Z,18.3855
2026-02-07T05:30:00Z,18.039
2026-02-07T06:00:00Z,18.7005
2026-02-07T06:30:00Z,18.753
2026-02-07T07:00:00Z,18.963
2026-02-07T07:30:00Z,20.0655
2026-02-07T08:00:00Z,19.782
2026-02-07T08:30:00Z,21.7035
2026-02-07T09:00:00Z,20.0655
2026-02-07T09:30:00Z,20.685
2026-02-07T10:00:00Z,20.433
2026-02-07T10:30:00Z,20.2755
2026-02-07T11:00:00Z,19.6455
2026-02-07T11:30:00Z,19.5825
2026-02-07T12:00:00Z,19.467
2026-02-07T12:30:00Z,19.446
2026-02-07T13:00:00Z,19.446
2026-02-07T13:30:00Z,19.383
2026-02-07T14:00:00Z,19.299
2026-02-07T14:30:00Z,18.837
2026-02-07T15:00:00Z,20.4855
2026-02-07T15:30:00Z,20.7795
2026-02-07T16:00:00Z,34.8705
2026-02-07T16:30:00Z,35.7525
2026-02-07T17:00:00Z,36.351
2026-02-07T17:30:00Z,37.0755
2026-02-07T18:00:00Z,37.296
2026-02-07T18:30:00Z,35.868
2026-02-07T19:00:00Z,21.903
2026-02-07T19:30:00Z,20.2755
2026-02-07T20:00:00Z,19.845
2026-02-07T20:30:00Z,19.194
2026-02-07T21:00:00Z,19.2045
2026-02-07T21:30:00Z,19.2885
2026-02-07T22:00:00Z,18.5325
2026-02-07T22:30:00Z,18.3855
2026-02-07T23:00:00Z,18.48
2026-02-07T23:30:00Z,17.241
2026-02-08T00:00:00Z,16.317
2026-02-08T00:30:00Z,20.0235
2026-02-08T01:00:00Z,19.0155
2026-02-08T01:30:00Z,18.186
2026-02-08T02:00:00Z,18.207
2026-02-08T02:30:00Z,18.102
2026-02-08T03:00:00Z,17.8605
2026-02-08T03:30:00Z,17.4195
2026-02-08T04:00:00Z,17.5455
2026-02-08T04:30:00Z,17.3355
2026-02-08T05:00:00Z,18.144
2026-02-08T05:30:00Z,16.9785
2026-02-08T06:00:00Z,17.199
2026-02-08T06:30:00Z,16.4115
2026-02-08T07:00:00Z,16.2015
2026-02-08T07:30:00Z,17.64
2026-02-08T08:00:00Z,18.081
2026-02-08T08:30:00Z,19.299
2026-02-08T09:00:00Z,18.522
2026-02-08T09:30:00Z,19.9185
2026-02-08T10:00:00Z,19.1835
2026-02-08T10:30:00Z,19.6665
2026-02-08T11:00:00Z,18.858
2026-02-08T11:30:00Z,19.425
2026-02-08T12:00:00Z,18.0495
2026-02-08T12:30:00Z,19.026
2026-02-08T13:00:00Z,19.404
2026-02-08T13:30:00Z,19.404
2026-02-08T14:00:00Z,19.551
2026-02-08T14:30:00Z,19.215
2026-02-08T15:00:00Z,20.622
2026-02-08T15:30:00Z,22.932
2026-02-08T16:00:00Z,35.7945
2026-02-08T16:30:00Z,37.7055
2026-02-08T17:00:00Z,38.1045
2026-02-08T17:30:00Z,38.3985
2026-02-08T18:00:00Z,37.296
2026-02-08T18:30:00Z,37.1385
2026-02-08T19:00:00Z,23.1525
2026-02-08T19:30:00Z,20.706
2026-02-08T20:00:00Z,20.5695
2026-02-08T20:30:00Z,18.522
2026-02-08T21:00:00Z,20.5485
2026-02-08T21:30:00Z,18.081
2026-02-08T22:00:00Z,18.627
2026-02-08T22:30:00Z,16.5375
2026-02-08T23:00:00Z,17.8605
2026-02-08T23:30:00Z,17.8605
2026-02-09T00:00:00Z,17.8605
2026-02-09T00:30:00Z,19.2465
2026-02-09T01:00:00Z,18.459
2026-02-09T01:30:00Z,17.892
2026-02-09T02:00:00Z,17.8605
2026-02-09T02:30:00Z,17.4195
2026-02-09T03:00:00Z,17.4195
2026-02-09T03:30:00Z,17.199
2026-02-09T04:00:00Z,17.7765
2026-02-09T04:30:00Z,17.556
2026-02-09T05:00:00Z,17.8605
2026-02-09T05:30:00Z,17.8605
2026-02-09T06:00:00Z,15.876
2026-02-09T06:30:00Z,17.8605
2026-02-09T07:00:00Z,22.05
2026-02-09T07:30:00Z,24.297
2026-02-09T08:00:00Z,24.0345
2026-02-09T08:30:00Z,23.2365
2026-02-09T09:00:00Z,22.6905
2026-02-09T09:30:00Z,21.567
2026-02-09T10:00:00Z,21.042
2026-02-09T10:30:00Z,20.727
2026-02-09T11:00:00Z,20.6535
2026-02-09T11:30:00Z,20.307
2026-02-09T12:00:00Z,19.593
2026-02-09T12:30:00Z,19.9395
2026-02-09T13:00:00Z,20.664
2026-02-09T13:30:00Z,20.286
2026-02-09T14:00:00Z,20.202
2026-02-09T14:30:00Z,19.194
2026-02-09T15:00:00Z,19.9605
2026-02-09T15:30:00Z,22.2285
2026-02-09T16:00:00Z,35.028
2026-02-09T16:30:00Z,37.7895
2026-02-09T17:00:00Z,36.1095
2026-02-09T17:30:00Z,38.7975
2026-02-09T18:00:00Z,38.8395
2026-02-09T18:30:00Z,37.38
2026-02-09T19:00:00Z,24.948
2026-02-09T19:30:00Z,23.373
2026-02-09T20:00:00Z,21.42
2026-02-09T20:30:00Z,19.6245
2026-02-09T21:00:00Z,18.816
2026-02-09T21:30:00Z,19.11
2026-02-09T22:00:00Z,18.9945
2026-02-09T22:30:00Z,17.8605
2026-02-09T23:00:00Z,18.879
2026-02-09T23:30:00Z,17.9865
2026-02-10T00:00:00Z,17.7345
2026-02-10T00:30:00Z,19.299
2026-02-10T01:00:00Z,18.522
2026-02-10T01:30:00Z,17.073
2026-02-10T02:00:00Z,16.9995
2026-02-10T02:30:00Z,17.64
2026-02-10T03:00:00Z,17.535
2026-02-10T03:30:00Z,16.737
2026-02-10T04:00:00Z,16.989
2026-02-10T04:30:00Z,16.9785
2026-02-10T05:00:00Z,17.64
2026-02-10T05:30:00Z,16.17
2026-02-10T06:00:00Z,16.317
2026-02-10T06:30:00Z,18.06
2026-02-10T07:00:00Z,19.404
2026-02-10T07:30:00Z,19.8765
2026-02-10T08:00:00Z,20.727
2026-02-10T08:30:00Z,21.357
2026-02-10T09:00:00Z,21.609
2026-02-10T09:30:00Z,21.3885
2026-02-10T10:00:00Z,21.168
2026-02-10T10:30:00Z,20.727
2026-02-10T11:00:00Z,19.635
2026-02-10T11:30:00Z,19.9395
2026-02-10T12:00:00Z,20.286
2026-02-10T12:30:00Z,20.0445
2026-02-10T13:00:00Z,20.9055
2026-02-10T13:30:00Z,20.769
2026-02-10T14:00:00Z,21.2205
2026-02-10T14:30:00Z,21.1155
2026-02-10T15:00:00Z,21.168
2026-02-10T15:30:00Z,21.609
2026-02-10T16:00:00Z,34.209
2026-02-10T16:30:00Z,35.091
2026-02-10T17:00:00Z,35.4795
2026-02-10T17:30:00Z,36.1935
2026-02-10T18:00:00Z,35.2695
2026-02-10T18:30:00Z,34.692
2026-02-10T19:00:00Z,20.5065
2026-02-10T19:30:00Z,19.404
2026-02-10T20:00:00Z,19.488
2026-02-10T20:30:00Z,19.1835
2026-02-10T21:00:00Z,19.4775
2026-02-10T21:30:00Z,18.522
2026-02-10T22:00:00Z,18.249
2026-02-10T22:30:00Z,16.632
2026-02-10T23:00:00Z,17.3565
2026-02-10T23:30:00Z,16.9785
2026-02-11T00:00:00Z,16.5375
2026-02-11T00:30:00Z,18.312
2026-02-11T01:00:00Z,18.2385
2026-02-11T01:30:00Z,16.5375
2026-02-11T02:00:00Z,16.9785
2026-02-11T02:30:00Z,16.191
2026-02-11T03:00:00Z,16.0755
2026-02-11T03:30:00Z,15.771
2026-02-11T04:00:00Z,16.023
2026-02-11T04:30:00Z,15.939
2026-02-11T05:00:00Z,15.8025
2026-02-11T05:30:00Z,15.645
2026-02-11T06:00:00Z,15.876
2026-02-11T06:30:00Z,18.081
2026-02-11T07:00:00Z,18.081
2026-02-11T07:30:00Z,20.9475
2026-02-11T08:00:00Z,20.4645
2026-02-11T08:30:00Z,20.9685
2026-02-11T09:00:00Z,20.9475
2026-02-11T09:30:00Z,20.9475
2026-02-11T10:00:00Z,20.5905
2026-02-11T10:30:00Z,20.4645
2026-02-11T11:00:00Z,19.2675
2026-02-11T11:30:00Z,18.732
2026-02-11T12:00:00Z,18.7215
2026-02-11T12:30:00Z,18.564
2026-02-11T13:00:00Z,18.333
2026-02-11T13:30:00Z,17.9025
2026-02-11T14:00:00Z,17.997
2026-02-11T14:30:00Z,18.081
2026-02-11T15:00:00Z,17.1465
2026-02-11T15:30:00Z,19.2045
2026-02-11T16:00:00Z,32.445
2026-02-11T16:30:00Z,33.327
2026-02-11T17:00:00Z,32.445
2026-02-11T17:30:00Z,34.0725
2026-02-11T18:00:00Z,33.579
2026-02-11T18:30:00Z,33.138
2026-02-11T19:00:00Z,18.7635
2026-02-11T19:30:00Z,18.6795
2026-02-11T20:00:00Z,18.837
2026-02-11T20:30:00Z,17.976
2026-02-11T21:00:00Z,18.564
2026-02-11T21:30:00Z,17.577
2026-02-11T22:00:00Z,18.081
2026-02-11T22:30:00Z,15.876
2026-02-11T23:00:00Z,17.304
2026-02-11T23:30:00Z,15.6555
2026-02-12T00:00:00Z,15.54
2026-02-12T00:30:00Z,16.653
2026-02-12T01:00:00Z,16.5165
2026-02-12T01:30:00Z,15.6555
2026-02-12T02:00:00Z,15.876
2026-02-12T02:30:00Z,15.54
2026-02-12T03:00:00Z,15.834
2026-02-12T03:30:00Z,15.6555
2026-02-12T04:00:00Z,15.855
2026-02-12T04:30:00Z,15.981
2026-02-12T05:00:00Z,15.876
2026-02-12T05:30:00Z,15.6555
2026-02-12T06:00:00Z,16.317
2026-02-12T06:30:00Z,17.745
2026-02-12T07:00:00Z,17.997
2026-02-12T07:30:00Z,19.1835
2026-02-12T08:00:00Z,19.194
2026-02-12T08:30:00Z,19.656
2026-02-12T09:00:00Z,18.879
2026-02-12T09:30:00Z,18.648
2026-02-12T10:00:00Z,18.543
2026-02-12T10:30:00Z,17.7135
2026-02-12T11:00:00Z,17.4405
2026-02-12T11:30:00Z,17.514
2026-02-12T12:00:00Z,17.4405
2026-02-12T12:30:00Z,17.4195
2026-02-12T13:00:00Z,17.64
2026-02-12T13:30:00Z,17.3565
2026-02-12T14:00:00Z,17.619
2026-02-12T14:30:00Z,17.619
2026-02-12T15:00:00Z,17.661
2026-02-12T15:30:00Z,19.404
2026-02-12T16:00:00Z,32.2245
2026-02-12T16:30:00Z,33.5475
2026-02-12T17:00:00Z,33.705
2026-02-12T17:30:00Z,34.86
2026-02-12T18:00:00Z,34.167
2026-02-12T18:30:00Z,33.831
2026-02-12T19:00:00Z,20.727
2026-02-12T19:30:00Z,19.4565
2026-02-12T20:00:00Z,19.0575
2026-02-12T20:30:00Z,17.3565
2026-02-12T21:00:00Z,18.5955
2026-02-12T21:30:00Z,17.8605
2026-02-12T22:00:00Z,17.4195
2026-02-12T22:30:00Z,15.771
2026-02-12T23:00:00Z,17.535
2026-02-12T23:30:00Z,16.0335
2026-02-13T00:00:00Z,15.96
2026-02-13T00:30:00Z,17.472
2026-02-13T01:00:00Z,17.22
2026-02-13T01:30:00Z,15.729
2026-02-13T02:00:00Z,15.876
2026-02-13T02:30:00Z,15.6555
2026-02-13T03:00:00Z,15.7395
2026-02-13T03:30:00Z,15.8655
2026-02-13T04:00:00Z,15.6555
2026-02-13T04:30:00Z,15.6555
2026-02-13T05:00:00Z,16.317
2026-02-13T05:30:00Z,16.317
2026-02-13T06:00:00Z,16.9785
2026-02-13T06:30:00Z,17.4195
2026-02-13T07:00:00Z,17.22
2026-02-13T07:30:00Z,18.7845
2026-02-13T08:00:00Z,19.131
2026-02-13T08:30:00Z,19.593
2026-02-13T09:00:00Z,19.404
2026-02-13T09:30:00Z,19.047
2026-02-13T10:00:00Z,18.7635
2026-02-13T10:30:00Z,17.9025
2026-02-13T11:00:00Z,17.598
2026-02-13T11:30:00Z,17.6925
2026-02-13T12:00:00Z,18.123
2026-02-13T12:30:00Z,17.199
2026-02-13T13:00:00Z,17.2935
2026-02-13T13:30:00Z,16.569
2026-02-13T14:00:00Z,18.417
2026-02-13T14:30:00Z,17.4405
2026-02-13T15:00:00Z,17.64
2026-02-13T15:30:00Z,18.879
2026-02-13T16:00:00Z,32.2035
2026-02-13T16:30:00Z,33.726
2026-02-13T17:00:00Z,34.2405
2026-02-13T17:30:00Z,35.1855
2026-02-13T18:00:00Z,36.414
2026-02-13T18:30:00Z,34.8705
2026-02-13T19:00:00Z,22.2285
2026-02-13T19:30:00Z,20.5485
2026-02-13T20:00:00Z,19.3515
2026-02-13T20:30:00Z,19.047
2026-02-13T21:00:00Z,19.404
2026-02-13T21:30:00Z,18.186
2026-02-13T22:00:00Z,18.795
2026-02-13T22:30:00Z,18.3645
2026-02-13T23:00:00Z,16.737
2026-02-13T23:30:00Z,16.359
2026-02-14T00:00:00Z,16.0335
2026-02-14T00:30:00Z,17.3775
2026-02-14T01:00:00Z,17.199
2026-02-14T01:30:00Z,16.863
2026-02-14T02:00:00Z,16.758
2026-02-14T02:30:00Z,16.464
2026-02-14T03:00:00Z,15.8865
2026-02-14T03:30:00Z,15.6765
2026-02-14T04:00:00Z,15.855
2026-02-14T04:30:00Z,15.435
2026-02-14T05:00:00Z,17.0625
2026-02-14T05:30:00Z,17.052
2026-02-14T06:00:00Z,17.64
2026-02-14T06:30:00Z,16.758
2026-02-14T07:00:00Z,17.8605
2026-02-14T07:30:00Z,19.845
2026-02-14T08:00:00Z,19.2675
2026-02-14T08:30:00Z,20.5065
2026-02-14T09:00:00Z,19.845
2026-02-14T09:30:00Z,19.6455
2026-02-14T10:00:00Z,18.522
2026-02-14T10:30:00Z,17.0625
2026-02-14T11:00:00Z,16.6845
2026-02-14T11:30:00Z,15.939
2026-02-14T12:00:00Z,16.716
2026-02-14T12:30:00Z,15.8445
2026-02-14T13:00:00Z,16.6845
2026-02-14T13:30:00Z,16.443
2026-02-14T14:00:00Z,16.9785
2026-02-14T14:30:00Z,16.8
2026-02-14T15:00:00Z,18.1965
2026-02-14T15:30:00Z,17.598
2026-02-14T16:00:00Z,31.521
2026-02-14T16:30:00Z,33.4425
2026-02-14T17:00:00Z,34.65
2026-02-14T17:30:00Z,36.1935
2026-02-14T18:00:00Z,36.477
2026-02-14T18:30:00Z,35.091
2026-02-14T19:00:00Z,21.0
2026-02-14T19:30:00Z,19.7925
2026-02-14T20:00:00Z,18.3015
2026-02-14T20:30:00Z,17.8605
2026-02-14T21:00:00Z,18.522
2026-02-14T21:30:00Z,17.64
2026-02-14T22:00:00Z,17.4825
2026-02-14T22:30:00Z,16.758
2026-02-14T23:00:00Z,16.3905
2026-02-14T23:30:00Z,17.2725
2026-02-15T00:00:00Z,16.506
2026-02-15T00:30:00Z,17.64
2026-02-15T01:00:00Z,16.5375
2026-02-15T01:30:00Z,16.0965
2026-02-15T02:00:00Z,15.6555
2026-02-15T02:30:00Z,15.1305
2026-02-15T03:00:00Z,14.826
2026-02-15T03:30:00Z,14.553
2026-02-15T04:00:00Z,14.7735
2026-02-15T04:30:00Z,14.7735
2026-02-15T05:00:00Z,14.721
2026-02-15T05:30:00Z,14.91
2026-02-15T06:00:00Z,15.267
2026-02-15T06:30:00Z,16.758
2026-02-15T07:00:00Z,16.317
2026-02-15T07:30:00Z,17.0835
2026-02-15T08:00:00Z,16.359
2026-02-15T08:30:00Z,17.4195
2026-02-15T09:00:00Z,16.5375
2026-02-15T09:30:00Z,16.6215
2026-02-15T10:00:00Z,17.1255
2026-02-15T10:30:00Z,17.1885
2026-02-15T11:00:00Z,17.031
2026-02-15T11:30:00Z,17.8185
2026-02-15T12:00:00Z,17.388
2026-02-15T12:30:00Z,18.3015
2026-02-15T13:00:00Z,17.8605
2026-02-15T13:30:00Z,17.8605
2026-02-15T14:00:00Z,16.9575
2026-02-15T14:30:00Z,17.199
2026-02-15T15:00:00Z,16.296
2026-02-15T15:30:00Z,17.3355
2026-02-15T16:00:00Z,31.2585
2026-02-15T16:30:00Z,33.0225
2026-02-15T17:00:00Z,33.411
2026-02-15T17:30:00Z,34.0515
2026-02-15T18:00:00Z,34.5345
2026-02-15T18:30:00Z,33.5685
2026-02-15T19:00:00Z,20.8635
2026-02-15T19:30:00Z,19.1625
2026-02-15T20:00:00Z,18.354
2026-02-15T20:30:00Z,16.485
2026-02-15T21:00:00Z,17.073
2026-02-15T21:30:00Z,15.9495
2026-02-15T22:00:00Z,16.0755
2026-02-15T22:30:00Z,14.3325
2026-02-15T23:00:00Z,16.9995
2026-02-15T23:30:00Z,15.435
2026-02-16T00:00:00Z,15.057
2026-02-16T00:30:00Z,15.435
2026-02-16T01:00:00Z,15.6135
2026-02-16T01:30:00Z,14.9835
2026-02-16T02:00:00Z,14.931
2026-02-16T02:30:00Z,14.7735
2026-02-16T03:00:00Z,14.994
2026-02-16T03:30:00Z,14.4165
2026-02-16T04:00:00Z,14.7735
2026-02-16T04:30:00Z,14.7
2026-02-16T05:00:00Z,15.6555
2026-02-16T05:30:00Z,15.9075
2026-02-16T06:00:00Z,16.5375
2026-02-16T06:30:00Z,16.4955
2026-02-16T07:00:00Z,17.073
2026-02-16T07:30:00Z,19.3725
2026-02-16T08:00:00Z,19.488
2026-02-16T08:30:00Z,19.677
2026-02-16T09:00:00Z,19.404
2026-02-16T09:30:00Z,18.3855
2026-02-16T10:00:00Z,17.4615
2026-02-16T10:30:00Z,16.653
2026-02-16T11:00:00Z,16.338
2026-02-16T11:30:00Z,15.8655
2026-02-16T12:00:00Z,16.128
2026-02-16T12:30:00Z,15.876
2026-02-16T13:00:00Z,15.876
2026-02-16T13:30:00Z,15.9285
2026-02-16T14:00:00Z,15.876
2026-02-16T14:30:00Z,16.1805
2026-02-16T15:00:00Z,16.023
2026-02-16T15:30:00Z,17.6085
2026-02-16T16:00:00Z,31.311
2026-02-16T16:30:00Z,33.348
2026-02-16T17:00:00Z,33.243
2026-02-16T17:30:00Z,34.4295
2026-02-16T18:00:00Z,34.4295
2026-02-16T18:30:00Z,34.4295
2026-02-16T19:00:00Z,21.4305
2026-02-16T19:30:00Z,19.404
2026-02-16T20:00:00Z,19.32
2026-02-16T20:30:00Z,16.317
2026-02-16T21:00:00Z,17.199
2026-02-16T21:30:00Z,16.4745
2026-02-16T22:00:00Z,15.7395
2026-02-16T22:30:00Z,15.435
2026-02-16T23:00:00Z,15.7185
2026-02-16T23:30:00Z,14.9625
2026-02-17T00:00:00Z,14.196
2026-02-17T00:30:00Z,15.4455
2026-02-17T01:00:00Z,15.2145
2026-02-17T01:30:00Z,14.6895
2026-02-17T02:00:00Z,15.1935
2026-02-17T02:30:00Z,14.5425
2026-02-17T03:00:00Z,14.595
2026-02-17T03:30:00Z,14.196
2026-02-17T04:00:00Z,14.658
2026-02-17T04:30:00Z,14.595
2026-02-17T05:00:00Z,15.519
2026-02-17T05:30:00Z,17.115
2026-02-17T06:00:00Z,17.3565
2026-02-17T06:30:00Z,17.01
2026-02-17T07:00:00Z,16.8525
2026-02-17T07:30:00Z,19.2465
2026-02-17T08:00:00Z,18.879
2026-02-17T08:30:00Z,19.2465
2026-02-17T09:00:00Z,18.039
2026-02-17T09:30:00Z,16.5375
2026-02-17T10:00:00Z,16.2645
2026-02-17T10:30:00Z,15.876
2026-02-17T11:00:00Z,15.876
2026-02-17T11:30:00Z,15.519
2026-02-17T12:00:00Z,15.435
2026-02-17T12:30:00Z,15.5085
2026-02-17T13:00:00Z,15.8655
2026-02-17T13:30:00Z,15.5715
2026-02-17T14:00:00Z,14.994
2026-02-17T14:30:00Z,14.8365
2026-02-17T15:00:00Z,16.2225
2026-02-17T15:30:00Z,17.64
2026-02-17T16:00:00Z,31.4895
2026-02-17T16:30:00Z,34.7865
2026-02-17T17:00:00Z,35.2695
2026-02-17T17:30:00Z,37.296
2026-02-17T18:00:00Z,35.8575
2026-02-17T18:30:00Z,35.3325
2026-02-17T19:00:00Z,20.58
2026-02-17T19:30:00Z,19.593
2026-02-17T20:00:00Z,18.522
2026-02-17T20:30:00Z,16.317
2026-02-17T21:00:00Z,17.7975
2026-02-17T21:30:00Z,17.598
2026-02-17T22:00:00Z,16.653
2026-02-17T22:30:00Z,14.553
2026-02-17T23:00:00Z,18.522
2026-02-17T23:30:00Z,16.1385
2026-02-18T00:00:00Z,15.1515
2026-02-18T00:30:00Z,16.716
2026-02-18T01:00:00Z,16.611
2026-02-18T01:30:00Z,15.771
2026-02-18T02:00:00Z,15.771
2026-02-18T02:30:00Z,14.3325
2026-02-18T03:00:00Z,14.3325
2026-02-18T03:30:00Z,14.2485
2026-02-18T04:00:00Z,14.49
2026-02-18T04:30:00Z,14.3955
2026-02-18T05:00:00Z,14.553
2026-02-18T05:30:00Z,14.7735
2026-02-18T06:00:00Z,15.435
2026-02-18T06:30:00Z,15.771
2026-02-18T07:00:00Z,15.519
2026-02-18T07:30:00Z,17.598
2026-02-18T08:00:00Z,17.7345
2026-02-18T08:30:00Z,18.522
2026-02-18T09:00:00Z,18.018
2026-02-18T09:30:00Z,18.06
2026-02-18T10:00:00Z,16.695
2026-02-18T10:30:00Z,16.317
2026-02-18T11:00:00Z,15.2145
2026-02-18T11:30:00Z,15.771
2026-02-18T12:00:00Z,15.435
2026-02-18T12:30:00Z,15.351
2026-02-18T13:00:00Z,15.54
2026-02-18T13:30:00Z,15.351
2026-02-18T14:00:00Z,15.876
2026-02-18T14:30:00Z,16.149
2026-02-18T15:00:00Z,17.4825
2026-02-18T15:30:00Z,18.018
2026-02-18T16:00:00Z,30.681
2026-02-18T16:30:00Z,32.445
2026-02-18T17:00:00Z,31.164
2026-02-18T17:30:00Z,32.445
2026-02-18T18:00:00Z,32.445
2026-02-18T18:30:00Z,31.8675
2026-02-18T19:00:00Z,17.7975
2026-02-18T19:30:00Z,17.3985
2026-02-18T20:00:00Z,16.9575
2026-02-18T20:30:00Z,15.771
2026-02-18T21:00:00Z,17.64
2026-02-18T21:30:00Z,15.771
2026-02-18T22:00:00Z,15.666
2026-02-18T22:30:00Z,14.112
2026-02-18T23:00:00Z,14.217
2026-02-18T23:30:00Z,14.154
2026-02-19T00:00:00Z,15.2145
2026-02-19T00:30:00Z,16.2435
2026-02-19T01:00:00Z,15.519
2026-02-19T01:30:00Z,14.91
2026-02-19T02:00:00Z,14.5635
2026-02-19T02:30:00Z,14.112
2026-02-19T03:00:00Z,14.49
2026-02-19T03:30:00Z,14.3535
2026-02-19T04:00:00Z,14.112
2026-02-19T04:30:00Z,14.2065
2026-02-19T05:00:00Z,15.4245
2026-02-19T05:30:00Z,15.2145
2026-02-19T06:00:00Z,16.2435
2026-02-19T06:30:00Z,16.212
2026-02-19T07:00:00Z,16.4115
2026-02-19T07:30:00Z,17.3775
2026-02-19T08:00:00Z,17.1255
2026-02-19T08:30:00Z,18.522
2026-02-19T09:00:00Z,17.808
2026-02-19T09:30:00Z,17.703
2026-02-19T10:00:00Z,17.4615
2026-02-19T10:30:00Z,17.64
2026-02-19T11:00:00Z,17.556
2026-02-19T11:30:00Z,17.6505
2026-02-19T12:00:00Z,17.0415
2026-02-19T12:30:00Z,17.0415
2026-02-19T13:00:00Z,17.199
2026-02-19T13:30:00Z,17.0415
2026-02-19T14:00:00Z,17.3775
2026-02-19T14:30:00Z,17.052
2026-02-19T15:00:00Z,17.892
2026-02-19T15:30:00Z,18.123
2026-02-19T16:00:00Z,30.681
2026-02-19T16:30:00Z,33.432
2026-02-19T17:00:00Z,33.9885
2026-02-19T17:30:00Z,34.398
2026-02-19T18:00:00Z,33.5265
2026-02-19T18:30:00Z,33.789
2026-02-19T19:00:00Z,21.168
2026-02-19T19:30:00Z,19.9395
2026-02-19T20:00:00Z,18.3645
2026-02-19T20:30:00Z,17.5455
2026-02-19T21:00:00Z,17.073
2026-02-19T21:30:00Z,16.5375
2026-02-19T22:00:00Z,16.6635
2026-02-19T22:30:00Z,14.994
2026-02-19T23:00:00Z,17.199
2026-02-19T23:30:00Z,18.3855
2026-02-20T00:00:00Z,17.9235
2026-02-20T00:30:00Z,19.3095
2026-02-20T01:00:00Z,18.3015
2026-02-20T01:30:00Z,16.5375
2026-02-20T02:00:00Z,16.0965
2026-02-20T02:30:00Z,15.435
2026-02-20T03:00:00Z,15.435
2026-02-20T03:30:00Z,15.435
2026-02-20T04:00:00Z,15.6555
2026-02-20T04:30:00Z,15.6555
2026-02-20T05:00:00Z,16.0965
2026-02-20T05:30:00Z,16.317
2026-02-20T06:00:00Z,17.199
2026-02-20T06:30:00Z,18.9105
2026-02-20T07:00:00Z,20.5065
2026-02-20T07:30:00Z,21.3885
2026-02-20T08:00:00Z,19.7715
2026-02-20T08:30:00Z,20.139
2026-02-20T09:00:00Z,17.703
2026-02-20T09:30:00Z,17.3565
2026-02-20T10:00:00Z,17.0625
2026-02-20T10:30:00Z,17.1045
2026-02-20T11:00:00Z,16.317
2026-02-20T11:30:00Z,16.233
2026-02-20T12:00:00Z,15.876
2026-02-20T12:30:00Z,15.6555
2026-02-20T13:00:00Z,15.6555
2026-02-20T13:30:00Z,15.6555
2026-02-20T14:00:00Z,15.813
2026-02-20T14:30:00Z,15.6555
2026-02-20T15:00:00Z,15.5715
2026-02-20T15:30:00Z,15.6555
2026-02-20T16:00:00Z,28.476
2026-02-20T16:30:00Z,29.0115
2026-02-20T17:00:00Z,29.799
2026-02-20T17:30:00Z,31.038
2026-02-20T18:00:00Z,30.282
2026-02-20T18:30:00Z,29.799
2026-02-20T19:00:00Z,16.5375
2026-02-20T19:30:00Z,18.7425
2026-02-20T20:00:00Z,18.3015
2026-02-20T20:30:00Z,16.758
2026-02-20T21:00:00Z,17.241
2026-02-20T21:30:00Z,15.267
2026-02-20T22:00:00Z,12.789
2026-02-20T22:30:00Z,10.8255
2026-02-20T23:00:00Z,12.852
2026-02-20T23:30:00Z,12.1275
2026-02-21T00:00:00Z,11.802
2026-02-21T00:30:00Z,12.663
2026-02-21T01:00:00Z,13.0515
2026-02-21T01:30:00Z,13.104
2026-02-21T02:00:00Z,12.4215
2026-02-21T02:30:00Z,12.0855
2026-02-21T03:00:00Z,11.823
2026-02-21T03:30:00Z,11.907
2026-02-21T04:00:00Z,11.9805
2026-02-21T04:30:00Z,11.907
2026-02-21T05:00:00Z,12.789
2026-02-21T05:30:00Z,12.789
2026-02-21T06:00:00Z,14.7
2026-02-21T06:30:00Z,14.7735
2026-02-21T07:00:00Z,16.5165
2026-02-21T07:30:00Z,17.199
2026-02-21T08:00:00Z,17.577
2026-02-21T08:30:00Z,19.299
2026-02-21T09:00:00Z,18.921
2026-02-21T09:30:00Z,19.1415
2026-02-21T10:00:00Z,18.69
2026-02-21T10:30:00Z,18.9315
2026-02-21T11:00:00Z,18.2805
2026-02-21T11:30:00Z,18.081
2026-02-21T12:00:00Z,18.081
2026-02-21T12:30:00Z,17.8605
2026-02-21T13:00:00Z,17.409
2026-02-21T13:30:00Z,17.199
2026-02-21T14:00:00Z,17.262
2026-02-21T14:30:00Z,17.4195
2026-02-21T15:00:00Z,17.745
2026-02-21T15:30:00Z,17.535
2026-02-21T16:00:00Z,31.206
2026-02-21T16:30:00Z,32.004
2026-02-21T17:00:00Z,32.1825
2026-02-21T17:30:00Z,32.6655
2026-02-21T18:00:00Z,32.214
2026-02-21T18:30:00Z,32.004
2026-02-21T19:00:00Z,18.8895
2026-02-21T19:30:00Z,16.611
2026-02-21T20:00:00Z,17.5245
2026-02-21T20:30:00Z,17.4195
2026-02-21T21:00:00Z,17.5035
2026-02-21T21:30:00Z,15.9285
2026-02-21T22:00:00Z,15.435
2026-02-21T22:30:00Z,13.0935
2026-02-21T23:00:00Z,12.453
2026-02-21T23:30:00Z,12.201
2026-02-22T00:00:00Z,11.025
2026-02-22T00:30:00Z,12.1275
2026-02-22T01:00:00Z,10.752
2026-02-22T01:30:00Z,9.051
2026-02-22T02:00:00Z,7.5705
2026-02-22T02:30:00Z,5.5335
2026-02-22T03:00:00Z,4.893
2026-02-22T03:30:00Z,4.1895
2026-02-22T04:00:00Z,4.8405
2026-02-22T04:30:00Z,4.9035
2026-02-22T05:00:00Z,4.893
2026-02-22T05:30:00Z,4.662
2026-02-22T06:00:00Z,7.2765
2026-02-22T06:30:00Z,7.1925
2026-02-22T07:00:00Z,5.775
2026-02-22T07:30:00Z,7.2765
2026-02-22T08:00:00Z,6.615
2026-02-22T08:30:00Z,7.497
2026-02-22T09:00:00Z,8.1375
2026-02-22T09:30:00Z,8.5995
2026-02-22T10:00:00Z,8.82
2026-02-22T10:30:00Z,7.497
2026-02-22T11:00:00Z,6.5625
2026-02-22T11:30:00Z,4.683
2026-02-22T12:00:00Z,5.5545
2026-02-22T12:30:00Z,5.334
2026-02-22T13:00:00Z,6.615
2026-02-22T13:30:00Z,6.615
2026-02-22T14:00:00Z,5.691
2026-02-22T14:30:00Z,7.539
2026-02-22T15:00:00Z,8.82
2026-02-22T15:30:00Z,13.209
2026-02-22T16:00:00Z,27.909
2026-02-22T16:30:00Z,31.122
2026-02-22T17:00:00Z,31.3005
2026-02-22T17:30:00Z,32.2245
2026-02-22T18:00:00Z,32.445
2026-02-22T18:30:00Z,32.004
2026-02-22T19:00:00Z,18.438
2026-02-22T19:30:00Z,16.5375
2026-02-22T20:00:00Z,16.5375
2026-02-22T20:30:00Z,15.435
2026-02-22T21:00:00Z,13.8915
2026-02-22T21:30:00Z,13.041
2026-02-22T22:00:00Z,10.584
2026-02-22T22:30:00Z,6.258
2026-02-22T23:00:00Z,7.035
2026-02-22T23:30:00Z,7.1925
2026-02-23T00:00:00Z,5.775
2026-02-23T00:30:00Z,6.216
2026-02-23T01:00:00Z,6.153
2026-02-23T01:30:00Z,5.9535
2026-02-23T02:00:00Z,6.216
2026-02-23T02:30:00Z,6.006
2026-02-23T03:00:00Z,6.0165
2026-02-23T03:30:00Z,5.1765
2026-02-23T04:00:00Z,4.473
2026-02-23T04:30:00Z,4.431
2026-02-23T05:00:00Z,8.2845
2026-02-23T05:30:00Z,10.584
2026-02-23T06:00:00Z,16.842
2026-02-23T06:30:00Z,17.535
2026-02-23T07:00:00Z,17.64
2026-02-23T07:30:00Z,18.1335
2026-02-23T08:00:00Z,17.199
2026-02-23T08:30:00Z,17.199
2026-02-23T09:00:00Z,17.157
2026-02-23T09:30:00Z,16.317
2026-02-23T10:00:00Z,16.233
2026-02-23T10:30:00Z,15.876
2026-02-23T11:00:00Z,16.002
2026-02-23T11:30:00Z,14.742
2026-02-23T12:00:00Z,15.435
2026-02-23T12:30:00Z,15.435
2026-02-23T13:00:00Z,16.5585
2026-02-23T13:30:00Z,16.3275
2026-02-23T14:00:00Z,17.661
2026-02-23T14:30:00Z,16.695
2026-02-23T15:00:00Z,16.674
2026-02-23T15:30:00Z,16.758
2026-02-23T16:00:00Z,30.324
2026-02-23T16:30:00Z,32.088
2026-02-23T17:00:00Z,33.285
2026-02-23T17:30:00Z,34.4295
2026-02-23T18:00:00Z,34.4295
2026-02-23T18:30:00Z,34.2615
2026-02-23T19:00:00Z,20.685
2026-02-23T19:30:00Z,19.656
2026-02-23T20:00:00Z,18.9525
2026-02-23T20:30:00Z,17.2095
2026-02-23T21:00:00Z,17.703
2026-02-23T21:30:00Z,16.4535
2026-02-23T22:00:00Z,16.968
2026-02-23T22:30:00Z,16.2855
2026-02-23T23:00:00Z,17.367
2026-02-23T23:30:00Z,16.3275
2026-02-24T00:00:00Z,16.233
2026-02-24T00:30:00Z,17.0625
2026-02-24T01:00:00Z,17.199
2026-02-24T01:30:00Z,15.309
2026-02-24T02:00:00Z,16.191
2026-02-24T02:30:00Z,15.015
2026-02-24T03:00:00Z,14.973
2026-02-24T03:30:00Z,14.3535
2026-02-24T04:00:00Z,14.7105
2026-02-24T04:30:00Z,14.259
2026-02-24T05:00:00Z,14.9835
2026-02-24T05:30:00Z,15.435
2026-02-24T06:00:00Z,16.191
2026-02-24T06:30:00Z,19.845
2026-02-24T07:00:00Z,19.8555
2026-02-24T07:30:00Z,20.5065
2026-02-24T08:00:00Z,20.5065
2026-02-24T08:30:00Z,20.1075
2026-02-24T09:00:00Z,19.677
2026-02-24T09:30:00Z,19.2255
2026-02-24T10:00:00Z,17.724
2026-02-24T10:30:00Z,17.304
2026-02-24T11:00:00Z,16.2645
2026-02-24T11:30:00Z,15.4665
2026-02-24T12:00:00Z,14.9625
2026-02-24T12:30:00Z,14.427
2026-02-24T13:00:00Z,14.7735
2026-02-24T13:30:00Z,14.5215
2026-02-24T14:00:00Z,15.2355
2026-02-24T14:30:00Z,15.0675
2026-02-24T15:00:00Z,16.317
2026-02-24T15:30:00Z,16.8
2026-02-24T16:00:00Z,27.594
2026-02-24T16:30:00Z,31.122
2026-02-24T17:00:00Z,33.1485
2026-02-24T17:30:00Z,34.6185
2026-02-24T18:00:00Z,34.2615
2026-02-24T18:30:00Z,33.3165
2026-02-24T19:00:00Z,21.609
2026-02-24T19:30:00Z,20.5065
2026-02-24T20:00:00Z,17.64
2026-02-24T20:30:00Z,16.5375
2026-02-24T21:00:00Z,19.005
2026-02-24T21:30:00Z,17.094
2026-02-24T22:00:00Z,15.876
2026-02-24T22:30:00Z,14.8155
2026-02-24T23:00:00Z,15.96
2026-02-24T23:30:00Z,15.2145
2026-02-25T00:00:00Z,15.141
2026-02-25T00:30:00Z,16.1805
2026-02-25T01:00:00Z,15.8865
2026-02-25T01:30:00Z,15.519
2026-02-25T02:00:00Z,15.3195
2026-02-25T02:30:00Z,14.4795
2026-02-25T03:00:00Z,14.3535
2026-02-25T03:30:00Z,14.3535
2026-02-25T04:00:00Z,15.2145
2026-02-25T04:30:00Z,15.0885
2026-02-25T05:00:00Z,16.4955
2026-02-25T05:30:00Z,16.863
2026-02-25T06:00:00Z,18.3225
2026-02-25T06:30:00Z,20.9475
2026-02-25T07:00:00Z,19.3725
2026-02-25T07:30:00Z,20.6745
2026-02-25T08:00:00Z,19.488
2026-02-25T08:30:00Z,19.1625
2026-02-25T09:00:00Z,18.081
2026-02-25T09:30:00Z,17.199
2026-02-25T10:00:00Z,16.0965
2026-02-25T10:30:00Z,15.0255
2026-02-25T11:00:00Z,14.868
2026-02-25T11:30:00Z,14.826
2026-02-25T12:00:00Z,14.742
2026-02-25T12:30:00Z,14.679
2026-02-25T13:00:00Z,14.8365
2026-02-25T13:30:00Z,14.3955
2026-02-25T14:00:00Z,14.931
2026-02-25T14:30:00Z,15.141
2026-02-25T15:00:00Z,15.435
2026-02-25T15:30:00Z,16.9995
2026-02-25T16:00:00Z,30.5865
2026-02-25T16:30:00Z,34.0515
2026-02-25T17:00:00Z,32.445
2026-02-25T17:30:00Z,34.8705
2026-02-25T18:00:00Z,34.125
2026-02-25T18:30:00Z,33.5055
2026-02-25T19:00:00Z,19.173
2026-02-25T19:30:00Z,18.081
2026-02-25T20:00:00Z,16.989
2026-02-25T20:30:00Z,16.107
2026-02-25T21:00:00Z,16.758
2026-02-25T21:30:00Z,16.0965
2026-02-25T22:00:00Z,15.2145
2026-02-25T22:30:00Z,14.553
2026-02-25T23:00:00Z,16.5375
2026-02-25T23:30:00Z,14.847
2026-02-26T00:00:00Z,14.427
2026-02-26T00:30:00Z,14.8155
2026-02-26T01:00:00Z,14.595
2026-02-26T01:30:00Z,13.608
2026-02-26T02:00:00Z,14.07
2026-02-26T02:30:00Z,13.776
2026-02-26T03:00:00Z,14.5845
2026-02-26T03:30:00Z,14.112
2026-02-26T04:00:00Z,13.776
2026-02-26T04:30:00Z,13.5135
2026-02-26T05:00:00Z,13.776
2026-02-26T05:30:00Z,13.7865
2026-02-26T06:00:00Z,15.96
2026-02-26T06:30:00Z,18.7425
2026-02-26T07:00:00Z,18.627
2026-02-26T07:30:00Z,18.879
2026-02-26T08:00:00Z,18.3855
2026-02-26T08:30:00Z,17.5035
2026-02-26T09:00:00Z,18.081
2026-02-26T09:30:00Z,16.338
2026-02-26T10:00:00Z,14.973
2026-02-26T10:30:00Z,13.272
2026-02-26T11:00:00Z,12.9465
2026-02-26T11:30:00Z,13.23
2026-02-26T12:00:00Z,12.705
2026-02-26T12:30:00Z,13.0095
2026-02-26T13:00:00Z,13.146
2026-02-26T13:30:00Z,13.23
2026-02-26T14:00:00Z,13.4505
2026-02-26T14:30:00Z,13.524
2026-02-26T15:00:00Z,14.49
2026-02-26T15:30:00Z,15.855
2026-02-26T16:00:00Z,28.56
2026-02-26T16:30:00Z,31.2585
2026-02-26T17:00:00Z,32.004
2026-02-26T17:30:00Z,33.5475
2026-02-26T18:00:00Z,33.4845
2026-02-26T18:30:00Z,33.201
2026-02-26T19:00:00Z,18.5325
2026-02-26T19:30:00Z,18.207
2026-02-26T20:00:00Z,17.556
2026-02-26T20:30:00Z,16.7055
2026-02-26T21:00:00Z,16.212
2026-02-26T21:30:00Z,15.267
2026-02-26T22:00:00Z,15.5085
2026-02-26T22:30:00Z,13.335
2026-02-26T23:00:00Z,11.6445
2026-02-26T23:30:00Z,9.702
2026-02-27T00:00:00Z,10.7205
2026-02-27T00:30:00Z,10.8045
2026-02-27T01:00:00Z,8.82
2026-02-27T01:30:00Z,8.5155
2026-02-27T02:00:00Z,9.366
2026-02-27T02:30:00Z,8.9775
2026-02-27T03:00:00Z,8.757
2026-02-27T03:30:00Z,9.702
2026-02-27T04:00:00Z,10.584
2026-02-27T04:30:00Z,11.025
2026-02-27T05:00:00Z,13.272
2026-02-27T05:30:00Z,14.994
2026-02-27T06:00:00Z,16.5375
2026-02-27T06:30:00Z,16.758
2026-02-27T07:00:00Z,16.317
2026-02-27T07:30:00Z,17.2515
2026-02-27T08:00:00Z,17.367
2026-02-27T08:30:00Z,18.7005
2026-02-27T09:00:00Z,19.6245
2026-02-27T09:30:00Z,19.1835
2026-02-27T10:00:00Z,18.606
2026-02-27T10:30:00Z,18.1545
2026-02-27T11:00:00Z,18.207
2026-02-27T11:30:00Z,17.4405
2026-02-27T12:00:00Z,17.64
2026-02-27T12:30:00Z,17.199
2026-02-27T13:00:00Z,17.1255
2026-02-27T13:30:00Z,16.758
2026-02-27T14:00:00Z,16.821
2026-02-27T14:30:00Z,16.8105
2026-02-27T15:00:00Z,17.7975
2026-02-27T15:30:00Z,18.459
2026-02-27T16:00:00Z,31.857
2026-02-27T16:30:00Z,33.768
2026-02-27T17:00:00Z,32.6655
2026-02-27T17:30:00Z,33.6315
2026-02-27T18:00:00Z,33.285
2026-02-27T18:30:00Z,33.0855
2026-02-27T19:00:00Z,20.286
2026-02-27T19:30:00Z,18.7215
2026-02-27T20:00:00Z,17.43
2026-02-27T20:30:00Z,16.0755
2026-02-27T21:00:00Z,15.876
2026-02-27T21:30:00Z,13.8915
2026-02-27T22:00:00Z,15.6555
2026-02-27T22:30:00Z,14.364
2026-02-27T23:00:00Z,16.317
2026-02-27T23:30:00Z,15.6975
2026-02-28T00:00:00Z,16.3695
2026-02-28T00:30:00Z,17.745
2026-02-28T01:00:00Z,17.199
2026-02-28T01:30:00Z,15.729
2026-02-28T02:00:00Z,15.876
2026-02-28T02:30:00Z,15.414
2026-02-28T03:00:00Z,15.414
2026-02-28T03:30:00Z,15.1515
2026-02-28T04:00:00Z,15.435
2026-02-28T04:30:00Z,15.519
2026-02-28T05:00:00Z,15.645
2026-02-28T05:30:00Z,15.351
2026-02-28T06:00:00Z,15.6555
2026-02-28T06:30:00Z,16.0125
2026-02-28T07:00:00Z,16.3905
2026-02-28T07:30:00Z,17.8605
2026-02-28T08:00:00Z,18.4695
2026-02-28T08:30:00Z,19.467
2026-02-28T09:00:00Z,18.837
2026-02-28T09:30:00Z,18.522
2026-02-28T10:00:00Z,17.997
2026-02-28T10:30:00Z,17.3775
2026-02-28T11:00:00Z,16.0965
2026-02-28T11:30:00Z,15.3615
2026-02-28T12:00:00Z,14.973
2026-02-28T12:30:00Z,14.7735
2026-02-28T13:00:00Z,15.204
2026-02-28T13:30:00Z,15.267
2026-02-28T14:00:00Z,15.078
2026-02-28T14:30:00Z,15.645
2026-02-28T15:00:00Z,15.603
2026-02-28T15:30:00Z,16.002
2026-02-28T16:00:00Z,28.854
2026-02-28T16:30:00Z,32.739
2026-02-28T17:00:00Z,33.768
2026-02-28T17:30:00Z,34.8705
2026-02-28T18:00:00Z,35.2275
2026-02-28T18:30:00Z,34.4295
2026-02-28T19:00:00Z,21.168
2026-02-28T19:30:00Z,20.349
2026-02-28T20:00:00Z,20.706
2026-02-28T20:30:00Z,17.4405
2026-02-28T21:00:00Z,17.9235
2026-02-28T21:30:00Z,16.779
2026-02-28T22:00:00Z,17.4195
2026-02-28T22:30:00Z,17.367
2026-02-28T23:00:00Z,18.8055
2026-02-28T23:30:00Z,19.32
2026-03-01T00:00:00Z,17.997
2026-03-01T00:30:00Z,19.971
2026-03-01T01:00:00Z,19.0995
2026-03-01T01:30:00Z,16.2855
2026-03-01T02:00:00Z,15.435
2026-03-01T02:30:00Z,13.671
2026-03-01T03:00:00Z,12.978
2026-03-01T03:30:00Z,11.7705
2026-03-01T04:00:00Z,11.2035
2026-03-01T04:30:00Z,9.3765
2026-03-01T05:00:00Z,10.4895
2026-03-01T05:30:00Z,9.8595
2026-03-01T06:00:00Z,10.92
2026-03-01T06:30:00Z,10.9305
2026-03-01T07:00:00Z,8.82
2026-03-01T07:30:00Z,9.4815
2026-03-01T08:00:00Z,8.3475
2026-03-01T08:30:00Z,8.841
2026-03-01T09:00:00Z,9.3555
2026-03-01T09:30:00Z,10.143
2026-03-01T10:00:00Z,10.584
2026-03-01T10:30:00Z,11.2455
2026-03-01T11:00:00Z,11.907
2026-03-01T11:30:00Z,12.8625
2026-03-01T12:00:00Z,12.852
2026-03-01T12:30:00Z,12.8415
2026-03-01T13:00:00Z,12.327
2026-03-01T13:30:00Z,12.1275
2026-03-01T14:00:00Z,12.1275
2026-03-01T14:30:00Z,12.3165
2026-03-01T15:00:00Z,15.6555
2026-03-01T15:30:00Z,15.876
2026-03-01T16:00:00Z,29.2005
2026-03-01T16:30:00Z,30.9435
2026-03-01T17:00:00Z,31.1325
2026-03-01T17:30:00Z,31.647
2026-03-01T18:00:00Z,31.626
2026-03-01T18:30:00Z,31.122
2026-03-01T19:00:00Z,18.963
2026-03-01T19:30:00Z,16.5165
2026-03-01T20:00:00Z,15.7185
2026-03-01T20:30:00Z,14.2695
2026-03-01T21:00:00Z,14.1855
2026-03-01T21:30:00Z,12.9255
2026-03-01T22:00:00Z,11.6025
2026-03-01T22:30:00Z,9.975
2026-03-01T23:00:00Z,8.7885
2026-03-01T23:30:00Z,6.3945
2026-03-02T00:00:00Z,6.1215
2026-03-02T00:30:00Z,6.993
2026-03-02T01:00:00Z,7.7175
2026-03-02T01:30:00Z,7.7175
2026-03-02T02:00:00Z,10.143
2026-03-02T02:30:00Z,9.5655
2026-03-02T03:00:00Z,7.203
2026-03-02T03:30:00Z,8.1585
2026-03-02T04:00:00Z,8.1375
2026-03-02T04:30:00Z,9.702
2026-03-02T05:00:00Z,13.0095
2026-03-02T05:30:00Z,14.6265
2026-03-02T06:00:00Z,20.286
2026-03-02T06:30:00Z,24.78
2026-03-02T07:00:00Z,21.4095
2026-03-02T07:30:00Z,23.814
2026-03-02T08:00:00Z,22.05
2026-03-02T08:30:00Z,19.7085
2026-03-02T09:00:00Z,20.0865
2026-03-02T09:30:00Z,17.976
2026-03-02T10:00:00Z,17.073
2026-03-02T10:30:00Z,16.4115
2026-03-02T11:00:00Z,16.0545
2026-03-02T11:30:00Z,16.0965
2026-03-02T12:00:00Z,16.5165
2026-03-02T12:30:00Z,16.5165
2026-03-02T13:00:00Z,15.9495
2026-03-02T13:30:00Z,16.317
2026-03-02T14:00:00Z,17.283
2026-03-02T14:30:00Z,17.997
2026-03-02T15:00:00Z,20.559
2026-03-02T15:30:00Z,20.4225
2026-03-02T16:00:00Z,35.175
2026-03-02T16:30:00Z,39.7845
2026-03-02T17:00:00Z,41.1495
2026-03-02T17:30:00Z,44.646
2026-03-02T18:00:00Z,41.265
2026-03-02T18:30:00Z,41.9265
2026-03-02T19:00:00Z,23.268
2026-03-02T19:30:00Z,22.05
2026-03-02T20:00:00Z,21.525
2026-03-02T20:30:00Z,20.286
2026-03-02T21:00:00Z,20.6955
2026-03-02T21:30:00Z,19.6875
2026-03-02T22:00:00Z,19.8975
2026-03-02T22:30:00Z,18.7845
2026-03-02T23:00:00Z,20.286
2026-03-02T23:30:00Z,19.719
2026-03-03T00:00:00Z,19.404
2026-03-03T00:30:00Z,20.5065
2026-03-03T01:00:00Z,20.895
2026-03-03T01:30:00Z,19.845
2026-03-03T02:00:00Z,19.677
2026-03-03T02:30:00Z,18.963
2026-03-03T03:00:00Z,20.5065
2026-03-03T03:30:00Z,20.1915
2026-03-03T04:00:00Z,20.9055
2026-03-03T04:30:00Z,20.391
2026-03-03T05:00:00Z,24.255
2026-03-03T05:30:00Z,23.2155
2026-03-03T06:00:00Z,26.46
2026-03-03T06:30:00Z,31.017
2026-03-03T07:00:00Z,24.9165
2026-03-03T07:30:00Z,26.46
2026-03-03T08:00:00Z,25.767
2026-03-03T08:30:00Z,23.415
2026-03-03T09:00:00Z,24.255
2026-03-03T09:30:00Z,20.706
2026-03-03T10:00:00Z,19.6455
2026-03-03T10:30:00Z,18.879
2026-03-03T11:00:00Z,18.459
2026-03-03T11:30:00Z,18.4485
2026-03-03T12:00:00Z,18.354
2026-03-03T12:30:00Z,18.3645
2026-03-03T13:00:00Z,18.207
2026-03-03T13:30:00Z,18.2595
2026-03-03T14:00:00Z,18.6795
2026-03-03T14:30:00Z,18.081
2026-03-03T15:00:00Z,24.1395
2026-03-03T15:30:00Z,24.255
2026-03-03T16:00:00Z,38.577
2026-03-03T16:30:00Z,46.6935
2026-03-03T17:00:00Z,45.675
2026-03-03T17:30:00Z,52.5105
2026-03-03T18:00:00Z,46.557
2026-03-03T18:30:00Z,44.1945
2026-03-03T19:00:00Z,28.875
2026-03-03T19:30:00Z,25.2
2026-03-03T20:00:00Z,22.6695
2026-03-03T20:30:00Z,22.8375
2026-03-03T21:00:00Z,22.2915
2026-03-03T21:30:00Z,20.727
2026-03-03T22:00:00Z,19.1835
2026-03-03T22:30:00Z,17.64
2026-03-03T23:00:00Z,24.486
2026-03-03T23:30:00Z,23.541
2026-03-04T00:00:00Z,23.1735
2026-03-04T00:30:00Z,24.696
2026-03-04T01:00:00Z,24.5595
2026-03-04T01:30:00Z,23.9505
2026-03-04T02:00:00Z,24.3285
2026-03-04T02:30:00Z,23.9925
2026-03-04T03:00:00Z,24.255
2026-03-04T03:30:00Z,23.6355
2026-03-04T04:00:00Z,25.41
2026-03-04T04:30:00Z,25.0425
2026-03-04T05:00:00Z,26.6175
2026-03-04T05:30:00Z,26.334
2026-03-04T06:00:00Z,34.398
2026-03-04T06:30:00Z,38.5875
2026-03-04T07:00:00Z,35.28
2026-03-04T07:30:00Z,36.162
2026-03-04T08:00:00Z,28.665
2026-03-04T08:30:00Z,28.245
2026-03-04T09:00:00Z,28.9275
2026-03-04T09:30:00Z,30.87
2026-03-04T10:00:00Z,29.3265
2026-03-04T10:30:00Z,25.347
2026-03-04T11:00:00Z,23.373
2026-03-04T11:30:00Z,22.3755
2026-03-04T12:00:00Z,22.05
2026-03-04T12:30:00Z,21.777
2026-03-04T13:00:00Z,21.3885
2026-03-04T13:30:00Z,20.853
2026-03-04T14:00:00Z,20.853
2026-03-04T14:30:00Z,20.202
2026-03-04T15:00:00Z,23.835
2026-03-04T15:30:00Z,25.305
2026-03-04T16:00:00Z,42.1365
2026-03-04T16:30:00Z,46.9455
2026-03-04T17:00:00Z,47.922
2026-03-04T17:30:00Z,54.936
2026-03-04T18:00:00Z,47.5755
2026-03-04T18:30:00Z,48.0165
2026-03-04T19:00:00Z,32.382
2026-03-04T19:30:00Z,28.5705
2026-03-04T20:00:00Z,24.4965
2026-03-04T20:30:00Z,23.919
2026-03-04T21:00:00Z,24.2655
2026-03-04T21:30:00Z,22.2915
2026-03-04T22:00:00Z,21.651
2026-03-04T22:30:00Z,19.404
2026-03-04T23:00:00Z,21.168
2026-03-04T23:30:00Z,21.168
2026-03-05T00:00:00Z,20.0445
2026-03-05T00:30:00Z,20.244
2026-03-05T01:00:00Z,20.58
2026-03-05T01:30:00Z,20.1285
2026-03-05T02:00:00Z,19.95
2026-03-05T02:30:00Z,20.181
2026-03-05T03:00:00Z,20.5065
2026-03-05T03:30:00Z,19.866
2026-03-05T04:00:00Z,20.286
2026-03-05T04:30:00Z,21.525
2026-03-05T05:00:00Z,23.373
2026-03-05T05:30:00Z,24.255
2026-03-05T06:00:00Z,24.696
2026-03-05T06:30:00Z,26.901
2026-03-05T07:00:00Z,24.7905
2026-03-05T07:30:00Z,25.8615
2026-03-05T08:00:00Z,25.494
2026-03-05T08:30:00Z,24.276
2026-03-05T09:00:00Z,25.0005
2026-03-05T09:30:00Z,23.5515
2026-03-05T10:00:00Z,22.974
2026-03-05T10:30:00Z,22.2705
2026-03-05T11:00:00Z,22.2705
2026-03-05T11:30:00Z,22.0395
2026-03-05T12:00:00Z,22.491
2026-03-05T12:30:00Z,22.596
2026-03-05T13:00:00Z,23.016
2026-03-05T13:30:00Z,23.0895
2026-03-05T14:00:00Z,22.9005
2026-03-05T14:30:00Z,22.743
2026-03-05T15:00:00Z,25.3365
2026-03-05T15:30:00Z,22.9215
2026-03-05T16:00:00Z,40.4145
2026-03-05T16:30:00Z,42.546
2026-03-05T17:00:00Z,42.8085
2026-03-05T17:30:00Z,43.2495
2026-03-05T18:00:00Z,42.8085
2026-03-05T18:30:00Z,42.8085
2026-03-05T19:00:00Z,24.801
2026-03-05T19:30:00Z,25.2735
2026-03-05T20:00:00Z,24.3285
2026-03-05T20:30:00Z,25.284
2026-03-05T21:00:00Z,25.137
2026-03-05T21:30:00Z,24.0345
2026-03-05T22:00:00Z,24.2025
2026-03-05T22:30:00Z,22.8375
2026-03-05T23:00:00Z,21.609
2026-03-05T23:30:00Z,20.9475
2026-03-06T00:00:00Z,21.21
2026-03-06T00:30:00Z,22.071
2026-03-06T01:00:00Z,21.8925
2026-03-06T01:30:00Z,20.664
2026-03-06T02:00:00Z,21.273
2026-03-06T02:30:00Z,21.336
2026-03-06T03:00:00Z,20.5485
2026-03-06T03:30:00Z,20.5065
2026-03-06T04:00:00Z,21.1155
2026-03-06T04:30:00Z,22.827
2026-03-06T05:00:00Z,24.9165
2026-03-06T05:30:00Z,24.4965
2026-03-06T06:00:00Z,25.137
2026-03-06T06:30:00Z,25.7775
2026-03-06T07:00:00Z,22.7115
2026-03-06T07:30:00Z,26.523
2026-03-06T08:00:00Z,22.596
2026-03-06T08:30:00Z,24.7485
2026-03-06T09:00:00Z,26.082
2026-03-06T09:30:00Z,25.8195
2026-03-06T10:00:00Z,26.565
2026-03-06T10:30:00Z,26.1555
2026-03-06T11:00:00Z,27.237
2026-03-06T11:30:00Z,26.439
2026-03-06T12:00:00Z,26.208
2026-03-06T12:30:00Z,24.255
2026-03-06T13:00:00Z,24.15
2026-03-06T13:30:00Z,23.961
2026-03-06T14:00:00Z,23.4675
2026-03-06T14:30:00Z,23.352
2026-03-06T15:00:00Z,24.696
2026-03-06T15:30:00Z,25.8405
2026-03-06T16:00:00Z,41.9055
2026-03-06T16:30:00Z,45.696
2026-03-06T17:00:00Z,48.258
2026-03-06T17:30:00Z,50.484
2026-03-06T18:00:00Z,46.998
2026-03-06T18:30:00Z,47.691
2026-03-06T19:00:00Z,30.6075
2026-03-06T19:30:00Z,28.4865
2026-03-06T20:00:00Z,26.6175
2026-03-06T20:30:00Z,25.431
2026-03-06T21:00:00Z,25.662
2026-03-06T21:30:00Z,22.848
2026-03-06T22:00:00Z,23.1525
2026-03-06T22:30:00Z,21.5355
2026-03-06T23:00:00Z,24.8325
2026-03-06T23:30:00Z,23.919
2026-03-07T00:00:00Z,24.7905
2026-03-07T00:30:00Z,26.859
2026-03-07T01:00:00Z,24.255
2026-03-07T01:30:00Z,22.89
2026-03-07T02:00:00Z,22.7115
2026-03-07T02:30:00Z,22.8795
2026-03-07T03:00:00Z,22.449
2026-03-07T03:30:00Z,22.197
2026-03-07T04:00:00Z,22.05
2026-03-07T04:30:00Z,21.798
2026-03-07T05:00:00Z,22.47
2026-03-07T05:30:00Z,22.491
2026-03-07T06:00:00Z,22.7745
2026-03-07T06:30:00Z,24.612
2026-03-07T07:00:00Z,22.974
2026-03-07T07:30:00Z,24.1605
2026-03-07T08:00:00Z,24.3915
2026-03-07T08:30:00Z,25.536
2026-03-07T09:00:00Z,26.2395
2026-03-07T09:30:00Z,26.1345
2026-03-07T10:00:00Z,24.3915
2026-03-07T10:30:00Z,24.4335
2026-03-07T11:00:00Z,23.814
2026-03-07T11:30:00Z,24.4755
2026-03-07T12:00:00Z,22.932
2026-03-07T12:30:00Z,22.827
2026-03-07T13:00:00Z,22.7955
2026-03-07T13:30:00Z,23.1525
2026-03-07T14:00:00Z,25.725
2026-03-07T14:30:00Z,24.549
2026-03-07T15:00:00Z,25.3575
2026-03-07T15:30:00Z,24.8745
2026-03-07T16:00:00Z,38.4405
2026-03-07T16:30:00Z,43.0185
2026-03-07T17:00:00Z,45.0135
2026-03-07T17:30:00Z,45.234
2026-03-07T18:00:00Z,44.688
2026-03-07T18:30:00Z,44.4675
2026-03-07T19:00:00Z,32.2245
2026-03-07T19:30:00Z,29.3265
2026-03-07T20:00:00Z,27.846
2026-03-07T20:30:00Z,25.326
2026-03-07T21:00:00Z,27.1845
2026-03-07T21:30:00Z,25.011
2026-03-07T22:00:00Z,25.5255
2026-03-07T22:30:00Z,23.1945
2026-03-07T23:00:00Z,27.489
2026-03-07T23:30:00Z,24.4335
2026-03-08T00:00:00Z,23.814
2026-03-08T00:30:00Z,26.418
2026-03-08T01:00:00Z,25.578
2026-03-08T01:30:00Z,23.814
2026-03-08T02:00:00Z,24.339
2026-03-08T02:30:00Z,23.436
2026-03-08T03:00:00Z,24.255
2026-03-08T03:30:00Z,23.5935
2026-03-08T04:00:00Z,23.5935
2026-03-08T04:30:00Z,23.604
2026-03-08T05:00:00Z,24.1605
2026-03-08T05:30:00Z,23.5935
2026-03-08T06:00:00Z,23.814
2026-03-08T06:30:00Z,25.578
2026-03-08T07:00:00Z,24.9795
2026-03-08T07:30:00Z,24.9375
2026-03-08T08:00:00Z,25.494
2026-03-08T08:30:00Z,26.019
2026-03-08T09:00:00Z,26.019
2026-03-08T09:30:00Z,26.964
2026-03-08T10:00:00Z,26.46
2026-03-08T10:30:00Z,26.6805
2026-03-08T11:00:00Z,26.019
2026-03-08T11:30:00Z,26.019
2026-03-08T12:00:00Z,25.641
2026-03-08T12:30:00Z,25.8195
2026-03-08T13:00:00Z,26.082
2026-03-08T13:30:00Z,26.0715
2026-03-08T14:00:00Z,26.145
2026-03-08T14:30:00Z,26.46
2026-03-08T15:00:00Z,25.578
2026-03-08T15:30:00Z,26.2815
2026-03-08T16:00:00Z,39.984
2026-03-08T16:30:00Z,43.3125
2026-03-08T17:00:00Z,44.394
2026-03-08T17:30:00Z,45.234
2026-03-08T18:00:00Z,45.3915
2026-03-08T18:30:00Z,45.0135
2026-03-08T19:00:00Z,32.0985
2026-03-08T19:30:00Z,30.2085
2026-03-08T20:00:00Z,28.665
2026-03-08T20:30:00Z,25.599
2026-03-08T21:00:00Z,28.224
2026-03-08T21:30:00Z,25.578
2026-03-08T22:00:00Z,25.3575
2026-03-08T22:30:00Z,23.814
2026-03-08T23:00:00Z,26.46
2026-03-08T23:30:00Z,25.2735
2026-03-09T00:00:00Z,24.801
2026-03-09T00:30:00Z,24.759
2026-03-09T01:00:00Z,24.9165
2026-03-09T01:30:00Z,24.696
2026-03-09T02:00:00Z,24.4755
2026-03-09T02:30:00Z,24.444
2026-03-09T03:00:00Z,24.5175
2026-03-09T03:30:00Z,23.5935
2026-03-09T04:00:00Z,25.1475
2026-03-09T04:30:00Z,24.9795
2026-03-09T05:00:00Z,28.2975
2026-03-09T05:30:00Z,28.287
2026-03-09T06:00:00Z,31.3635
2026-03-09T06:30:00Z,32.319
2026-03-09T07:00:00Z,31.9725
2026-03-09T07:30:00Z,33.7785
2026-03-09T08:00:00Z,31.752
2026-03-09T08:30:00Z,31.857
2026-03-09T09:00:00Z,32.5815
2026-03-09T09:30:00Z,31.9725
2026-03-09T10:00:00Z,32.5815
2026-03-09T10:30:00Z,30.87
2026-03-09T11:00:00Z,28.0035
2026-03-09T11:30:00Z,26.46
2026-03-09T12:00:00Z,25.3575
2026-03-09T12:30:00Z,25.3575
2026-03-09T13:00:00Z,24.738
2026-03-09T13:30:00Z,24.5805
2026-03-09T14:00:00Z,24.801
2026-03-09T14:30:00Z,23.73
2026-03-09T15:00:00Z,26.2815
2026-03-09T15:30:00Z,27.342
2026-03-09T16:00:00Z,42.8085
2026-03-09T16:30:00Z,49.203
2026-03-09T17:00:00Z,52.374
2026-03-09T17:30:00Z,54.2745
2026-03-09T18:00:00Z,52.29
2026-03-09T18:30:00Z,52.374
2026-03-09T19:00:00Z,37.086
2026-03-09T19:30:00Z,33.012
2026-03-09T20:00:00Z,25.578
2026-03-09T20:30:00Z,29.106
2026-03-09T21:00:00Z,28.2555
2026-03-09T21:30:00Z,24.696
2026-03-09T22:00:00Z,26.2185
2026-03-09T22:30:00Z,25.578
2026-03-09T23:00:00Z,26.2395
2026-03-09T23:30:00Z,25.2945
2026-03-10T00:00:00Z,24.1605
2026-03-10T00:30:00Z,25.662
2026-03-10T01:00:00Z,24.2865
2026-03-10T01:30:00Z,23.1525
2026-03-10T02:00:00Z,23.751
2026-03-10T02:30:00Z,23.478
2026-03-10T03:00:00Z,23.8245
2026-03-10T03:30:00Z,23.1525
2026-03-10T04:00:00Z,23.478
2026-03-10T04:30:00Z,23.6775
2026-03-10T05:00:00Z,25.7355
2026-03-10T05:30:00Z,27.195
2026-03-10T06:00:00Z,27.5835
2026-03-10T06:30:00Z,32.8545
2026-03-10T07:00:00Z,31.1115
2026-03-10T07:30:00Z,33.075
2026-03-10T08:00:00Z,31.3635
2026-03-10T08:30:00Z,30.87
2026-03-10T09:00:00Z,31.1115
2026-03-10T09:30:00Z,28.665
2026-03-10T10:00:00Z,26.019
2026-03-10T10:30:00Z,25.914
2026-03-10T11:00:00Z,25.662
2026-03-10T11:30:00Z,25.1895
2026-03-10T12:00:00Z,24.255
2026-03-10T12:30:00Z,23.562
2026-03-10T13:00:00Z,22.932
2026-03-10T13:30:00Z,22.386
2026-03-10T14:00:00Z,23.31
2026-03-10T14:30:00Z,23.2155
2026-03-10T15:00:00Z,24.759
2026-03-10T15:30:00Z,25.473
2026-03-10T16:00:00Z,40.1415
2026-03-10T16:30:00Z,43.47
2026-03-10T17:00:00Z,43.029
2026-03-10T17:30:00Z,44.1105
2026-03-10T18:00:00Z,45.0765
2026-03-10T18:30:00Z,42.8715
2026-03-10T19:00:00Z,27.993
2026-03-10T19:30:00Z,24.1605
2026-03-10T20:00:00Z,24.255
2026-03-10T20:30:00Z,23.373
2026-03-10T21:00:00Z,25.305
2026-03-10T21:30:00Z,20.643
2026-03-10T22:00:00Z,21.021
2026-03-10T22:30:00Z,17.64
2026-03-10T23:00:00Z,10.2375
2026-03-10T23:30:00Z,6.762
2026-03-11T00:00:00Z,7.938
2026-03-11T00:30:00Z,11.466
2026-03-11T01:00:00Z,10.9305
2026-03-11T01:30:00Z,8.442
2026-03-11T02:00:00Z,6.9825
2026-03-11T02:30:00Z,5.1135
2026-03-11T03:00:00Z,9.0405
2026-03-11T03:30:00Z,10.143
2026-03-11T04:00:00Z,11.1195
2026-03-11T04:30:00Z,11.8335
2026-03-11T05:00:00Z,10.143
2026-03-11T05:30:00Z,13.23
2026-03-11T06:00:00Z,13.23
2026-03-11T06:30:00Z,18.9315
2026-03-11T07:00:00Z,17.22
2026-03-11T07:30:00Z,19.0995
2026-03-11T08:00:00Z,18.963
2026-03-11T08:30:00Z,18.2175
2026-03-11T09:00:00Z,17.556
2026-03-11T09:30:00Z,13.0095
2026-03-11T10:00:00Z,11.529
2026-03-11T10:30:00Z,11.109
2026-03-11T11:00:00Z,11.025
2026-03-11T11:30:00Z,10.9935
2026-03-11T12:00:00Z,11.2665
2026-03-11T12:30:00Z,10.584
2026-03-11T13:00:00Z,13.23
2026-03-11T13:30:00Z,15.435
2026-03-11T14:00:00Z,16.4955
2026-03-11T14:30:00Z,18.963
2026-03-11T15:00:00Z,16.758
2026-03-11T15:30:00Z,23.373
2026-03-11T16:00:00Z,33.81
2026-03-11T16:30:00Z,41.0445
2026-03-11T17:00:00Z,38.619
2026-03-11T17:30:00Z,40.383
2026-03-11T18:00:00Z,43.176
2026-03-11T18:30:00Z,42.609
2026-03-11T19:00:00Z,27.09
2026-03-11T19:30:00Z,25.137
2026-03-11T20:00:00Z,21.693
2026-03-11T20:30:00Z,22.05
2026-03-11T21:00:00Z,23.646
2026-03-11T21:30:00Z,22.491
2026-03-11T22:00:00Z,24.843
2026-03-11T22:30:00Z,17.5665
2026-03-11T23:00:00Z,14.1855
2026-03-11T23:30:00Z,13.23
2026-03-12T00:00:00Z,13.986
2026-03-12T00:30:00Z,15.834
2026-03-12T01:00:00Z,14.3535
2026-03-12T01:30:00Z,12.0645
2026-03-12T02:00:00Z,12.5685
2026-03-12T02:30:00Z,9.9225
2026-03-12T03:00:00Z,10.3635
2026-03-12T03:30:00Z,10.5735
2026-03-12T04:00:00Z,9.87
2026-03-12T04:30:00Z,10.3635
2026-03-12T05:00:00Z,13.083
2026-03-12T05:30:00Z,14.9205
2026-03-12T06:00:00Z,15.435
2026-03-12T06:30:00Z,19.6245
2026-03-12T07:00:00Z,15.918
2026-03-12T07:30:00Z,17.682
2026-03-12T08:00:00Z,12.39
2026-03-12T08:30:00Z,14.0175
2026-03-12T09:00:00Z,12.3165
2026-03-12T09:30:00Z,11.3295
2026-03-12T10:00:00Z,11.907
2026-03-12T10:30:00Z,13.23
2026-03-12T11:00:00Z,12.8205
2026-03-12T11:30:00Z,12.3795
2026-03-12T12:00:00Z,12.1275
2026-03-12T12:30:00Z,12.1905
2026-03-12T13:00:00Z,13.0095
2026-03-12T13:30:00Z,13.23
2026-03-12T14:00:00Z,14.112
2026-03-12T14:30:00Z,15.0045
2026-03-12T15:00:00Z,15.2145
2026-03-12T15:30:00Z,17.9235
2026-03-12T16:00:00Z,30.9015
2026-03-12T16:30:00Z,33.5055
2026-03-12T17:00:00Z,33.663
2026-03-12T17:30:00Z,34.188
2026-03-12T18:00:00Z,34.209
2026-03-12T18:30:00Z,33.033
2026-03-12T19:00:00Z,21.5355
2026-03-12T19:30:00Z,20.286
2026-03-12T20:00:00Z,18.669
2026-03-12T20:30:00Z,14.595
2026-03-12T21:00:00Z,13.272
2026-03-12T21:30:00Z,9.66
2026-03-12T22:00:00Z,7.7175
2026-03-12T22:30:00Z,4.6305
2026-03-12T23:00:00Z,2.079
2026-03-12T23:30:00Z,0.3045
2026-03-13T00:00:00Z,1.1025
2026-03-13T00:30:00Z,1.701
2026-03-13T01:00:00Z,1.3125
2026-03-13T01:30:00Z,1.218
2026-03-13T02:00:00Z,0.798
2026-03-13T02:30:00Z,0.966
2026-03-13T03:00:00Z,0.882
2026-03-13T03:30:00Z,0.441
2026-03-13T04:00:00Z,0.2205
2026-03-13T04:30:00Z,0.0
2026-03-13T05:00:00Z,0.3045
2026-03-13T05:30:00Z,4.1055
2026-03-13T06:00:00Z,3.7275
2026-03-13T06:30:00Z,11.2665
2026-03-13T07:00:00Z,15.435
2026-03-13T07:30:00Z,17.0205
2026-03-13T08:00:00Z,14.217
2026-03-13T08:30:00Z,12.012
2026-03-13T09:00:00Z,13.4505
2026-03-13T09:30:00Z,13.4505
2026-03-13T10:00:00Z,13.9545
2026-03-13T10:30:00Z,13.23
2026-03-13T11:00:00Z,13.23
2026-03-13T11:30:00Z,13.755
2026-03-13T12:00:00Z,12.264
2026-03-13T12:30:00Z,13.23
2026-03-13T13:00:00Z,13.23
2026-03-13T13:30:00Z,13.23
2026-03-13T14:00:00Z,12.4215
2026-03-13T14:30:00Z,12.9675
2026-03-13T15:00:00Z,16.1595
2026-03-13T15:30:00Z,19.824
2026-03-13T16:00:00Z,36.1095
2026-03-13T16:30:00Z,36.855
2026-03-13T17:00:00Z,38.997
2026-03-13T17:30:00Z,42.147
2026-03-13T18:00:00Z,41.601
2026-03-13T18:30:00Z,42.3675
2026-03-13T19:00:00Z,28.0665
2026-03-13T19:30:00Z,27.6045
2026-03-13T20:00:00Z,28.0035
2026-03-13T20:30:00Z,25.41
2026-03-13T21:00:00Z,25.7145
2026-03-13T21:30:00Z,23.877
2026-03-13T22:00:00Z,23.373
2026-03-13T22:30:00Z,20.727
2026-03-13T23:00:00Z,24.255
2026-03-13T23:30:00Z,23.1525
2026-03-14T00:00:00Z,22.9005
2026-03-14T00:30:00Z,24.1605
2026-03-14T01:00:00Z,23.352
2026-03-14T01:30:00Z,21.336
2026-03-14T02:00:00Z,21.8295
2026-03-14T02:30:00Z,21.3885
2026-03-14T03:00:00Z,20.979
2026-03-14T03:30:00Z,21.252
2026-03-14T04:00:00Z,21.609
2026-03-14T04:30:00Z,21.8505
2026-03-14T05:00:00Z,21.9975
2026-03-14T05:30:00Z,21.7875
2026-03-14T06:00:00Z,22.3965
2026-03-14T06:30:00Z,26.1765
2026-03-14T07:00:00Z,27.678
2026-03-14T07:30:00Z,27.342
2026-03-14T08:00:00Z,27.5625
2026-03-14T08:30:00Z,26.46
2026-03-14T09:00:00Z,26.208
2026-03-14T09:30:00Z,23.5935
2026-03-14T10:00:00Z,21.9975
2026-03-14T10:30:00Z,21.1155
2026-03-14T11:00:00Z,21.8085
2026-03-14T11:30:00Z,21.462
2026-03-14T12:00:00Z,21.1155
2026-03-14T12:30:00Z,21.063
2026-03-14T13:00:00Z,20.937
2026-03-14T13:30:00Z,20.0865
2026-03-14T14:00:00Z,20.643
2026-03-14T14:30:00Z,21.147
2026-03-14T15:00:00Z,22.932
2026-03-14T15:30:00Z,22.953
2026-03-14T16:00:00Z,34.65
2026-03-14T16:30:00Z,38.178
2026-03-14T17:00:00Z,42.441
2026-03-14T17:30:00Z,45.0135
2026-03-14T18:00:00Z,44.688
2026-03-14T18:30:00Z,44.6985
2026-03-14T19:00:00Z,31.752
2026-03-14T19:30:00Z,29.6835
2026-03-14T20:00:00Z,29.841
2026-03-14T20:30:00Z,26.292
2026-03-14T21:00:00Z,26.7645
2026-03-14T21:30:00Z,24.255
2026-03-14T22:00:00Z,24.969
2026-03-14T22:30:00Z,24.402
2026-03-14T23:00:00Z,26.9745
2026-03-14T23:30:00Z,27.5835
2026-03-15T00:00:00Z,27.006
2026-03-15T00:30:00Z,27.5625
2026-03-15T01:00:00Z,26.901
2026-03-15T01:30:00Z,24.4755
2026-03-15T02:00:00Z,24.255
2026-03-15T02:30:00Z,24.255
2026-03-15T03:00:00Z,23.688
2026-03-15T03:30:00Z,22.302
2026-03-15T04:00:00Z,22.2915
2026-03-15T04:30:00Z,19.404
2026-03-15T05:00:00Z,20.0235
2026-03-15T05:30:00Z,17.64
2026-03-15T06:00:00Z,20.1705
2026-03-15T06:30:00Z,20.832
2026-03-15T07:00:00Z,17.199
2026-03-15T07:30:00Z,16.296
2026-03-15T08:00:00Z,15.435
2026-03-15T08:30:00Z,15.435
2026-03-15T09:00:00Z,13.5135
2026-03-15T09:30:00Z,11.823
2026-03-15T10:00:00Z,10.71
2026-03-15T10:30:00Z,9.1035
2026-03-15T11:00:00Z,9.156
2026-03-15T11:30:00Z,9.156
2026-03-15T12:00:00Z,8.883
2026-03-15T12:30:00Z,9.5025
2026-03-15T13:00:00Z,9.912
2026-03-15T13:30:00Z,8.82
2026-03-15T14:00:00Z,7.875
2026-03-15T14:30:00Z,9.639
2026-03-15T15:00:00Z,11.046
2026-03-15T15:30:00Z,14.3115
2026-03-15T16:00:00Z,31.563
2026-03-15T16:30:00Z,36.855
2026-03-15T17:00:00Z,37.086
2026-03-15T17:30:00Z,38.661
2026-03-15T18:00:00Z,38.0835
2026-03-15T18:30:00Z,37.821
2026-03-15T19:00:00Z,24.8955
2026-03-15T19:30:00Z,22.05
2026-03-15T20:00:00Z,21.252
2026-03-15T20:30:00Z,17.64
2026-03-15T21:00:00Z,18.081
2026-03-15T21:30:00Z,13.5765
2026-03-15T22:00:00Z,13.23
2026-03-15T22:30:00Z,11.025
2026-03-15T23:00:00Z,4.5255
2026-03-15T23:30:00Z,1.764
2026-03-16T00:00:00Z,2.205
2026-03-16T00:30:00Z,3.864
2026-03-16T01:00:00Z,3.7065
2026-03-16T01:30:00Z,2.205
2026-03-16T02:00:00Z,2.4045
2026-03-16T02:30:00Z,1.701
2026-03-16T03:00:00Z,2.268
2026-03-16T03:30:00Z,2.1315
2026-03-16T04:00:00Z,5.292
2026-03-16T04:30:00Z,5.6175
2026-03-16T05:00:00Z,12.4425
2026-03-16T05:30:00Z,15.1725
2026-03-16T06:00:00Z,13.713
2026-03-16T06:30:00Z,19.5405
2026-03-16T07:00:00Z,19.362
2026-03-16T07:30:00Z,19.005
2026-03-16T08:00:00Z,17.7555
2026-03-16T08:30:00Z,14.7735
2026-03-16T09:00:00Z,16.2225
2026-03-16T09:30:00Z,13.23
2026-03-16T10:00:00Z,13.881
2026-03-16T10:30:00Z,15.246
2026-03-16T11:00:00Z,14.1855
2026-03-16T11:30:00Z,14.3325
2026-03-16T12:00:00Z,13.8915
2026-03-16T12:30:00Z,14.8155
2026-03-16T13:00:00Z,17.514
2026-03-16T13:30:00Z,20.2335
2026-03-16T14:00:00Z,21.9135
2026-03-16T14:30:00Z,22.4595
2026-03-16T15:00:00Z,20.727
2026-03-16T15:30:00Z,20.9475
2026-03-16T16:00:00Z,34.209
2026-03-16T16:30:00Z,38.0835
2026-03-16T17:00:00Z,41.8845
2026-03-16T17:30:00Z,43.47
2026-03-16T18:00:00Z,44.4885
2026-03-16T18:30:00Z,43.7745
2026-03-16T19:00:00Z,28.287
2026-03-16T19:30:00Z,26.46
2026-03-16T20:00:00Z,24.4755
2026-03-16T20:30:00Z,23.2155
2026-03-16T21:00:00Z,24.255
2026-03-16T21:30:00Z,20.7795
2026-03-16T22:00:00Z,20.0655
2026-03-16T22:30:00Z,16.632
2026-03-16T23:00:00Z,21.126
2026-03-16T23:30:00Z,18.081
2026-03-17T00:00:00Z,17.178
2026-03-17T00:30:00Z,18.963
2026-03-17T01:00:00Z,17.724
2026-03-17T01:30:00Z,16.2645
2026-03-17T02:00:00Z,16.8945
2026-03-17T02:30:00Z,16.1595
2026-03-17T03:00:00Z,16.947
2026-03-17T03:30:00Z,15.876
2026-03-17T04:00:00Z,16.107
2026-03-17T04:30:00Z,17.0205
2026-03-17T05:00:00Z,18.984
2026-03-17T05:30:00Z,20.769
2026-03-17T06:00:00Z,24.7695
2026-03-17T06:30:00Z,30.8385
2026-03-17T07:00:00Z,26.019
2026-03-17T07:30:00Z,26.2395
2026-03-17T08:00:00Z,20.58
2026-03-17T08:30:00Z,19.4775
2026-03-17T09:00:00Z,18.963
2026-03-17T09:30:00Z,15.435
2026-03-17T10:00:00Z,16.023
2026-03-17T10:30:00Z,13.671
2026-03-17T11:00:00Z,13.2195
2026-03-17T11:30:00Z,13.8915
2026-03-17T12:00:00Z,13.146
2026-03-17T12:30:00Z,13.0305
2026-03-17T13:00:00Z,13.02
2026-03-17T13:30:00Z,13.671
2026-03-17T14:00:00Z,13.23
2026-03-17T14:30:00Z,14.553
2026-03-17T15:00:00Z,14.994
2026-03-17T15:30:00Z,17.4825
2026-03-17T16:00:00Z,30.24
2026-03-17T16:30:00Z,36.036
2026-03-17T17:00:00Z,35.3115
2026-03-17T17:30:00Z,41.265
2026-03-17T18:00:00Z,42.504
2026-03-17T18:30:00Z,43.4175
2026-03-17T19:00:00Z,27.8985
2026-03-17T19:30:00Z,26.166
2026-03-17T20:00:00Z,24.5385
2026-03-17T20:30:00Z,21.168
2026-03-17T21:00:00Z,22.1235
2026-03-17T21:30:00Z,19.572
2026-03-17T22:00:00Z,19.2045
2026-03-17T22:30:00Z,13.671
2026-03-17T23:00:00Z,17.5875
2026-03-17T23:30:00Z,17.682
2026-03-18T00:00:00Z,19.236
2026-03-18T00:30:00Z,20.286
2026-03-18T01:00:00Z,19.845
2026-03-18T01:30:00Z,18.522
2026-03-18T02:00:00Z,19.404
2026-03-18T02:30:00Z,18.7425
2026-03-18T03:00:00Z,19.404
2026-03-18T03:30:00Z,19.803
2026-03-18T04:00:00Z,20.832
2026-03-18T04:30:00Z,22.05
2026-03-18T05:00:00Z,24.0345
2026-03-18T05:30:00Z,24.2445
2026-03-18T06:00:00Z,25.7985
2026-03-18T06:30:00Z,27.5415
2026-03-18T07:00:00Z,29.3055
2026-03-18T07:30:00Z,28.9695
2026-03-18T08:00:00Z,28.518
2026-03-18T08:30:00Z,26.313
2026-03-18T09:00:00Z,26.1765
2026-03-18T09:30:00Z,24.0345
2026-03-18T10:00:00Z,22.449
2026-03-18T10:30:00Z,20.538
2026-03-18T11:00:00Z,20.9685
2026-03-18T11:30:00Z,20.517
2026-03-18T12:00:00Z,20.5065
2026-03-18T12:30:00Z,20.4225
2026-03-18T13:00:00Z,19.9395
2026-03-18T13:30:00Z,19.845
2026-03-18T14:00:00Z,19.761
2026-03-18T14:30:00Z,20.286
2026-03-18T15:00:00Z,21.6195
2026-03-18T15:30:00Z,21.8715
2026-03-18T16:00:00Z,35.5635
2026-03-18T16:30:00Z,38.199
2026-03-18T17:00:00Z,39.6795
2026-03-18T17:30:00Z,45.276
2026-03-18T18:00:00Z,41.9265
2026-03-18T18:30:00Z,43.6485
2026-03-18T19:00:00Z,30.429
2026-03-18T19:30:00Z,28.497
2026-03-18T20:00:00Z,26.6595
2026-03-18T20:30:00Z,23.268
2026-03-18T21:00:00Z,24.255
2026-03-18T21:30:00Z,21.462
2026-03-18T22:00:00Z,21.168
2026-03-18T22:30:00Z,19.845
2026-03-18T23:00:00Z,21.8295
2026-03-18T23:30:00Z,21.8295
2026-03-19T00:00:00Z,23.037
2026-03-19T00:30:00Z,22.7115
2026-03-19T01:00:00Z,21.966
2026-03-19T01:30:00Z,21.8295
2026-03-19T02:00:00Z,22.113
2026-03-19T02:30:00Z,21.966
2026-03-19T03:00:00Z,21.6615
2026-03-19T03:30:00Z,21.693
2026-03-19T04:00:00Z,22.491
2026-03-19T04:30:00Z,22.386
2026-03-19T05:00:00Z,27.1635
2026-03-19T05:30:00Z,28.035
2026-03-19T06:00:00Z,28.1505
2026-03-19T06:30:00Z,30.6495
2026-03-19T07:00:00Z,29.106
2026-03-19T07:30:00Z,29.6205
2026-03-19T08:00:00Z,29.8515
2026-03-19T08:30:00Z,26.0505
2026-03-19T09:00:00Z,24.696
2026-03-19T09:30:00Z,22.974
2026-03-19T10:00:00Z,21.8295
2026-03-19T10:30:00Z,21.21
2026-03-19T11:00:00Z,21.504
2026-03-19T11:30:00Z,20.4645
2026-03-19T12:00:00Z,20.6955
2026-03-19T12:30:00Z,20.601
2026-03-19T13:00:00Z,21.3255
2026-03-19T13:30:00Z,20.664
2026-03-19T14:00:00Z,20.37
2026-03-19T14:30:00Z,21.1365
2026-03-19T15:00:00Z,21.8295
2026-03-19T15:30:00Z,22.932
2026-03-19T16:00:00Z,37.527
2026-03-19T16:30:00Z,39.7635
2026-03-19T17:00:00Z,43.47
2026-03-19T17:30:00Z,47.2185
2026-03-19T18:00:00Z,47.88
2026-03-19T18:30:00Z,49.4235
2026-03-19T19:00:00Z,31.626
2026-03-19T19:30:00Z,29.4
2026-03-19T20:00:00Z,29.7675
2026-03-19T20:30:00Z,25.9245
2026-03-19T21:00:00Z,26.46
2026-03-19T21:30:00Z,24.738
2026-03-19T22:00:00Z,24.255
2026-03-19T22:30:00Z,23.016
2026-03-19T23:00:00Z,25.242
2026-03-19T23:30:00Z,23.814
2026-03-20T00:00:00Z,24.255
2026-03-20T00:30:00Z,26.922
2026-03-20T01:00:00Z,26.565
2026-03-20T01:30:00Z,25.242
2026-03-20T02:00:00Z,25.9455
2026-03-20T02:30:00Z,25.242
2026-03-20T03:00:00Z,25.3995
2026-03-20T03:30:00Z,25.3575
2026-03-20T04:00:00Z,28.224
2026-03-20T04:30:00Z,27.342
2026-03-20T05:00:00Z,30.429
2026-03-20T05:30:00Z,30.429
2026-03-20T06:00:00Z,29.988
2026-03-20T06:30:00Z,32.949
2026-03-20T07:00:00Z,31.9725
2026-03-20T07:30:00Z,33.264
2026-03-20T08:00:00Z,32.802
2026-03-20T08:30:00Z,30.429
2026-03-20T09:00:00Z,31.521
2026-03-20T09:30:00Z,30.6495
2026-03-20T10:00:00Z,30.4185
2026-03-20T10:30:00Z,29.106
2026-03-20T11:00:00Z,26.46
2026-03-20T11:30:00Z,23.814
2026-03-20T12:00:00Z,24.255
2026-03-20T12:30:00Z,23.814
2026-03-20T13:00:00Z,24.255
2026-03-20T13:30:00Z,24.276
2026-03-20T14:00:00Z,23.814
2026-03-20T14:30:00Z,24.696
2026-03-20T15:00:00Z,25.2945
2026-03-20T15:30:00Z,29.9775
2026-03-20T16:00:00Z,43.029
2026-03-20T16:30:00Z,45.675
2026-03-20T17:00:00Z,46.557
2026-03-20T17:30:00Z,48.384
2026-03-20T18:00:00Z,46.998
2026-03-20T18:30:00Z,47.88
2026-03-20T19:00:00Z,34.734
2026-03-20T19:30:00Z,33.516
2026-03-20T20:00:00Z,32.697
2026-03-20T20:30:00Z,29.547
2026-03-20T21:00:00Z,30.87
2026-03-20T21:30:00Z,26.46
2026-03-20T22:00:00Z,29.3895
2026-03-20T22:30:00Z,26.838
2026-03-20T23:00:00Z,26.649
2026-03-20T23:30:00Z,25.557
2026-03-21T00:00:00Z,25.2
2026-03-21T00:30:00Z,28.224
2026-03-21T01:00:00Z,27.1425
2026-03-21T01:30:00Z,24.9375
2026-03-21T02:00:00Z,26.1765
2026-03-21T02:30:00Z,25.137
2026-03-21T03:00:00Z,25.515
2026-03-21T03:30:00Z,24.7275
2026-03-21T04:00:00Z,25.578
2026-03-21T04:30:00Z,24.7275
2026-03-21T05:00:00Z,25.9665
2026-03-21T05:30:00Z,25.7985
2026-03-21T06:00:00Z,26.838
2026-03-21T06:30:00Z,28.413
2026-03-21T07:00:00Z,28.665
2026-03-21T07:30:00Z,28.938
2026-03-21T08:00:00Z,28.5075
2026-03-21T08:30:00Z,28.434
2026-03-21T09:00:00Z,28.1505
2026-03-21T09:30:00Z,28.224
2026-03-21T10:00:00Z,27.5625
2026-03-21T10:30:00Z,25.5255
2026-03-21T11:00:00Z,24.6435
2026-03-21T11:30:00Z,24.255
2026-03-21T12:00:00Z,24.192
2026-03-21T12:30:00Z,23.9715
2026-03-21T13:00:00Z,23.646
2026-03-21T13:30:00Z,23.541
2026-03-21T14:00:00Z,23.7825
2026-03-21T14:30:00Z,23.835
2026-03-21T15:00:00Z,22.554
2026-03-21T15:30:00Z,23.793
2026-03-21T16:00:00Z,40.1625
2026-03-21T16:30:00Z,41.9055
2026-03-21T17:00:00Z,45.57
2026-03-21T17:30:00Z,46.7775
2026-03-21T18:00:00Z,46.116
2026-03-21T18:30:00Z,46.7775
2026-03-21T19:00:00Z,33.7365
2026-03-21T19:30:00Z,33.2745
2026-03-21T20:00:00Z,33.075
2026-03-21T20:30:00Z,28.4445
2026-03-21T21:00:00Z,29.106
2026-03-21T21:30:00Z,25.683
2026-03-21T22:00:00Z,25.9245
2026-03-21T22:30:00Z,24.7275
2026-03-21T23:00:00Z,26.8485
2026-03-21T23:30:00Z,24.9165
2026-03-22T00:00:00Z,24.843
2026-03-22T00:30:00Z,25.8825
2026-03-22T01:00:00Z,25.557
2026-03-22T01:30:00Z,24.8745
2026-03-22T02:00:00Z,24.423
2026-03-22T02:30:00Z,24.234
2026-03-22T03:00:00Z,23.373
2026-03-22T03:30:00Z,21.8505
2026-03-22T04:00:00Z,22.7325
2026-03-22T04:30:00Z,23.1
2026-03-22T05:00:00Z,23.1945
2026-03-22T05:30:00Z,23.1525
2026-03-22T06:00:00Z,23.814
2026-03-22T06:30:00Z,24.8325
2026-03-22T07:00:00Z,26.019
2026-03-22T07:30:00Z,26.2395
2026-03-22T08:00:00Z,25.7985
2026-03-22T08:30:00Z,27.3945
2026-03-22T09:00:00Z,26.754
2026-03-22T09:30:00Z,25.662
2026-03-22T10:00:00Z,25.431
2026-03-22T10:30:00Z,25.3575
2026-03-22T11:00:00Z,23.751
2026-03-22T11:30:00Z,23.9925
2026-03-22T12:00:00Z,23.8665
2026-03-22T12:30:00Z,24.255
2026-03-22T13:00:00Z,24.4755
2026-03-22T13:30:00Z,24.0345
2026-03-22T14:00:00Z,24.465
2026-03-22T14:30:00Z,24.507
2026-03-22T15:00:00Z,25.032
2026-03-22T15:30:00Z,25.3575
2026-03-22T16:00:00Z,39.207
2026-03-22T16:30:00Z,40.5195
2026-03-22T17:00:00Z,44.184
2026-03-22T17:30:00Z,45.528
2026-03-22T18:00:00Z,45.8955
2026-03-22T18:30:00Z,45.8955
2026-03-22T19:00:00Z,31.311
2026-03-22T19:30:00Z,30.765
2026-03-22T20:00:00Z,31.5315
2026-03-22T20:30:00Z,28.0665
2026-03-22T21:00:00Z,27.783
2026-03-22T21:30:00Z,25.2735
2026-03-22T22:00:00Z,26.2395
2026-03-22T22:30:00Z,26.103
2026-03-22T23:00:00Z,25.7985
2026-03-22T23:30:00Z,25.137
2026-03-23T00:00:00Z,24.9585
2026-03-23T00:30:00Z,26.46
2026-03-23T01:00:00Z,27.342
2026-03-23T01:30:00Z,25.116
2026-03-23T02:00:00Z,25.5675
2026-03-23T02:30:00Z,25.032
2026-03-23T03:00:00Z,25.137
2026-03-23T03:30:00Z,25.074
2026-03-23T04:00:00Z,26.67
2026-03-23T04:30:00Z,25.095
2026-03-23T05:00:00Z,28.182
2026-03-23T05:30:00Z,29.316
2026-03-23T06:00:00Z,33.138
2026-03-23T06:30:00Z,35.0595
2026-03-23T07:00:00Z,32.7495
2026-03-23T07:30:00Z,33.495
2026-03-23T08:00:00Z,33.3375
2026-03-23T08:30:00Z,33.075
2026-03-23T09:00:00Z,33.3375
2026-03-23T09:30:00Z,31.731
2026-03-23T10:00:00Z,31.0485
2026-03-23T10:30:00Z,27.1215
2026-03-23T11:00:00Z,25.137
2026-03-23T11:30:00Z,23.499
2026-03-23T12:00:00Z,22.932
2026-03-23T12:30:00Z,22.7115
2026-03-23T13:00:00Z,22.491
2026-03-23T13:30:00Z,22.7115
2026-03-23T14:00:00Z,22.7115
2026-03-23T14:30:00Z,22.7115
2026-03-23T15:00:00Z,22.995
2026-03-23T15:30:00Z,23.9295
2026-03-23T16:00:00Z,38.8605
2026-03-23T16:30:00Z,43.029
2026-03-23T17:00:00Z,42.7875
2026-03-23T17:30:00Z,43.554
2026-03-23T18:00:00Z,47.964
2026-03-23T18:30:00Z,48.4365
2026-03-23T19:00:00Z,31.227
2026-03-23T19:30:00Z,28.665
2026-03-23T20:00:00Z,25.0005
2026-03-23T20:30:00Z,25.032
2026-03-23T21:00:00Z,25.683
2026-03-23T21:30:00Z,24.696
2026-03-23T22:00:00Z,24.4755
2026-03-23T22:30:00Z,19.866
2026-03-23T23:00:00Z,15.393
2026-03-23T23:30:00Z,11.466
2026-03-24T00:00:00Z,10.584
2026-03-24T00:30:00Z,12.348
2026-03-24T01:00:00Z,12.0435
2026-03-24T01:30:00Z,11.0775
2026-03-24T02:00:00Z,11.529
2026-03-24T02:30:00Z,11.655
2026-03-24T03:00:00Z,12.411
2026-03-24T03:30:00Z,12.39
2026-03-24T04:00:00Z,12.1275
2026-03-24T04:30:00Z,11.907
2026-03-24T05:00:00Z,13.671
2026-03-24T05:30:00Z,16.0335
2026-03-24T06:00:00Z,14.112
2026-03-24T06:30:00Z,19.887
2026-03-24T07:00:00Z,15.435
2026-03-24T07:30:00Z,18.606
2026-03-24T08:00:00Z,14.553
2026-03-24T08:30:00Z,14.112
2026-03-24T09:00:00Z,13.9755
2026-03-24T09:30:00Z,13.629
2026-03-24T10:00:00Z,13.23
2026-03-24T10:30:00Z,13.8075
2026-03-24T11:00:00Z,13.7655
2026-03-24T11:30:00Z,13.776
2026-03-24T12:00:00Z,14.007
2026-03-24T12:30:00Z,13.965
2026-03-24T13:00:00Z,13.818
2026-03-24T13:30:00Z,14.3115
2026-03-24T14:00:00Z,14.7105
2026-03-24T14:30:00Z,15.393
2026-03-24T15:00:00Z,15.645
2026-03-24T15:30:00Z,18.249
2026-03-24T16:00:00Z,32.613
2026-03-24T16:30:00Z,36.099
2026-03-24T17:00:00Z,36.477
2026-03-24T17:30:00Z,37.8105
2026-03-24T18:00:00Z,38.6085
2026-03-24T18:30:00Z,38.8395
2026-03-24T19:00:00Z,25.809
2026-03-24T19:30:00Z,23.2155
2026-03-24T20:00:00Z,23.1315
2026-03-24T20:30:00Z,17.64
2026-03-24T21:00:00Z,16.569
2026-03-24T21:30:00Z,8.82
2026-03-24T22:00:00Z,7.2975
2026-03-24T22:30:00Z,2.646
2026-03-24T23:00:00Z,1.3125
2026-03-24T23:30:00Z,0.5775
2026-03-25T00:00:00Z,-0.21
2026-03-25T00:30:00Z,0.441
2026-03-25T01:00:00Z,0.7665
2026-03-25T01:30:00Z,0.273
2026-03-25T02:00:00Z,0.21
2026-03-25T02:30:00Z,0.672
2026-03-25T03:00:00Z,0.357
2026-03-25T03:30:00Z,-0.063
2026-03-25T04:00:00Z,-0.2205
2026-03-25T04:30:00Z,0.0105
2026-03-25T05:00:00Z,0.5355
2026-03-25T05:30:00Z,0.9345
2026-03-25T06:00:00Z,0.525
2026-03-25T06:30:00Z,4.935
2026-03-25T07:00:00Z,5.733
2026-03-25T07:30:00Z,6.615
2026-03-25T08:00:00Z,6.195
2026-03-25T08:30:00Z,4.9665
2026-03-25T09:00:00Z,4.2105
2026-03-25T09:30:00Z,2.205
2026-03-25T10:00:00Z,1.7535
2026-03-25T10:30:00Z,1.5435
2026-03-25T11:00:00Z,1.0185
2026-03-25T11:30:00Z,0.084
2026-03-25T12:00:00Z,0.3675
2026-03-25T12:30:00Z,0.0
2026-03-25T13:00:00Z,-0.0105
2026-03-25T13:30:00Z,0.6405
2026-03-25T14:00:00Z,0.6615
2026-03-25T14:30:00Z,2.709
2026-03-25T15:00:00Z,2.961
2026-03-25T15:30:00Z,9.324
2026-03-25T16:00:00Z,26.712
2026-03-25T16:30:00Z,33.5265
2026-03-25T17:00:00Z,37.3905
2026-03-25T17:30:00Z,40.2045
2026-03-25T18:00:00Z,41.1495
2026-03-25T18:30:00Z,41.706
2026-03-25T19:00:00Z,28.8435
2026-03-25T19:30:00Z,28.224
2026-03-25T20:00:00Z,27.867
2026-03-25T20:30:00Z,26.8275
2026-03-25T21:00:00Z,26.4075
2026-03-25T21:30:00Z,23.73
2026-03-25T22:00:00Z,21.168
2026-03-25T22:30:00Z,14.994
2026-03-25T23:00:00Z,18.564
2026-03-25T23:30:00Z,17.64
2026-03-26T00:00:00Z,16.9155
2026-03-26T00:30:00Z,19.068
2026-03-26T01:00:00Z,17.913
2026-03-26T01:30:00Z,16.9785
2026-03-26T02:00:00Z,18.081
2026-03-26T02:30:00Z,17.5455
2026-03-26T03:00:00Z,17.325
2026-03-26T03:30:00Z,17.0205
2026-03-26T04:00:00Z,17.64
2026-03-26T04:30:00Z,17.4195
2026-03-26T05:00:00Z,19.8765
2026-03-26T05:30:00Z,22.0185
2026-03-26T06:00:00Z,24.9165
2026-03-26T06:30:00Z,25.578
2026-03-26T07:00:00Z,25.578
2026-03-26T07:30:00Z,26.019
2026-03-26T08:00:00Z,25.914
2026-03-26T08:30:00Z,25.578
2026-03-26T09:00:00Z,25.914
2026-03-26T09:30:00Z,23.5095
2026-03-26T10:00:00Z,22.848
2026-03-26T10:30:00Z,22.3965
2026-03-26T11:00:00Z,22.7955
2026-03-26T11:30:00Z,22.3545
2026-03-26T12:00:00Z,22.7955
2026-03-26T12:30:00Z,22.5855
2026-03-26T13:00:00Z,22.932
2026-03-26T13:30:00Z,22.932
2026-03-26T14:00:00Z,22.9005
2026-03-26T14:30:00Z,23.5935
2026-03-26T15:00:00Z,23.5515
2026-03-26T15:30:00Z,24.0975
2026-03-26T16:00:00Z,35.0805
2026-03-26T16:30:00Z,37.947
2026-03-26T17:00:00Z,41.8425
2026-03-26T17:30:00Z,43.2285
2026-03-26T18:00:00Z,44.016
2026-03-26T18:30:00Z,44.898
2026-03-26T19:00:00Z,29.547
2026-03-26T19:30:00Z,28.7805
2026-03-26T20:00:00Z,27.615
2026-03-26T20:30:00Z,24.4755
2026-03-26T21:00:00Z,25.452
2026-03-26T21:30:00Z,23.1735
2026-03-26T22:00:00Z,24.255
2026-03-26T22:30:00Z,22.5225
2026-03-26T23:00:00Z,24.2445
2026-03-26T23:30:00Z,22.47
2026-03-27T00:00:00Z,22.7115
2026-03-27T00:30:00Z,24.0135
2026-03-27T01:00:00Z,23.709
2026-03-27T01:30:00Z,23.2155
2026-03-27T02:00:00Z,23.352
2026-03-27T02:30:00Z,23.2155
2026-03-27T03:00:00Z,22.7115
2026-03-27T03:30:00Z,22.26
2026-03-27T04:00:00Z,24.9165
2026-03-27T04:30:00Z,24.9795
2026-03-27T05:00:00Z,28.1505
2026-03-27T05:30:00Z,29.232
2026-03-27T06:00:00Z,29.4315
2026-03-27T06:30:00Z,32.7495
2026-03-27T07:00:00Z,28.0035
2026-03-27T07:30:00Z,29.106
2026-03-27T08:00:00Z,24.255
2026-03-27T08:30:00Z,25.599
2026-03-27T09:00:00Z,26.544
2026-03-27T09:30:00Z,25.914
2026-03-27T10:00:00Z,24.6015
2026-03-27T10:30:00Z,23.2155
2026-03-27T11:00:00Z,23.2155
2026-03-27T11:30:00Z,22.554
2026-03-27T12:00:00Z,22.2705
2026-03-27T12:30:00Z,21.2835
2026-03-27T13:00:00Z,21.0525
2026-03-27T13:30:00Z,20.685
2026-03-27T14:00:00Z,20.5275
2026-03-27T14:30:00Z,20.5065
2026-03-27T15:00:00Z,20.9685
2026-03-27T15:30:00Z,21.147
2026-03-27T16:00:00Z,34.188
2026-03-27T16:30:00Z,37.296
2026-03-27T17:00:00Z,40.5195
2026-03-27T17:30:00Z,40.908
2026-03-27T18:00:00Z,42.588
2026-03-27T18:30:00Z,43.47
2026-03-27T19:00:00Z,29.2845
2026-03-27T19:30:00Z,28.0665
2026-03-27T20:00:00Z,24.0135
2026-03-27T20:30:00Z,24.0345
2026-03-27T21:00:00Z,23.373
2026-03-27T21:30:00Z,23.373
2026-03-27T22:00:00Z,22.869
2026-03-27T22:30:00Z,20.097
2026-03-27T23:00:00Z,21.4725
2026-03-27T23:30:00Z,17.661
2026-03-28T00:00:00Z,17.1255
2026-03-28T00:30:00Z,18.4485
2026-03-28T01:00:00Z,17.325
2026-03-28T01:30:00Z,14.7
2026-03-28T02:00:00Z,12.894
2026-03-28T02:30:00Z,10.8045
2026-03-28T03:00:00Z,11.4555
2026-03-28T03:30:00Z,10.4475
2026-03-28T04:00:00Z,10.731
2026-03-28T04:30:00Z,10.059
2026-03-28T05:00:00Z,10.962
2026-03-28T05:30:00Z,11.025
2026-03-28T06:00:00Z,13.671
2026-03-28T06:30:00Z,13.713
2026-03-28T07:00:00Z,13.4085
2026-03-28T07:30:00Z,12.6525
2026-03-28T08:00:00Z,7.581
2026-03-28T08:30:00Z,7.203
2026-03-28T09:00:00Z,3.6855
2026-03-28T09:30:00Z,3.423
2026-03-28T10:00:00Z,2.5515
2026-03-28T10:30:00Z,1.386
2026-03-28T11:00:00Z,0.9555
2026-03-28T11:30:00Z,0.4515
2026-03-28T12:00:00Z,0.6615
2026-03-28T12:30:00Z,0.735
2026-03-28T13:00:00Z,0.966
2026-03-28T13:30:00Z,0.6825
2026-03-28T14:00:00Z,0.4095
2026-03-28T14:30:00Z,2.1735
2026-03-28T15:00:00Z,2.499
2026-03-28T15:30:00Z,6.615
2026-03-28T16:00:00Z,27.594
2026-03-28T16:30:00Z,34.4295
2026-03-28T17:00:00Z,37.1175
2026-03-28T17:30:00Z,41.286
2026-03-28T18:00:00Z,40.4145
2026-03-28T18:30:00Z,43.092
2026-03-28T19:00:00Z,27.783
2026-03-28T19:30:00Z,27.783
2026-03-28T20:00:00Z,27.363
2026-03-28T20:30:00Z,25.095
2026-03-28T21:00:00Z,25.3575
2026-03-28T21:30:00Z,25.137
2026-03-28T22:00:00Z,24.612
2026-03-28T22:30:00Z,22.6485
2026-03-28T23:00:00Z,26.46
2026-03-28T23:30:00Z,22.197
2026-03-29T00:00:00Z,22.7115
2026-03-29T00:30:00Z,24.696
2026-03-29T01:00:00Z,23.814
2026-03-29T01:30:00Z,21.3885
2026-03-29T02:00:00Z,22.218
2026-03-29T02:30:00Z,18.8895
2026-03-29T03:00:00Z,19.1835
2026-03-29T03:30:00Z,17.052
2026-03-29T04:00:00Z,21.609
2026-03-29T04:30:00Z,17.136
2026-03-29T05:00:00Z,22.2285
2026-03-29T05:30:00Z,18.7845
2026-03-29T06:00:00Z,17.64
2026-03-29T06:30:00Z,14.4795
2026-03-29T07:00:00Z,11.6025
2026-03-29T07:30:00Z,11.991
2026-03-29T08:00:00Z,7.4865
2026-03-29T08:30:00Z,8.82
2026-03-29T09:00:00Z,4.3155
2026-03-29T09:30:00Z,3.1815
2026-03-29T10:00:00Z,1.323
2026-03-29T10:30:00Z,1.0605
2026-03-29T11:00:00Z,1.0605
2026-03-29T11:30:00Z,0.5775
2026-03-29T12:00:00Z,0.084
2026-03-29T12:30:00Z,-0.042
2026-03-29T13:00:00Z,0.2205
2026-03-29T13:30:00Z,0.378
2026-03-29T14:00:00Z,0.441
2026-03-29T14:30:00Z,0.315
2026-03-29T15:00:00Z,17.3985
2026-03-29T15:30:00Z,19.656
2026-03-29T16:00:00Z,22.9635
2026-03-29T16:30:00Z,27.153
2026-03-29T17:00:00Z,26.9115
2026-03-29T17:30:00Z,28.035
2026-03-29T18:00:00Z,13.608
2026-03-29T18:30:00Z,13.671
2026-03-29T19:00:00Z,12.264
2026-03-29T19:30:00Z,11.2245
2026-03-29T20:00:00Z,12.1275
2026-03-29T20:30:00Z,8.757
2026-03-29T21:00:00Z,7.6755
2026-03-29T21:30:00Z,3.9165
2026-03-29T22:00:00Z,4.9665
2026-03-29T22:30:00Z,2.205
2026-03-29T23:00:00Z,1.9215
2026-03-29T23:30:00Z,1.6065
2026-03-30T00:00:00Z,0.966
2026-03-30T00:30:00Z,1.323
2026-03-30T01:00:00Z,1.1445
2026-03-30T01:30:00Z,0.6825
2026-03-30T02:00:00Z,1.092
2026-03-30T02:30:00Z,0.672
2026-03-30T03:00:00Z,0.882
2026-03-30T03:30:00Z,0.441
2026-03-30T04:00:00Z,4.767
2026-03-30T04:30:00Z,4.6305
2026-03-30T05:00:00Z,14.112
2026-03-30T05:30:00Z,17.64
2026-03-30T06:00:00Z,17.8605
2026-03-30T06:30:00Z,20.0655
2026-03-30T07:00:00Z,16.233
2026-03-30T07:30:00Z,17.934
2026-03-30T08:00:00Z,15.435
2026-03-30T08:30:00Z,14.112
2026-03-30T09:00:00Z,9.24
2026-03-30T09:30:00Z,7.7175
2026-03-30T10:00:00Z,4.41
2026-03-30T10:30:00Z,3.738
2026-03-30T11:00:00Z,3.3075
2026-03-30T11:30:00Z,2.8665
2026-03-30T12:00:00Z,3.3075
2026-03-30T12:30:00Z,3.3075
2026-03-30T13:00:00Z,3.4125
2026-03-30T13:30:00Z,4.2105
2026-03-30T14:00:00Z,5.5125
2026-03-30T14:30:00Z,6.594
2026-03-30T15:00:00Z,20.538
2026-03-30T15:30:00Z,27.594
2026-03-30T16:00:00Z,30.261
2026-03-30T16:30:00Z,37.296
2026-03-30T17:00:00Z,39.942
2026-03-30T17:30:00Z,40.1625
2026-03-30T18:00:00Z,27.825
2026-03-30T18:30:00Z,29.946
2026-03-30T19:00:00Z,29.547
2026-03-30T19:30:00Z,28.665
2026-03-30T20:00:00Z,28.4025
2026-03-30T20:30:00Z,25.662
2026-03-30T21:00:00Z,24.4755
2026-03-30T21:30:00Z,19.5825
2026-03-30T22:00:00Z,24.4755
2026-03-30T22:30:00Z,20.9475
2026-03-30T23:00:00Z,21.168
2026-03-30T23:30:00Z,21.168
2026-03-31T00:00:00Z,21.0315
2026-03-31T00:30:00Z,21.609
2026-03-31T01:00:00Z,21.0315
2026-03-31T01:30:00Z,19.845
2026-03-31T02:00:00Z,19.299
2026-03-31T02:30:00Z,19.1835
2026-03-31T03:00:00Z,20.4645
2026-03-31T03:30:00Z,19.1835
2026-03-31T04:00:00Z,28.056
2026-03-31T04:30:00Z,24.255
2026-03-31T05:00:00Z,28.812
2026-03-31T05:30:00Z,29.3265
2026-03-31T06:00:00Z,29.3265
2026-03-31T06:30:00Z,29.988
2026-03-31T07:00:00Z,29.7465
2026-03-31T07:30:00Z,29.7885
2026-03-31T08:00:00Z,29.547
2026-03-31T08:30:00Z,28.644
2026-03-31T09:00:00Z,28.3395
2026-03-31T09:30:00Z,26.586
2026-03-31T10:00:00Z,24.717
2026-03-31T10:30:00Z,22.2915
2026-03-31T11:00:00Z,20.9475
2026-03-31T11:30:00Z,20.9475
2026-03-31T12:00:00Z,20.9475
2026-03-31T12:30:00Z,20.4855
2026-03-31T13:00:00Z,20.9475
2026-03-31T13:30:00Z,20.9475
2026-03-31T14:00:00Z,21.168
2026-03-31T14:30:00Z,21.168
2026-03-31T15:00:00Z,33.327
2026-03-31T15:30:00Z,35.532
2026-03-31T16:00:00Z,37.9575
2026-03-31T16:30:00Z,40.152
2026-03-31T17:00:00Z,42.147
2026-03-31T17:30:00Z,43.029
2026-03-31T18:00:00Z,30.093
2026-03-31T18:30:00Z,31.4475
2026-03-31T19:00:00Z,30.975
2026-03-31T19:30:00Z,30.891
2026-03-31T20:00:00Z,31.1115
2026-03-31T20:30:00Z,27.6045
2026-03-31T21:00:00Z,28.707
2026-03-31T21:30:00Z,25.536
2026-03-31T22:00:00Z,22.029
2026-03-31T22:30:00Z,19.0785
2026-03-31T23:00:00Z,21.2625
2026-03-31T23:30:00Z,21.2625
2026-04-01T00:00:00Z,19.0785
2026-04-01T00:30:00Z,19.0785
2026-04-01T01:00:00Z,19.7925
2026-04-01T01:30:00Z,19.0785
2026-04-01T02:00:00Z,19.572
2026-04-01T02:30:00Z,19.1415
2026-04-01T03:00:00Z,19.236
2026-04-01T03:30:00Z,19.0785
2026-04-01T04:00:00Z,19.7715
2026-04-01T04:30:00Z,20.3385
2026-04-01T05:00:00Z,24.2445
2026-04-01T05:30:00Z,26.2605
2026-04-01T06:00:00Z,28.602
2026-04-01T06:30:00Z,31.5525
2026-04-01T07:00:00Z,26.6385
2026-04-01T07:30:00Z,28.1085
2026-04-01T08:00:00Z,25.557
2026-04-01T08:30:00Z,23.6145
2026-04-01T09:00:00Z,19.425
2026-04-01T09:30:00Z,18.543
2026-04-01T10:00:00Z,16.779
2026-04-01T10:30:00Z,16.338
2026-04-01T11:00:00Z,16.0965
2026-04-01T11:30:00Z,15.099
2026-04-01T12:00:00Z,16.1175
2026-04-01T12:30:00Z,15.876
2026-04-01T13:00:00Z,14.3745
2026-04-01T13:30:00Z,15.897
2026-04-01T14:00:00Z,17.178
2026-04-01T14:30:00Z,17.22
2026-04-01T15:00:00Z,31.143
2026-04-01T15:30:00Z,31.143
2026-04-01T16:00:00Z,31.6785
2026-04-01T16:30:00Z,33.8625
2026-04-01T17:00:00Z,38.8605
2026-04-01T17:30:00Z,39.081
2026-04-01T18:00:00Z,27.132
2026-04-01T18:30:00Z,27.1425
2026-04-01T19:00:00Z,26.922
2026-04-01T19:30:00Z,26.7015
2026-04-01T20:00:00Z,24.465
2026-04-01T20:30:00Z,19.866
2026-04-01T21:00:00Z,22.6485
2026-04-01T21:30:00Z,20.748
2026-04-01T22:00:00Z,21.189
2026-04-01T22:30:00Z,18.039
2026-04-01T23:00:00Z,19.215
2026-04-01T23:30:00Z,19.4565
2026-04-02T00:00:00Z,19.866
2026-04-02T00:30:00Z,19.6455
2026-04-02T01:00:00Z,18.8475
2026-04-02T01:30:00Z,17.9235
2026-04-02T02:00:00Z,18.3225
2026-04-02T02:30:00Z,17.2725
2026-04-02T03:00:00Z,18.543
2026-04-02T03:30:00Z,18.3225
2026-04-02T04:00:00Z,18.984
2026-04-02T04:30:00Z,20.1705
2026-04-02T05:00:00Z,22.1025
2026-04-02T05:30:00Z,24.6855
2026-04-02T06:00:00Z,25.0005
2026-04-02T06:30:00Z,26.376
2026-04-02T07:00:00Z,23.6145
2026-04-02T07:30:00Z,23.6145
2026-04-02T08:00:00Z,22.953
2026-04-02T08:30:00Z,22.2285
2026-04-02T09:00:00Z,22.2915
2026-04-02T09:30:00Z,20.6955
2026-04-02T10:00:00Z,20.307
2026-04-02T10:30:00Z,18.984
2026-04-02T11:00:00Z,18.543
2026-04-02T11:30:00Z,17.4615
2026-04-02T12:00:00Z,17.241
2026-04-02T12:30:00Z,16.8735
2026-04-02T13:00:00Z,15.792
2026-04-02T13:30:00Z,16.0965
2026-04-02T14:00:00Z,16.338
2026-04-02T14:30:00Z,17.178
2026-04-02T15:00:00Z,30.0615
2026-04-02T15:30:00Z,31.8045
2026-04-02T16:00:00Z,31.8885
2026-04-02T16:30:00Z,34.7865
2026-04-02T17:00:00Z,35.112
2026-04-02T17:30:00Z,35.3115
2026-04-02T18:00:00Z,22.953
2026-04-02T18:30:00Z,23.1945
2026-04-02T19:00:00Z,22.953
2026-04-02T19:30:00Z,21.0525
2026-04-02T20:00:00Z,21.63
2026-04-02T20:30:00Z,17.5245
2026-04-02T21:00:00Z,18.102
2026-04-02T21:30:00Z,17.0835
2026-04-02T22:00:00Z,18.543
2026-04-02T22:30:00Z,17.5875
2026-04-02T23:00:00Z,18.2595
2026-04-02T23:30:00Z,17.3565
2026-04-03T00:00:00Z,17.703
2026-04-03T00:30:00Z,16.2435
2026-04-03T01:00:00Z,17.913
2026-04-03T01:30:00Z,16.779
2026-04-03T02:00:00Z,15.7185
2026-04-03T02:30:00Z,15.099
2026-04-03T03:00:00Z,13.356
2026-04-03T03:30:00Z,13.2825
2026-04-03T04:00:00Z,17.6295
2026-04-03T04:30:00Z,18.543
2026-04-03T05:00:00Z,21.399
2026-04-03T05:30:00Z,22.512
2026-04-03T06:00:00Z,19.425
2026-04-03T06:30:00Z,22.512
2026-04-03T07:00:00Z,21.189
2026-04-03T07:30:00Z,22.512
2026-04-03T08:00:00Z,18.018
2026-04-03T08:30:00Z,14.574
2026-04-03T09:00:00Z,13.86
2026-04-03T09:30:00Z,11.1615
2026-04-03T10:00:00Z,7.077
2026-04-03T10:30:00Z,4.6515
2026-04-03T11:00:00Z,2.667
2026-04-03T11:30:00Z,1.8165
2026-04-03T12:00:00Z,1.785
2026-04-03T12:30:00Z,0.903
2026-04-03T13:00:00Z,1.785
2026-04-03T13:30:00Z,1.2495
2026-04-03T14:00:00Z,3.738
2026-04-03T14:30:00Z,5.313
2026-04-03T15:00:00Z,20.8005
2026-04-03T15:30:00Z,24.087
2026-04-03T16:00:00Z,27.174
2026-04-03T16:30:00Z,30.5655
2026-04-03T17:00:00Z,30.114
2026-04-03T17:30:00Z,31.5525
2026-04-03T18:00:00Z,18.3225
2026-04-03T18:30:00Z,19.2045
2026-04-03T19:00:00Z,17.829
2026-04-03T19:30:00Z,15.267
2026-04-03T20:00:00Z,16.9365
2026-04-03T20:30:00Z,13.9125
2026-04-03T21:00:00Z,13.692
2026-04-03T21:30:00Z,8.736
2026-04-03T22:00:00Z,3.024
2026-04-03T22:30:00Z,2.667
2026-04-03T23:00:00Z,2.8035
2026-04-03T23:30:00Z,3.549
2026-04-04T00:00:00Z,1.071
2026-04-04T00:30:00Z,4.0425
2026-04-04T01:00:00Z,5.0925
2026-04-04T01:30:00Z,4.767
2026-04-04T02:00:00Z,1.743
2026-04-04T02:30:00Z,0.42
2026-04-04T03:00:00Z,4.4625
2026-04-04T03:30:00Z,9.135
2026-04-04T04:00:00Z,13.9755
2026-04-04T04:30:00Z,15.792
2026-04-04T05:00:00Z,18.8475
2026-04-04T05:30:00Z,20.748
2026-04-04T06:00:00Z,22.071
2026-04-04T06:30:00Z,24.0555
2026-04-04T07:00:00Z,23.5515
2026-04-04T07:30:00Z,24.0555
2026-04-04T08:00:00Z,22.3755
2026-04-04T08:30:00Z,22.071
2026-04-04T09:00:00Z,21.3885
2026-04-04T09:30:00Z,18.669
2026-04-04T10:00:00Z,14.7945
2026-04-04T10:30:00Z,8.862
2026-04-04T11:00:00Z,0.903
2026-04-04T11:30:00Z,-3.927
2026-04-04T12:00:00Z,-3.507
2026-04-04T12:30:00Z,-3.927
2026-04-04T13:00:00Z,-3.927
2026-04-04T13:30:00Z,-3.927
2026-04-04T14:00:00Z,-3.7275
2026-04-04T14:30:00Z,-3.7275
2026-04-04T15:00:00Z,8.673
2026-04-04T15:30:00Z,9.093
2026-04-04T16:00:00Z,8.673
2026-04-04T16:30:00Z,16.149
2026-04-04T17:00:00Z,17.472
2026-04-04T17:30:00Z,19.74
2026-04-04T18:00:00Z,7.518
2026-04-04T18:30:00Z,7.644
2026-04-04T19:00:00Z,7.518
2026-04-04T19:30:00Z,4.7355
2026-04-04T20:00:00Z,5.313
2026-04-04T20:30:00Z,4.431
2026-04-04T21:00:00Z,4.872
2026-04-04T21:30:00Z,2.9925
2026-04-04T22:00:00Z,-4.6095
2026-04-04T22:30:00Z,-5.0505
2026-04-04T23:00:00Z,-3.948
2026-04-04T23:30:00Z,-4.0635
2026-04-05T00:00:00Z,-3.696
2026-04-05T00:30:00Z,-2.4045
2026-04-05T01:00:00Z,-2.5095
2026-04-05T01:30:00Z,-3.7065
2026-04-05T02:00:00Z,-3.948
2026-04-05T02:30:00Z,-3.948
2026-04-05T03:00:00Z,-4.0845
2026-04-05T03:30:00Z,-3.507
2026-04-05T04:00:00Z,-3.255
2026-04-05T04:30:00Z,-3.2655
2026-04-05T05:00:00Z,-3.507
2026-04-05T05:30:00Z,-3.507
2026-04-05T06:00:00Z,-3.7275
2026-04-05T06:30:00Z,-2.4045
2026-04-05T07:00:00Z,-4.347
2026-04-05T07:30:00Z,-4.809
2026-04-05T08:00:00Z,-5.5545
2026-04-05T08:30:00Z,-4.41
2026-04-05T09:00:00Z,-6.153
2026-04-05T09:30:00Z,-7.938
2026-04-05T10:00:00Z,-7.938
2026-04-05T10:30:00Z,-10.122
2026-04-05T11:00:00Z,-9.6285
2026-04-05T11:30:00Z,-11.6655
2026-04-05T12:00:00Z,-9.219
2026-04-05T12:30:00Z,-10.6995
2026-04-05T13:00:00Z,-11.088
2026-04-05T13:30:00Z,-10.605
2026-04-05T14:00:00Z,-11.0355
2026-04-05T14:30:00Z,-8.3685
2026-04-05T15:00:00Z,4.683
2026-04-05T15:30:00Z,9.6915
2026-04-05T16:00:00Z,9.975
2026-04-05T16:30:00Z,17.829
2026-04-05T17:00:00Z,18.123
2026-04-05T17:30:00Z,23.835
2026-04-05T18:00:00Z,16.338
2026-04-05T18:30:00Z,16.338
2026-04-05T19:00:00Z,16.338
2026-04-05T19:30:00Z,16.3485
2026-04-05T20:00:00Z,18.081
2026-04-05T20:30:00Z,15.9495
2026-04-05T21:00:00Z,16.338
2026-04-05T21:30:00Z,14.2275
2026-04-05T22:00:00Z,24.528
2026-04-05T22:30:00Z,18.543
2026-04-05T23:00:00Z,17.262
2026-04-05T23:30:00Z,17.661
2026-04-06T00:00:00Z,17.22
2026-04-06T00:30:00Z,18.942
2026-04-06T01:00:00Z,21.189
2026-04-06T01:30:00Z,19.6245
2026-04-06T02:00:00Z,19.8555
2026-04-06T02:30:00Z,19.089
2026-04-06T03:00:00Z,19.971
2026-04-06T03:30:00Z,19.908
2026-04-06T04:00:00Z,20.3385
2026-04-06T04:30:00Z,19.866
2026-04-06T05:00:00Z,23.3415
2026-04-06T05:30:00Z,24.612
2026-04-06T06:00:00Z,23.73
2026-04-06T06:30:00Z,24.1395
2026-04-06T07:00:00Z,23.3415
2026-04-06T07:30:00Z,24.276
2026-04-06T08:00:00Z,24.0555
2026-04-06T08:30:00Z,23.1735
2026-04-06T09:00:00Z,21.189
2026-04-06T09:30:00Z,16.842
2026-04-06T10:00:00Z,15.939
2026-04-06T10:30:00Z,14.511
2026-04-06T11:00:00Z,13.4715
2026-04-06T11:30:00Z,11.928
2026-04-06T12:00:00Z,11.928
2026-04-06T12:30:00Z,10.521
2026-04-06T13:00:00Z,10.794
2026-04-06T13:30:00Z,10.626
2026-04-06T14:00:00Z,10.8465
2026-04-06T14:30:00Z,11.928
2026-04-06T15:00:00Z,23.0055
2026-04-06T15:30:00Z,28.014
2026-04-06T16:00:00Z,29.82
2026-04-06T16:30:00Z,35.553
2026-04-06T17:00:00Z,35.7735
2026-04-06T17:30:00Z,36.9915
2026-04-06T18:00:00Z,24.1185
2026-04-06T18:30:00Z,24.3705
2026-04-06T19:00:00Z,25.158
2026-04-06T19:30:00Z,24.717
2026-04-06T20:00:00Z,23.1735
2026-04-06T20:30:00Z,19.425
2026-04-06T21:00:00Z,19.7715
2026-04-06T21:30:00Z,15.897
2026-04-06T22:00:00Z,18.459
2026-04-06T22:30:00Z,16.212
2026-04-06T23:00:00Z,16.548
2026-04-06T23:30:00Z,16.338
2026-04-07T00:00:00Z,16.0755
2026-04-07T00:30:00Z,16.4745
2026-04-07T01:00:00Z,16.779
2026-04-07T01:30:00Z,15.8445
2026-04-07T02:00:00Z,16.254
2026-04-07T02:30:00Z,16.4535
2026-04-07T03:00:00Z,17.472
2026-04-07T03:30:00Z,17.5035
2026-04-07T04:00:00Z,18.543
2026-04-07T04:30:00Z,19.8555
2026-04-07T05:00:00Z,24.423
2026-04-07T05:30:00Z,26.2605
2026-04-07T06:00:00Z,22.869
2026-04-07T06:30:00Z,24.276
2026-04-07T07:00:00Z,24.843
2026-04-07T07:30:00Z,24.0555
2026-04-07T08:00:00Z,19.7295
2026-04-07T08:30:00Z,16.1175
2026-04-07T09:00:00Z,14.574
2026-04-07T09:30:00Z,10.605
2026-04-07T10:00:00Z,4.6515
2026-04-07T10:30:00Z,-0.0315
2026-04-07T11:00:00Z,0.903
2026-04-07T11:30:00Z,-3.507
2026-04-07T12:00:00Z,-3.507
2026-04-07T12:30:00Z,-3.948
2026-04-07T13:00:00Z,-3.507
2026-04-07T13:30:00Z,-3.507
2026-04-07T14:00:00Z,-3.507
2026-04-07T14:30:00Z,-3.066
2026-04-07T15:00:00Z,20.559
2026-04-07T15:30:00Z,25.2105
2026-04-07T16:00:00Z,28.938
2026-04-07T16:30:00Z,35.553
2026-04-07T17:00:00Z,35.7525
2026-04-07T17:30:00Z,36.6555
2026-04-07T18:00:00Z,24.9375
2026-04-07T18:30:00Z,25.8195
2026-04-07T19:00:00Z,24.0135
2026-04-07T19:30:00Z,24.0555
2026-04-07T20:00:00Z,22.995
2026-04-07T20:30:00Z,18.543
2026-04-07T21:00:00Z,20.9685
2026-04-07T21:30:00Z,17.556
2026-04-07T22:00:00Z,17.22
2026-04-07T22:30:00Z,16.9995
2026-04-07T23:00:00Z,16.5585
2026-04-07T23:30:00Z,14.7315
2026-04-08T00:00:00Z,15.6345
2026-04-08T00:30:00Z,16.5585
2026-04-08T01:00:00Z,16.1175
2026-04-08T01:30:00Z,14.5635
2026-04-08T02:00:00Z,13.629
2026-04-08T02:30:00Z,12.0645
2026-04-08T03:00:00Z,15.498
2026-04-08T03:30:00Z,14.826
2026-04-08T04:00:00Z,20.748
2026-04-08T04:30:00Z,22.3125
2026-04-08T05:00:00Z,25.158
2026-04-08T05:30:00Z,27.867
2026-04-08T06:00:00Z,24.4965
2026-04-08T06:30:00Z,25.8195
2026-04-08T07:00:00Z,25.158
2026-04-08T07:30:00Z,24.276
2026-04-08T08:00:00Z,25.074
2026-04-08T08:30:00Z,24.234
2026-04-08T09:00:00Z,22.638
2026-04-08T09:30:00Z,20.9685
2026-04-08T10:00:00Z,18.7635
2026-04-08T10:30:00Z,16.338
2026-04-08T11:00:00Z,17.0205
2026-04-08T11:30:00Z,16.5585
2026-04-08T12:00:00Z,16.359
2026-04-08T12:30:00Z,16.2225
2026-04-08T13:00:00Z,16.2225
2026-04-08T13:30:00Z,16.3065
2026-04-08T14:00:00Z,15.981
2026-04-08T14:30:00Z,17.304
2026-04-08T15:00:00Z,30.597
2026-04-08T15:30:00Z,31.3635
2026-04-08T16:00:00Z,32.6865
2026-04-08T16:30:00Z,37.758
2026-04-08T17:00:00Z,41.223
2026-04-08T17:30:00Z,42.8505
2026-04-08T18:00:00Z,28.686
2026-04-08T18:30:00Z,29.0955
2026-04-08T19:00:00Z,26.1135
2026-04-08T19:30:00Z,24.78
2026-04-08T20:00:00Z,24.0555
2026-04-08T20:30:00Z,19.6455
2026-04-08T21:00:00Z,20.0865
2026-04-08T21:30:00Z,18.7635
2026-04-08T22:00:00Z,17.9235
2026-04-08T22:30:00Z,15.897
2026-04-08T23:00:00Z,16.4955
2026-04-08T23:30:00Z,15.939
2026-04-09T00:00:00Z,15.687
2026-04-09T00:30:00Z,15.918
2026-04-09T01:00:00Z,15.897
2026-04-09T01:30:00Z,14.8365
2026-04-09T02:00:00Z,14.994
2026-04-09T02:30:00Z,14.574
2026-04-09T03:00:00Z,14.826
2026-04-09T03:30:00Z,14.679
2026-04-09T04:00:00Z,18.0495
2026-04-09T04:30:00Z,19.32
2026-04-09T05:00:00Z,19.9815
2026-04-09T05:30:00Z,21.7665
2026-04-09T06:00:00Z,19.5825
2026-04-09T06:30:00Z,21.231
2026-04-09T07:00:00Z,19.425
2026-04-09T07:30:00Z,20.5065
2026-04-09T08:00:00Z,19.383
2026-04-09T08:30:00Z,17.4195
2026-04-09T09:00:00Z,17.22
2026-04-09T09:30:00Z,17.1045
2026-04-09T10:00:00Z,16.6425
2026-04-09T10:30:00Z,14.826
2026-04-09T11:00:00Z,13.755
2026-04-09T11:30:00Z,11.487
2026-04-09T12:00:00Z,10.5315
2026-04-09T12:30:00Z,7.6125
2026-04-09T13:00:00Z,7.791
2026-04-09T13:30:00Z,7.2975
2026-04-09T14:00:00Z,7.4655
2026-04-09T14:30:00Z,8.841
2026-04-09T15:00:00Z,22.1445
2026-04-09T15:30:00Z,24.528
2026-04-09T16:00:00Z,26.649
2026-04-09T16:30:00Z,30.1455
2026-04-09T17:00:00Z,29.2635
2026-04-09T17:30:00Z,30.597
2026-04-09T18:00:00Z,17.997
2026-04-09T18:30:00Z,18.2805
2026-04-09T19:00:00Z,17.997
2026-04-09T19:30:00Z,17.997
2026-04-09T20:00:00Z,19.5195
2026-04-09T20:30:00Z,14.406
2026-04-09T21:00:00Z,14.133
2026-04-09T21:30:00Z,10.3845
2026-04-09T22:00:00Z,10.8255
2026-04-09T22:30:00Z,10.3845
2026-04-09T23:00:00Z,10.3845
2026-04-09T23:30:00Z,10.3845
2026-04-10T00:00:00Z,9.9015
2026-04-10T00:30:00Z,10.248
2026-04-10T01:00:00Z,9.723
2026-04-10T01:30:00Z,9.723
2026-04-10T02:00:00Z,9.9435
2026-04-10T02:30:00Z,10.3845
2026-04-10T03:00:00Z,10.3845
2026-04-10T03:30:00Z,10.3845
2026-04-10T04:00:00Z,14.994
2026-04-10T04:30:00Z,15.792
2026-04-10T05:00:00Z,18.186
2026-04-10T05:30:00Z,19.95
2026-04-10T06:00:00Z,20.349
2026-04-10T06:30:00Z,22.953
2026-04-10T07:00:00Z,23.4255
2026-04-10T07:30:00Z,23.73
2026-04-10T08:00:00Z,24.276
2026-04-10T08:30:00Z,22.2705
2026-04-10T09:00:00Z,21.7665
2026-04-10T09:30:00Z,19.53
2026-04-10T10:00:00Z,20.9055
2026-04-10T10:30:00Z,18.5955
2026-04-10T11:00:00Z,19.2255
2026-04-10T11:30:00Z,17.913
2026-04-10T12:00:00Z,17.3775
2026-04-10T12:30:00Z,16.3905
2026-04-10T13:00:00Z,16.023
2026-04-10T13:30:00Z,15.7605
2026-04-10T14:00:00Z,16.779
2026-04-10T14:30:00Z,16.338
2026-04-10T15:00:00Z,31.143
2026-04-10T15:30:00Z,33.348
2026-04-10T16:00:00Z,34.1985
2026-04-10T16:30:00Z,34.251
2026-04-10T17:00:00Z,34.6815
2026-04-10T17:30:00Z,34.0095
2026-04-10T18:00:00Z,19.971
2026-04-10T18:30:00Z,18.1965
2026-04-10T19:00:00Z,19.005
2026-04-10T19:30:00Z,18.711
2026-04-10T20:00:00Z,20.0235
2026-04-10T20:30:00Z,17.577
2026-04-10T21:00:00Z,18.102
2026-04-10T21:30:00Z,11.7705
2026-04-10T22:00:00Z,7.7385
2026-04-10T22:30:00Z,2.709
2026-04-10T23:00:00Z,-1.1655
2026-04-10T23:30:00Z,-2.4045
2026-04-11T00:00:00Z,-2.667
2026-04-11T00:30:00Z,-3.507
2026-04-11T01:00:00Z,-2.4885
2026-04-11T01:30:00Z,-2.6565
2026-04-11T02:00:00Z,-2.8455
2026-04-11T02:30:00Z,-2.9295
2026-04-11T03:00:00Z,-2.289
2026-04-11T03:30:00Z,-3.402
2026-04-11T04:00:00Z,-5.271
2026-04-11T04:30:00Z,-5.9325
2026-04-11T05:00:00Z,-6.951
2026-04-11T05:30:00Z,-4.83
2026-04-11T06:00:00Z,-5.712
2026-04-11T06:30:00Z,-2.625
2026-04-11T07:00:00Z,-5.4495
2026-04-11T07:30:00Z,-2.352
2026-04-11T08:00:00Z,-5.9325
2026-04-11T08:30:00Z,-7.917
2026-04-11T09:00:00Z,-4.872
2026-04-11T09:30:00Z,-5.712
2026-04-11T10:00:00Z,-6.153
2026-04-11T10:30:00Z,-8.148
2026-04-11T11:00:00Z,-7.6545
2026-04-11T11:30:00Z,-7.917
2026-04-11T12:00:00Z,-7.917
2026-04-11T12:30:00Z,-9.681
2026-04-11T13:00:00Z,-8.211
2026-04-11T13:30:00Z,-11.2245
2026-04-11T14:00:00Z,-8.778
2026-04-11T14:30:00Z,-8.1375
2026-04-11T15:00:00Z,3.36
2026-04-11T15:30:00Z,7.3185
2026-04-11T16:00:00Z,6.888
2026-04-11T16:30:00Z,12.3375
2026-04-11T17:00:00Z,12.9675
2026-04-11T17:30:00Z,14.8575
2026-04-11T18:00:00Z,-0.1995
2026-04-11T18:30:00Z,0.6825
2026-04-11T19:00:00Z,2.2995
2026-04-11T19:30:00Z,2.0055
2026-04-11T20:00:00Z,3.2865
2026-04-11T20:30:00Z,1.89
2026-04-11T21:00:00Z,2.352
2026-04-11T21:30:00Z,-1.0395
2026-04-11T22:00:00Z,-1.302
2026-04-11T22:30:00Z,-3.927
2026-04-11T23:00:00Z,-3.507
2026-04-11T23:30:00Z,-3.507
2026-04-12T00:00:00Z,-4.263
2026-04-12T00:30:00Z,-3.7275
2026-04-12T01:00:00Z,-3.843
2026-04-12T01:30:00Z,-3.8955
2026-04-12T02:00:00Z,-2.793
2026-04-12T02:30:00Z,-2.205
2026-04-12T03:00:00Z,-1.6695
2026-04-12T03:30:00Z,-1.302
2026-04-12T04:00:00Z,-2.499
2026-04-12T04:30:00Z,-1.5225
2026-04-12T05:00:00Z,-0.063
2026-04-12T05:30:00Z,1.575
2026-04-12T06:00:00Z,1.7955
2026-04-12T06:30:00Z,2.583
2026-04-12T07:00:00Z,-0.42
2026-04-12T07:30:00Z,1.3965
2026-04-12T08:00:00Z,-1.9635
2026-04-12T08:30:00Z,-1.302
2026-04-12T09:00:00Z,-1.743
2026-04-12T09:30:00Z,-2.4045
2026-04-12T10:00:00Z,-0.6405
2026-04-12T10:30:00Z,-1.743
2026-04-12T11:00:00Z,-2.4045
2026-04-12T11:30:00Z,-1.449
2026-04-12T12:00:00Z,-2.4045
2026-04-12T12:30:00Z,-3.1815
2026-04-12T13:00:00Z,-2.709
2026-04-12T13:30:00Z,-1.6065
2026-04-12T14:00:00Z,-3.507
2026-04-12T14:30:00Z,-1.302
2026-04-12T15:00:00Z,11.739
2026-04-12T15:30:00Z,19.8345
2026-04-12T16:00:00Z,27.7305
2026-04-12T16:30:00Z,28.077
2026-04-12T17:00:00Z,31.3635
2026-04-12T17:30:00Z,32.2455
2026-04-12T18:00:00Z,21.9135
2026-04-12T18:30:00Z,22.5225
2026-04-12T19:00:00Z,22.491
2026-04-12T19:30:00Z,23.394
2026-04-12T20:00:00Z,22.155
2026-04-12T20:30:00Z,21.567
2026-04-12T21:00:00Z,20.0655
2026-04-12T21:30:00Z,15.708
2026-04-12T22:00:00Z,24.0555
2026-04-12T22:30:00Z,20.622
2026-04-12T23:00:00Z,21.63
2026-04-12T23:30:00Z,20.9265
2026-04-13T00:00:00Z,19.6455
2026-04-13T00:30:00Z,20.0235
2026-04-13T01:00:00Z,19.803
2026-04-13T01:30:00Z,18.921
2026-04-13T02:00:00Z,19.1835
2026-04-13T02:30:00Z,18.627
2026-04-13T03:00:00Z,20.9685
2026-04-13T03:30:00Z,19.6245
2026-04-13T04:00:00Z,21.3045
2026-04-13T04:30:00Z,21.8505
2026-04-13T05:00:00Z,24.5175
2026-04-13T05:30:00Z,26.166
2026-04-13T06:00:00Z,27.888
2026-04-13T06:30:00Z,29.8935
2026-04-13T07:00:00Z,29.8305
2026-04-13T07:30:00Z,28.2975
2026-04-13T08:00:00Z,26.6595
2026-04-13T08:30:00Z,22.3125
2026-04-13T09:00:00Z,20.5485
2026-04-13T09:30:00Z,19.6455
2026-04-13T10:00:00Z,18.7635
2026-04-13T10:30:00Z,18.102
2026-04-13T11:00:00Z,18.312
2026-04-13T11:30:00Z,18.3225
2026-04-13T12:00:00Z,18.3225
2026-04-13T12:30:00Z,17.7765
2026-04-13T13:00:00Z,18.0705
2026-04-13T13:30:00Z,18.039
2026-04-13T14:00:00Z,18.3645
2026-04-13T14:30:00Z,18.543
2026-04-13T15:00:00Z,31.3635
2026-04-13T15:30:00Z,33.3165
2026-04-13T16:00:00Z,34.6395
2026-04-13T16:30:00Z,38.325
2026-04-13T17:00:00Z,38.724
2026-04-13T17:30:00Z,39.3435
2026-04-13T18:00:00Z,26.124
2026-04-13T18:30:00Z,27.363
2026-04-13T19:00:00Z,25.977
2026-04-13T19:30:00Z,24.948
2026-04-13T20:00:00Z,25.5045
2026-04-13T20:30:00Z,20.0865
2026-04-13T21:00:00Z,21.189
2026-04-13T21:30:00Z,17.619
2026-04-13T22:00:00Z,19.677
2026-04-13T22:30:00Z,17.8815
2026-04-13T23:00:00Z,17.8815
2026-04-13T23:30:00Z,17.8815
2026-04-14T00:00:00Z,17.8815
2026-04-14T00:30:00Z,17.8815
2026-04-14T01:00:00Z,17.8815
2026-04-14T01:30:00Z,17.745
2026-04-14T02:00:00Z,18.081
2026-04-14T02:30:00Z,17.8815
2026-04-14T03:00:00Z,18.984
2026-04-14T03:30:00Z,18.627
2026-04-14T04:00:00Z,20.4225
2026-04-14T04:30:00Z,22.7325
2026-04-14T05:00:00Z,24.696
2026-04-14T05:30:00Z,27.6255
2026-04-14T06:00:00Z,26.985
2026-04-14T06:30:00Z,29.3475
2026-04-14T07:00:00Z,26.7855
2026-04-14T07:30:00Z,25.6515
2026-04-14T08:00:00Z,20.748
2026-04-14T08:30:00Z,18.8685
2026-04-14T09:00:00Z,18.7635
2026-04-14T09:30:00Z,18.3225
2026-04-14T10:00:00Z,18.753
2026-04-14T10:30:00Z,17.9235
2026-04-14T11:00:00Z,16.737
2026-04-14T11:30:00Z,16.9155
2026-04-14T12:00:00Z,16.947
2026-04-14T12:30:00Z,16.611
2026-04-14T13:00:00Z,17.094
2026-04-14T13:30:00Z,17.094
2026-04-14T14:00:00Z,17.4195
2026-04-14T14:30:00Z,17.22
2026-04-14T15:00:00Z,31.143
2026-04-14T15:30:00Z,31.8045
2026-04-14T16:00:00Z,34.692
2026-04-14T16:30:00Z,37.212
2026-04-14T17:00:00Z,35.469
2026-04-14T17:30:00Z,34.8915
2026-04-14T18:00:00Z,24.0555
2026-04-14T18:30:00Z,23.5725
2026-04-14T19:00:00Z,23.6775
2026-04-14T19:30:00Z,21.8505
2026-04-14T20:00:00Z,21.294
2026-04-14T20:30:00Z,18.3225
2026-04-14T21:00:00Z,18.543
2026-04-14T21:30:00Z,18.102
2026-04-14T22:00:00Z,15.225
2026-04-14T22:30:00Z,14.3535
2026-04-14T23:00:00Z,14.28
2026-04-14T23:30:00Z,12.705
2026-04-15T00:00:00Z,11.9175
2026-04-15T00:30:00Z,11.4975
2026-04-15T01:00:00Z,10.8255
2026-04-15T01:30:00Z,10.6155
2026-04-15T02:00:00Z,10.8255
2026-04-15T02:30:00Z,10.101
2026-04-15T03:00:00Z,9.723
2026-04-15T03:30:00Z,9.723
2026-04-15T04:00:00Z,11.1825
2026-04-15T04:30:00Z,11.9385
2026-04-15T05:00:00Z,15.015
2026-04-15T05:30:00Z,18.543
2026-04-15T06:00:00Z,20.3805
2026-04-15T06:30:00Z,23.4465
2026-04-15T07:00:00Z,18.081
2026-04-15T07:30:00Z,19.866
2026-04-15T08:00:00Z,16.7055
2026-04-15T08:30:00Z,13.8075
2026-04-15T09:00:00Z,10.8255
2026-04-15T09:30:00Z,9.0615
2026-04-15T10:00:00Z,7.077
2026-04-15T10:30:00Z,5.754
2026-04-15T11:00:00Z,6.0375
2026-04-15T11:30:00Z,4.872
2026-04-15T12:00:00Z,8.4
2026-04-15T12:30:00Z,6.1425
2026-04-15T13:00:00Z,5.9745
2026-04-15T13:30:00Z,5.187
2026-04-15T14:00:00Z,2.3625
2026-04-15T14:30:00Z,5.5335
2026-04-15T15:00:00Z,19.8975
2026-04-15T15:30:00Z,28.056
2026-04-15T16:00:00Z,30.9225
2026-04-15T16:30:00Z,31.941
2026-04-15T17:00:00Z,32.109
2026-04-15T17:30:00Z,32.466
2026-04-15T18:00:00Z,21.4095
2026-04-15T18:30:00Z,21.21
2026-04-15T19:00:00Z,20.5275
2026-04-15T19:30:00Z,21.189
2026-04-15T20:00:00Z,20.9265
2026-04-15T20:30:00Z,19.53
2026-04-15T21:00:00Z,18.585
2026-04-15T21:30:00Z,15.456
2026-04-15T22:00:00Z,14.6685
2026-04-15T22:30:00Z,11.2665
2026-04-15T23:00:00Z,12.7785
2026-04-15T23:30:00Z,11.97
2026-04-16T00:00:00Z,11.3925
2026-04-16T00:30:00Z,12.1485
2026-04-16T01:00:00Z,12.1695
2026-04-16T01:30:00Z,11.928
2026-04-16T02:00:00Z,13.293
2026-04-16T02:30:00Z,11.928
2026-04-16T03:00:00Z,12.558
2026-04-16T03:30:00Z,12.9465
2026-04-16T04:00:00Z,14.28
2026-04-16T04:30:00Z,16.464
2026-04-16T05:00:00Z,18.543
2026-04-16T05:30:00Z,21.7245
2026-04-16T06:00:00Z,20.307
2026-04-16T06:30:00Z,21.9345
2026-04-16T07:00:00Z,19.866
2026-04-16T07:30:00Z,18.165
2026-04-16T08:00:00Z,15.2355
2026-04-16T08:30:00Z,13.4505
2026-04-16T09:00:00Z,11.2455
2026-04-16T09:30:00Z,10.626
2026-04-16T10:00:00Z,10.3635
2026-04-16T10:30:00Z,10.29
2026-04-16T11:00:00Z,10.164
2026-04-16T11:30:00Z,10.8885
2026-04-16T12:00:00Z,11.2875
2026-04-16T12:30:00Z,10.626
2026-04-16T13:00:00Z,12.705
2026-04-16T13:30:00Z,13.5555
2026-04-16T14:00:00Z,13.251
2026-04-16T14:30:00Z,14.133
2026-04-16T15:00:00Z,29.379
2026-04-16T15:30:00Z,30.5235
2026-04-16T16:00:00Z,31.8045
2026-04-16T16:30:00Z,32.928
2026-04-16T17:00:00Z,36.393
2026-04-16T17:30:00Z,36.351
2026-04-16T18:00:00Z,23.4885
2026-04-16T18:30:00Z,23.5515
2026-04-16T19:00:00Z,23.793
2026-04-16T19:30:00Z,23.478
2026-04-16T20:00:00Z,22.911
2026-04-16T20:30:00Z,19.6035
2026-04-16T21:00:00Z,18.9735
2026-04-16T21:30:00Z,15.855
2026-04-16T22:00:00Z,18.7425
2026-04-16T22:30:00Z,18.3225
2026-04-16T23:00:00Z,17.913
2026-04-16T23:30:00Z,18.4695
2026-04-17T00:00:00Z,17.7135
2026-04-17T00:30:00Z,17.157
2026-04-17T01:00:00Z,17.0835
2026-04-17T01:30:00Z,15.456
2026-04-17T02:00:00Z,15.981
2026-04-17T02:30:00Z,14.574
2026-04-17T03:00:00Z,16.3485
2026-04-17T03:30:00Z,15.8865
2026-04-17T04:00:00Z,16.653
2026-04-17T04:30:00Z,16.9995
2026-04-17T05:00:00Z,17.7135
2026-04-17T05:30:00Z,20.748
2026-04-17T06:00:00Z,17.0835
2026-04-17T06:30:00Z,19.0365
2026-04-17T07:00:00Z,16.863
2026-04-17T07:30:00Z,15.519
2026-04-17T08:00:00Z,14.7945
2026-04-17T08:30:00Z,13.0305
2026-04-17T09:00:00Z,10.374
2026-04-17T09:30:00Z,10.269
2026-04-17T10:00:00Z,8.064
2026-04-17T10:30:00Z,6.489
2026-04-17T11:00:00Z,6.846
2026-04-17T11:30:00Z,5.922
2026-04-17T12:00:00Z,6.3
2026-04-17T12:30:00Z,5.754
2026-04-17T13:00:00Z,8.4
2026-04-17T13:30:00Z,8.841
2026-04-17T14:00:00Z,9.0615
2026-04-17T14:30:00Z,8.442
2026-04-17T15:00:00Z,23.4255
2026-04-17T15:30:00Z,27.3105
2026-04-17T16:00:00Z,27.7935
2026-04-17T16:30:00Z,30.8595
2026-04-17T17:00:00Z,31.689
2026-04-17T17:30:00Z,32.907
2026-04-17T18:00:00Z,21.252
2026-04-17T18:30:00Z,21.4725
2026-04-17T19:00:00Z,21.756
2026-04-17T19:30:00Z,20.9685
2026-04-17T20:00:00Z,20.748
2026-04-17T20:30:00Z,19.0365
2026-04-17T21:00:00Z,18.102
2026-04-17T21:30:00Z,14.7945
2026-04-17T22:00:00Z,19.425
2026-04-17T22:30:00Z,17.22
2026-04-17T23:00:00Z,16.1175
2026-04-17T23:30:00Z,15.8655
2026-04-18T00:00:00Z,15.9915
2026-04-18T00:30:00Z,16.401
2026-04-18T01:00:00Z,16.1595
2026-04-18T01:30:00Z,15.1515
2026-04-18T02:00:00Z,15.2145
2026-04-18T02:30:00Z,14.574
2026-04-18T03:00:00Z,15.015
2026-04-18T03:30:00Z,14.238
2026-04-18T04:00:00Z,13.713
2026-04-18T04:30:00Z,13.5345
2026-04-18T05:00:00Z,12.369
2026-04-18T05:30:00Z,14.847
2026-04-18T06:00:00Z,14.238
2026-04-18T06:30:00Z,14.133
2026-04-18T07:00:00Z,9.702
2026-04-18T07:30:00Z,9.513
2026-04-18T08:00:00Z,10.038
2026-04-18T08:30:00Z,7.875
2026-04-18T09:00:00Z,6.8985
2026-04-18T09:30:00Z,5.397
2026-04-18T10:00:00Z,3.9795
2026-04-18T10:30:00Z,2.5935
2026-04-18T11:00:00Z,3.927
2026-04-18T11:30:00Z,3.5385
2026-04-18T12:00:00Z,3.7695
2026-04-18T12:30:00Z,3.3285
2026-04-18T13:00:00Z,3.108
2026-04-18T13:30:00Z,3.7695
2026-04-18T14:00:00Z,5.9745
2026-04-18T14:30:00Z,7.14
2026-04-18T15:00:00Z,23.4255
2026-04-18T15:30:00Z,27.615
2026-04-18T16:00:00Z,30.261
2026-04-18T16:30:00Z,31.9515
2026-04-18T17:00:00Z,32.7285
2026-04-18T17:30:00Z,35.7735
2026-04-18T18:00:00Z,22.89
2026-04-18T18:30:00Z,24.6645
2026-04-18T19:00:00Z,21.777
2026-04-18T19:30:00Z,21.8715
2026-04-18T20:00:00Z,21.189
2026-04-18T20:30:00Z,18.984
2026-04-18T21:00:00Z,19.866
2026-04-18T21:30:00Z,16.9365
2026-04-18T22:00:00Z,20.0865
2026-04-18T22:30:00Z,18.879
2026-04-18T23:00:00Z,18.501
2026-04-18T23:30:00Z,18.6585
2026-04-19T00:00:00Z,17.9235
2026-04-19T00:30:00Z,17.913
2026-04-19T01:00:00Z,18.3225
2026-04-19T01:30:00Z,16.338
2026-04-19T02:00:00Z,16.7055
2026-04-19T02:30:00Z,16.107
2026-04-19T03:00:00Z,16.2225
2026-04-19T03:30:00Z,16.527
2026-04-19T04:00:00Z,15.9705
2026-04-19T04:30:00Z,16.107
2026-04-19T05:00:00Z,16.695
2026-04-19T05:30:00Z,17.178
2026-04-19T06:00:00Z,15.939
2026-04-19T06:30:00Z,15.939
2026-04-19T07:00:00Z,14.28
2026-04-19T07:30:00Z,13.692
2026-04-19T08:00:00Z,10.8465
2026-04-19T08:30:00Z,10.143
2026-04-19T09:00:00Z,9.9435
2026-04-19T09:30:00Z,9.9015
2026-04-19T10:00:00Z,8.841
2026-04-19T10:30:00Z,8.463
2026-04-19T11:00:00Z,8.6205
2026-04-19T11:30:00Z,8.652
2026-04-19T12:00:00Z,9.0615
2026-04-19T12:30:00Z,8.904
2026-04-19T13:00:00Z,9.0615
2026-04-19T13:30:00Z,10.164
2026-04-19T14:00:00Z,12.369
2026-04-19T14:30:00Z,13.755
2026-04-19T15:00:00Z,28.665
2026-04-19T15:30:00Z,30.9435
2026-04-19T16:00:00Z,31.311
2026-04-19T16:30:00Z,31.8045
2026-04-19T17:00:00Z,32.7285
2026-04-19T17:30:00Z,33.789
2026-04-19T18:00:00Z,21.4725
2026-04-19T18:30:00Z,22.2915
2026-04-19T19:00:00Z,22.89
2026-04-19T19:30:00Z,22.617
2026-04-19T20:00:00Z,23.1
2026-04-19T20:30:00Z,21.546
2026-04-19T21:00:00Z,21.8505
2026-04-19T21:30:00Z,18.8895
2026-04-19T22:00:00Z,21.7665
2026-04-19T22:30:00Z,18.984
2026-04-19T23:00:00Z,18.5745
2026-04-19T23:30:00Z,18.1545
2026-04-20T00:00:00Z,18.606
2026-04-20T00:30:00Z,18.102
2026-04-20T01:00:00Z,17.661
2026-04-20T01:30:00Z,17.5035
2026-04-20T02:00:00Z,17.8395
2026-04-20T02:30:00Z,17.0415
2026-04-20T03:00:00Z,18.165
2026-04-20T03:30:00Z,17.7975
2026-04-20T04:00:00Z,20.5695
2026-04-20T04:30:00Z,20.748
2026-04-20T05:00:00Z,23.772
2026-04-20T05:30:00Z,24.9795
2026-04-20T06:00:00Z,23.2995
2026-04-20T06:30:00Z,24.78
2026-04-20T07:00:00Z,22.953
2026-04-20T07:30:00Z,22.6485
2026-04-20T08:00:00Z,21.63
2026-04-20T08:30:00Z,17.661
2026-04-20T09:00:00Z,17.304
2026-04-20T09:30:00Z,16.086
2026-04-20T10:00:00Z,16.401
2026-04-20T10:30:00Z,16.359
2026-04-20T11:00:00Z,16.338
2026-04-20T11:30:00Z,16.653
2026-04-20T12:00:00Z,16.086
2026-04-20T12:30:00Z,16.086
2026-04-20T13:00:00Z,15.897
2026-04-20T13:30:00Z,15.267
2026-04-20T14:00:00Z,16.296
2026-04-20T14:30:00Z,16.548
2026-04-20T15:00:00Z,29.82
2026-04-20T15:30:00Z,31.5315
2026-04-20T16:00:00Z,32.025
2026-04-20T16:30:00Z,34.8915
2026-04-20T17:00:00Z,35.6895
2026-04-20T17:30:00Z,35.994
2026-04-20T18:00:00Z,23.1315
2026-04-20T18:30:00Z,22.869
2026-04-20T19:00:00Z,22.953
2026-04-20T19:30:00Z,21.8085
2026-04-20T20:00:00Z,21.8505
2026-04-20T20:30:00Z,17.6925
2026-04-20T21:00:00Z,17.8815
2026-04-20T21:30:00Z,14.3535
2026-04-20T22:00:00Z,16.1175
2026-04-20T22:30:00Z,15.4245
2026-04-20T23:00:00Z,15.267
2026-04-20T23:30:00Z,14.5005
2026-04-21T00:00:00Z,15.12
2026-04-21T00:30:00Z,15.4245
2026-04-21T01:00:00Z,15.6765
2026-04-21T01:30:00Z,15.4245
2026-04-21T02:00:00Z,15.309
2026-04-21T02:30:00Z,14.7945
2026-04-21T03:00:00Z,14.8155
2026-04-21T03:30:00Z,14.343
2026-04-21T04:00:00Z,16.443
2026-04-21T04:30:00Z,17.304
2026-04-21T05:00:00Z,18.984
2026-04-21T05:30:00Z,21.8505
2026-04-21T06:00:00Z,19.866
2026-04-21T06:30:00Z,20.748
2026-04-21T07:00:00Z,18.48
2026-04-21T07:30:00Z,15.12
2026-04-21T08:00:00Z,14.574
2026-04-21T08:30:00Z,13.2195
2026-04-21T09:00:00Z,12.012
2026-04-21T09:30:00Z,9.135
2026-04-21T10:00:00Z,7.077
2026-04-21T10:30:00Z,5.292
2026-04-21T11:00:00Z,5.775
2026-04-21T11:30:00Z,3.7905
2026-04-21T12:00:00Z,2.9085
2026-04-21T12:30:00Z,2.226
2026-04-21T13:00:00Z,1.8585
2026-04-21T13:30:00Z,1.869
2026-04-21T14:00:00Z,1.2285
2026-04-21T14:30:00Z,2.436
2026-04-21T15:00:00Z,21.2415
2026-04-21T15:30:00Z,22.47
2026-04-21T16:00:00Z,24.969
2026-04-21T16:30:00Z,27.7515
2026-04-21T17:00:00Z,30.261
2026-04-21T17:30:00Z,32.8125
2026-04-21T18:00:00Z,20.685
2026-04-21T18:30:00Z,21.567
2026-04-21T19:00:00Z,20.1915
2026-04-21T19:30:00Z,20.349
2026-04-21T20:00:00Z,20.748
2026-04-21T20:30:00Z,17.8395
2026-04-21T21:00:00Z,18.06
2026-04-21T21:30:00Z,14.133
2026-04-21T22:00:00Z,16.884
2026-04-21T22:30:00Z,15.015
2026-04-21T23:00:00Z,14.9835
2026-04-21T23:30:00Z,15.3615
2026-04-22T00:00:00Z,15.624
2026-04-22T00:30:00Z,16.0755
2026-04-22T01:00:00Z,16.1175
2026-04-22T01:30:00Z,15.9075
2026-04-22T02:00:00Z,15.6765
2026-04-22T02:30:00Z,15.351
2026-04-22T03:00:00Z,16.0545
2026-04-22T03:30:00Z,15.9075
2026-04-22T04:00:00Z,18.207
2026-04-22T04:30:00Z,20.0025
2026-04-22T05:00:00Z,19.257
2026-04-22T05:30:00Z,23.058
2026-04-22T06:00:00Z,20.517
2026-04-22T06:30:00Z,21.357
2026-04-22T07:00:00Z,20.1915
2026-04-22T07:30:00Z,17.136
2026-04-22T08:00:00Z,13.167
2026-04-22T08:30:00Z,8.841
2026-04-22T09:00:00Z,9.177
2026-04-22T09:30:00Z,4.872
2026-04-22T10:00:00Z,4.1475
2026-04-22T10:30:00Z,-0.861
2026-04-22T11:00:00Z,0.021
2026-04-22T11:30:00Z,-1.239
2026-04-22T12:00:00Z,-0.903
2026-04-22T12:30:00Z,-1.302
2026-04-22T13:00:00Z,-1.302
2026-04-22T13:30:00Z,-1.302
2026-04-22T14:00:00Z,-0.6405
2026-04-22T14:30:00Z,1.3755
2026-04-22T15:00:00Z,15.708
2026-04-22T15:30:00Z,20.559
2026-04-22T16:00:00Z,25.3575
2026-04-22T16:30:00Z,28.497
2026-04-22T17:00:00Z,31.458
2026-04-22T17:30:00Z,33.1275
2026-04-22T18:00:00Z,22.071
2026-04-22T18:30:00Z,22.575
2026-04-22T19:00:00Z,21.189
2026-04-22T19:30:00Z,21.252
2026-04-22T20:00:00Z,21.63
2026-04-22T20:30:00Z,20.1075
2026-04-22T21:00:00Z,20.5275
2026-04-22T21:30:00Z,17.3565
2026-04-22T22:00:00Z,16.5165
2026-04-22T22:30:00Z,14.8365
2026-04-22T23:00:00Z,14.4375
2026-04-22T23:30:00Z,14.3535
2026-04-23T00:00:00Z,15.2355
2026-04-23T00:30:00Z,15.6765
2026-04-23T01:00:00Z,15.897
2026-04-23T01:30:00Z,15.666
2026-04-23T02:00:00Z,16.17
2026-04-23T02:30:00Z,15.7605
2026-04-23T03:00:00Z,16.191
2026-04-23T03:30:00Z,16.527
2026-04-23T04:00:00Z,19.1835
2026-04-23T04:30:00Z,19.425
2026-04-23T05:00:00Z,21.84
2026-04-23T05:30:00Z,24.276
2026-04-23T06:00:00Z,24.0555
2026-04-23T06:30:00Z,25.158
2026-04-23T07:00:00Z,24.3285
2026-04-23T07:30:00Z,22.512
2026-04-23T08:00:00Z,22.2495
2026-04-23T08:30:00Z,21.2625
2026-04-23T09:00:00Z,20.748
2026-04-23T09:30:00Z,17.472
2026-04-23T10:00:00Z,12.81
2026-04-23T10:30:00Z,11.172
2026-04-23T11:00:00Z,11.487
2026-04-23T11:30:00Z,9.975
2026-04-23T12:00:00Z,9.66
2026-04-23T12:30:00Z,8.631
2026-04-23T13:00:00Z,8.4
2026-04-23T13:30:00Z,8.0955
2026-04-23T14:00:00Z,9.6495
2026-04-23T14:30:00Z,11.487
2026-04-23T15:00:00Z,24.969
2026-04-23T15:30:00Z,27.09
2026-04-23T16:00:00Z,29.82
2026-04-23T16:30:00Z,29.82
2026-04-23T17:00:00Z,31.7835
2026-04-23T17:30:00Z,33.726
2026-04-23T18:00:00Z,22.2285
2026-04-23T18:30:00Z,23.1735
2026-04-23T19:00:00Z,24.276
2026-04-23T19:30:00Z,24.0555
2026-04-23T20:00:00Z,23.6985
2026-04-23T20:30:00Z,22.2075
2026-04-23T21:00:00Z,20.748
2026-04-23T21:30:00Z,16.5165
2026-04-23T22:00:00Z,17.64
2026-04-23T22:30:00Z,15.7605
2026-04-23T23:00:00Z,15.498
2026-04-23T23:30:00Z,16.4535
2026-04-24T00:00:00Z,16.2015
2026-04-24T00:30:00Z,16.443
2026-04-24T01:00:00Z,16.5375
2026-04-24T01:30:00Z,16.086
2026-04-24T02:00:00Z,16.443
2026-04-24T02:30:00Z,16.443
2026-04-24T03:00:00Z,16.8315
2026-04-24T03:30:00Z,16.779
2026-04-24T04:00:00Z,20.8845
2026-04-24T04:30:00Z,21.0525
2026-04-24T05:00:00Z,21.3465
2026-04-24T05:30:00Z,24.9375
2026-04-24T06:00:00Z,24.717
2026-04-24T06:30:00Z,25.158
2026-04-24T07:00:00Z,24.276
2026-04-24T07:30:00Z,22.071
2026-04-24T08:00:00Z,22.7115
2026-04-24T08:30:00Z,16.695
2026-04-24T09:00:00Z,16.38
2026-04-24T09:30:00Z,17.682
2026-04-24T10:00:00Z,16.5585
2026-04-24T10:30:00Z,14.763
2026-04-24T11:00:00Z,14.532
2026-04-24T11:30:00Z,14.133
2026-04-24T12:00:00Z,13.734
2026-04-24T12:30:00Z,13.671
2026-04-24T13:00:00Z,13.4715
2026-04-24T13:30:00Z,13.4715
2026-04-24T14:00:00Z,13.692
2026-04-24T14:30:00Z,14.133
2026-04-24T15:00:00Z,28.2765
2026-04-24T15:30:00Z,28.7385
2026-04-24T16:00:00Z,30.0405
2026-04-24T16:30:00Z,31.3635
2026-04-24T17:00:00Z,33.5055
2026-04-24T17:30:00Z,37.674
2026-04-24T18:00:00Z,26.3655
2026-04-24T18:30:00Z,27.363
2026-04-24T19:00:00Z,26.2605
2026-04-24T19:30:00Z,25.8405
2026-04-24T20:00:00Z,24.0765
2026-04-24T20:30:00Z,22.7955
2026-04-24T21:00:00Z,22.449
2026-04-24T21:30:00Z,19.278
2026-04-24T22:00:00Z,20.664
2026-04-24T22:30:00Z,19.7085
2026-04-24T23:00:00Z,20.0865
2026-04-24T23:30:00Z,20.0865
2026-04-25T00:00:00Z,19.53
2026-04-25T00:30:00Z,19.2045
2026-04-25T01:00:00Z,19.215
2026-04-25T01:30:00Z,18.1125
2026-04-25T02:00:00Z,17.892
2026-04-25T02:30:00Z,16.9995
2026-04-25T03:00:00Z,16.779
2026-04-25T03:30:00Z,16.7685
2026-04-25T04:00:00Z,17.619
2026-04-25T04:30:00Z,16.9995
2026-04-25T05:00:00Z,18.3015
2026-04-25T05:30:00Z,19.6035
2026-04-25T06:00:00Z,19.866
2026-04-25T06:30:00Z,19.908
2026-04-25T07:00:00Z,19.866
2026-04-25T07:30:00Z,19.6035
2026-04-25T08:00:00Z,19.1205
2026-04-25T08:30:00Z,18.3855
2026-04-25T09:00:00Z,16.4745
2026-04-25T09:30:00Z,16.8105
2026-04-25T10:00:00Z,13.9125
2026-04-25T10:30:00Z,12.5895
2026-04-25T11:00:00Z,12.9675
2026-04-25T11:30:00Z,11.928
2026-04-25T12:00:00Z,10.8885
2026-04-25T12:30:00Z,9.9435
2026-04-25T13:00:00Z,9.786
2026-04-25T13:30:00Z,10.437
2026-04-25T14:00:00Z,10.941
2026-04-25T14:30:00Z,11.088
2026-04-25T15:00:00Z,25.011
2026-04-25T15:30:00Z,27.615
2026-04-25T16:00:00Z,29.0745
2026-04-25T16:30:00Z,31.3635
2026-04-25T17:00:00Z,31.143
2026-04-25T17:30:00Z,34.4505
2026-04-25T18:00:00Z,22.6485
2026-04-25T18:30:00Z,23.1735
2026-04-25T19:00:00Z,23.1105
2026-04-25T19:30:00Z,23.2155
2026-04-25T20:00:00Z,23.1
2026-04-25T20:30:00Z,21.8925
2026-04-25T21:00:00Z,22.407
2026-04-25T21:30:00Z,19.866
2026-04-25T22:00:00Z,21.084
2026-04-25T22:30:00Z,19.425
2026-04-25T23:00:00Z,19.1835
2026-04-25T23:30:00Z,18.9
2026-04-26T00:00:00Z,19.2885
2026-04-26T00:30:00Z,19.2465
2026-04-26T01:00:00Z,18.942
2026-04-26T01:30:00Z,19.1415
2026-04-26T02:00:00Z,19.047
2026-04-26T02:30:00Z,18.291
2026-04-26T03:00:00Z,17.661
2026-04-26T03:30:00Z,16.9785
2026-04-26T04:00:00Z,17.997
2026-04-26T04:30:00Z,17.619
2026-04-26T05:00:00Z,18.501
2026-04-26T05:30:00Z,18.48
2026-04-26T06:00:00Z,17.556
2026-04-26T06:30:00Z,19.383
2026-04-26T07:00:00Z,19.782
2026-04-26T07:30:00Z,20.748
2026-04-26T08:00:00Z,19.6665
2026-04-26T08:30:00Z,18.984
2026-04-26T09:00:00Z,18.648
2026-04-26T09:30:00Z,16.443
2026-04-26T10:00:00Z,15.015
2026-04-26T10:30:00Z,14.847
2026-04-26T11:00:00Z,14.91
2026-04-26T11:30:00Z,13.692
2026-04-26T12:00:00Z,13.692
2026-04-26T12:30:00Z,13.692
2026-04-26T13:00:00Z,13.4715
2026-04-26T13:30:00Z,13.692
2026-04-26T14:00:00Z,14.133
2026-04-26T14:30:00Z,14.574
2026-04-26T15:00:00Z,30.0405
2026-04-26T15:30:00Z,30.1245
2026-04-26T16:00:00Z,30.261
2026-04-26T16:30:00Z,30.03
2026-04-26T17:00:00Z,36.2355
2026-04-26T17:30:00Z,36.4245
2026-04-26T18:00:00Z,26.0505
2026-04-26T18:30:00Z,26.2815
2026-04-26T19:00:00Z,25.158
2026-04-26T19:30:00Z,25.158
2026-04-26T20:00:00Z,24.633
2026-04-26T20:30:00Z,22.3335
2026-04-26T21:00:00Z,21.8505
2026-04-26T21:30:00Z,18.543
2026-04-26T22:00:00Z,18.816
2026-04-26T22:30:00Z,18.3435
2026-04-26T23:00:00Z,18.3645
2026-04-26T23:30:00Z,18.2805
2026-04-27T00:00:00Z,18.018
2026-04-27T00:30:00Z,18.1545
2026-04-27T01:00:00Z,17.64
2026-04-27T01:30:00Z,16.884
2026-04-27T02:00:00Z,17.6295
2026-04-27T02:30:00Z,17.136
2026-04-27T03:00:00Z,18.144
2026-04-27T03:30:00Z,18.8895
2026-04-27T04:00:00Z,22.3755
2026-04-27T04:30:00Z,24.3915
2026-04-27T05:00:00Z,23.772
2026-04-27T05:30:00Z,25.0845
2026-04-27T06:00:00Z,24.4125
2026-04-27T06:30:00Z,25.1475
2026-04-27T07:00:00Z,24.864
2026-04-27T07:30:00Z,21.9345
2026-04-27T08:00:00Z,20.5275
2026-04-27T08:30:00Z,17.22
2026-04-27T09:00:00Z,16.3695
2026-04-27T09:30:00Z,16.17
2026-04-27T10:00:00Z,16.3275
2026-04-27T10:30:00Z,15.8025
2026-04-27T11:00:00Z,15.456
2026-04-27T11:30:00Z,15.2355
2026-04-27T12:00:00Z,15.351
2026-04-27T12:30:00Z,15.2355
2026-04-27T13:00:00Z,15.2355
2026-04-27T13:30:00Z,15.2355
2026-04-27T14:00:00Z,15.6975
2026-04-27T14:30:00Z,15.603
2026-04-27T15:00:00Z,29.1585
2026-04-27T15:30:00Z,27.951
2026-04-27T16:00:00Z,34.23
2026-04-27T16:30:00Z,35.112
2026-04-27T17:00:00Z,39.606
2026-04-27T17:30:00Z,40.404
2026-04-27T18:00:00Z,27.4575
2026-04-27T18:30:00Z,28.245
2026-04-27T19:00:00Z,24.528
2026-04-27T19:30:00Z,24.4965
2026-04-27T20:00:00Z,23.352
2026-04-27T20:30:00Z,19.8975
2026-04-27T21:00:00Z,20.1915
2026-04-27T21:30:00Z,18.102
2026-04-27T22:00:00Z,19.425
2026-04-27T22:30:00Z,19.761
2026-04-27T23:00:00Z,17.8815
2026-04-27T23:30:00Z,18.5535
2026-04-28T00:00:00Z,16.7055
2026-04-28T00:30:00Z,16.338
2026-04-28T01:00:00Z,17.22
2026-04-28T01:30:00Z,16.38
2026-04-28T02:00:00Z,16.7055
2026-04-28T02:30:00Z,16.611
2026-04-28T03:00:00Z,17.2095
2026-04-28T03:30:00Z,16.7055
2026-04-28T04:00:00Z,16.317
2026-04-28T04:30:00Z,16.7055
2026-04-28T05:00:00Z,17.0625
2026-04-28T05:30:00Z,21.441
2026-04-28T06:00:00Z,21.0105
2026-04-28T06:30:00Z,22.1865
2026-04-28T07:00:00Z,21.8715
2026-04-28T07:30:00Z,21.399
2026-04-28T08:00:00Z,23.6145
2026-04-28T08:30:00Z,21.8505
2026-04-28T09:00:00Z,20.748
2026-04-28T09:30:00Z,21.189
2026-04-28T10:00:00Z,21.8505
2026-04-28T10:30:00Z,21.8505
2026-04-28T11:00:00Z,20.9685
2026-04-28T11:30:00Z,20.391
2026-04-28T12:00:00Z,17.3145
2026-04-28T12:30:00Z,14.931
2026-04-28T13:00:00Z,14.3535
2026-04-28T13:30:00Z,13.692
2026-04-28T14:00:00Z,13.734
2026-04-28T14:30:00Z,14.4375
2026-04-28T15:00:00Z,26.796
2026-04-28T15:30:00Z,29.9145
2026-04-28T16:00:00Z,30.4605
2026-04-28T16:30:00Z,33.789
2026-04-28T17:00:00Z,36.2145
2026-04-28T17:30:00Z,38.1465
2026-04-28T18:00:00Z,23.856
2026-04-28T18:30:00Z,23.9715
2026-04-28T19:00:00Z,22.47
2026-04-28T19:30:00Z,22.365
2026-04-28T20:00:00Z,26.04
2026-04-28T20:30:00Z,22.071
2026-04-28T21:00:00Z,21.8505
2026-04-28T21:30:00Z,16.7055
2026-04-28T22:00:00Z,15.9285
2026-04-28T22:30:00Z,13.692
2026-04-28T23:00:00Z,14.6055
2026-04-28T23:30:00Z,14.574
2026-04-29T00:00:00Z,14.8995
2026-04-29T00:30:00Z,14.7945
2026-04-29T01:00:00Z,14.4585
2026-04-29T01:30:00Z,14.154
2026-04-29T02:00:00Z,14.7945
2026-04-29T02:30:00Z,14.721
2026-04-29T03:00:00Z,14.574
2026-04-29T03:30:00Z,14.763
2026-04-29T04:00:00Z,18.1965
2026-04-29T04:30:00Z,19.026
2026-04-29T05:00:00Z,17.4405
2026-04-29T05:30:00Z,20.5485
2026-04-29T06:00:00Z,18.648
2026-04-29T06:30:00Z,18.7005
2026-04-29T07:00:00Z,18.984
2026-04-29T07:30:00Z,16.863
2026-04-29T08:00:00Z,15.2355
2026-04-29T08:30:00Z,9.0615
2026-04-29T09:00:00Z,4.0005
2026-04-29T09:30:00Z,-1.302
2026-04-29T10:00:00Z,-0.756
2026-04-29T10:30:00Z,-1.722
2026-04-29T11:00:00Z,-2.4045
2026-04-29T11:30:00Z,-3.486
2026-04-29T12:00:00Z,-3.3075
2026-04-29T12:30:00Z,-3.423
2026-04-29T13:00:00Z,-3.948
2026-04-29T13:30:00Z,-4.1475
2026-04-29T14:00:00Z,-5.2605
2026-04-29T14:30:00Z,-2.793
2026-04-29T15:00:00Z,10.1955
2026-04-29T15:30:00Z,19.824
2026-04-29T16:00:00Z,23.205
2026-04-29T16:30:00Z,28.854
2026-04-29T17:00:00Z,31.584
2026-04-29T17:30:00Z,33.2115
2026-04-29T18:00:00Z,23.835
2026-04-29T18:30:00Z,24.066
2026-04-29T19:00:00Z,21.6405
2026-04-29T19:30:00Z,20.5275
2026-04-29T20:00:00Z,21.189
2026-04-29T20:30:00Z,17.5245
2026-04-29T21:00:00Z,17.4405
2026-04-29T21:30:00Z,14.112
2026-04-29T22:00:00Z,16.0755
2026-04-29T22:30:00Z,14.3955
2026-04-29T23:00:00Z,15.372
2026-04-29T23:30:00Z,15.645
2026-04-30T00:00:00Z,15.2355
2026-04-30T00:30:00Z,14.49
2026-04-30T01:00:00Z,13.9125
2026-04-30T01:30:00Z,13.0305
2026-04-30T02:00:00Z,13.4085
2026-04-30T02:30:00Z,13.0305
2026-04-30T03:00:00Z,13.0305
2026-04-30T03:30:00Z,13.4715
2026-04-30T04:00:00Z,14.637
2026-04-30T04:30:00Z,15.015
2026-04-30T05:00:00Z,16.779
2026-04-30T05:30:00Z,18.8475
2026-04-30T06:00:00Z,15.897
2026-04-30T06:30:00Z,14.889
2026-04-30T07:00:00Z,13.4715
2026-04-30T07:30:00Z,5.4495
2026-04-30T08:00:00Z,3.549
2026-04-30T08:30:00Z,-2.835
2026-04-30T09:00:00Z,-3.948
2026-04-30T09:30:00Z,-5.0505
2026-04-30T10:00:00Z,-4.389
2026-04-30T10:30:00Z,-4.8825
2026-04-30T11:00:00Z,-6.111
2026-04-30T11:30:00Z,-7.0245
2026-04-30T12:00:00Z,-6.951
2026-04-30T12:30:00Z,-7.2555
2026-04-30T13:00:00Z,-5.922
2026-04-30T13:30:00Z,-5.922
2026-04-30T14:00:00Z,-5.9325
2026-04-30T14:30:00Z,-3.864
2026-04-30T15:00:00Z,8.211
2026-04-30T15:30:00Z,19.152
2026-04-30T16:00:00Z,23.4255
2026-04-30T16:30:00Z,31.8045
2026-04-30T17:00:00Z,34.23
2026-04-30T17:30:00Z,37.5375
2026-04-30T18:00:00Z,24.4965
2026-04-30T18:30:00Z,25.368
2026-04-30T19:00:00Z,23.121
2026-04-30T19:30:00Z,22.3965
2026-04-30T20:00:00Z,19.7505
2026-04-30T20:30:00Z,17.2095
2026-04-30T21:00:00Z,18.0705
2026-04-30T21:30:00Z,14.7945
2026-04-30T22:00:00Z,16.338
2026-04-30T22:30:00Z,15.981
2026-04-30T23:00:00Z,16.5585
2026-04-30T23:30:00Z,16.2225
2026-05-01T00:00:00Z,15.6765
2026-05-01T00:30:00Z,15.6765
2026-05-01T01:00:00Z,15.4245
2026-05-01T01:30:00Z,15.288
2026-05-01T02:00:00Z,15.33
2026-05-01T02:30:00Z,15.015
2026-05-01T03:00:00Z,14.7525
2026-05-01T03:30:00Z,15.036
2026-05-01T04:00:00Z,15.456
2026-05-01T04:30:00Z,16.1805
2026-05-01T05:00:00Z,16.338
2026-05-01T05:30:00Z,19.6455
2026-05-01T06:00:00Z,22.512
2026-05-01T06:30:00Z,22.6065
2026-05-01T07:00:00Z,22.659
2026-05-01T07:30:00Z,21.546
2026-05-01T08:00:00Z,22.7535
2026-05-01T08:30:00Z,20.1705
2026-05-01T09:00:00Z,19.0995
2026-05-01T09:30:00Z,17.619
2026-05-01T10:00:00Z,17.9445
2026-05-01T10:30:00Z,16.947
2026-05-01T11:00:00Z,16.6215
2026-05-01T11:30:00Z,16.338
2026-05-01T12:00:00Z,16.338
2026-05-01T12:30:00Z,16.2855
2026-05-01T13:00:00Z,16.338
2026-05-01T13:30:00Z,16.2015
2026-05-01T14:00:00Z,15.666
2026-05-01T14:30:00Z,16.107
2026-05-01T15:00:00Z,28.7595
2026-05-01T15:30:00Z,30.03
2026-05-01T16:00:00Z,29.82
2026-05-01T16:30:00Z,33.5685
2026-05-01T17:00:00Z,37.38
2026-05-01T17:30:00Z,37.758
2026-05-01T18:00:00Z,27.0585
2026-05-01T18:30:00Z,26.9745
2026-05-01T19:00:00Z,23.394
2026-05-01T19:30:00Z,23.6145
2026-05-01T20:00:00Z,23.394
2026-05-01T20:30:00Z,20.748
2026-05-01T21:00:00Z,19.32
2026-05-01T21:30:00Z,16.6215
2026-05-01T22:00:00Z,19.656
2026-05-01T22:30:00Z,19.005
2026-05-01T23:00:00Z,18.06
2026-05-01T23:30:00Z,17.7345
2026-05-02T00:00:00Z,17.9865
2026-05-02T00:30:00Z,18.4065
2026-05-02T01:00:00Z,17.9025
2026-05-02T01:30:00Z,17.5455
2026-05-02T02:00:00Z,17.5035
2026-05-02T02:30:00Z,17.4615
2026-05-02T03:00:00Z,18.2595
2026-05-02T03:30:00Z,18.7635
2026-05-02T04:00:00Z,18.543
2026-05-02T04:30:00Z,17.703
2026-05-02T05:00:00Z,17.6925
2026-05-02T05:30:00Z,17.9445
2026-05-02T06:00:00Z,19.2465
2026-05-02T06:30:00Z,20.0865
2026-05-02T07:00:00Z,20.622
2026-05-02T07:30:00Z,21.567
2026-05-02T08:00:00Z,21.8085
2026-05-02T08:30:00Z,20.139
2026-05-02T09:00:00Z,19.7085
2026-05-02T09:30:00Z,17.367
2026-05-02T10:00:00Z,17.4405
2026-05-02T10:30:00Z,16.7475
2026-05-02T11:00:00Z,16.8
2026-05-02T11:30:00Z,17.5035
2026-05-02T12:00:00Z,18.2805
2026-05-02T12:30:00Z,17.7975
2026-05-02T13:00:00Z,18.942
2026-05-02T13:30:00Z,17.304
2026-05-02T14:00:00Z,18.3225
2026-05-02T14:30:00Z,18.6165
2026-05-02T15:00:00Z,31.6995
2026-05-02T15:30:00Z,31.584
2026-05-02T16:00:00Z,34.23
2026-05-02T16:30:00Z,36.939
2026-05-02T17:00:00Z,37.5375
2026-05-02T17:30:00Z,37.317
2026-05-02T18:00:00Z,25.872
2026-05-02T18:30:00Z,25.452
2026-05-02T19:00:00Z,25.095
2026-05-02T19:30:00Z,25.3785
2026-05-02T20:00:00Z,23.394
2026-05-02T20:30:00Z,21.8085
2026-05-02T21:00:00Z,19.425
2026-05-02T21:30:00Z,17.85
2026-05-02T22:00:00Z,18.8265
2026-05-02T22:30:00Z,20.307
2026-05-02T23:00:00Z,19.95
2026-05-02T23:30:00Z,19.992
2026-05-03T00:00:00Z,19.425
2026-05-03T00:30:00Z,19.1205
2026-05-03T01:00:00Z,18.5325
2026-05-03T01:30:00Z,16.5585
2026-05-03T02:00:00Z,17.472
2026-05-03T02:30:00Z,16.3065
2026-05-03T03:00:00Z,16.9575
2026-05-03T03:30:00Z,15.855
2026-05-03T04:00:00Z,15.435
2026-05-03T04:30:00Z,14.7945
2026-05-03T05:00:00Z,15.204
2026-05-03T05:30:00Z,15.792
2026-05-03T06:00:00Z,15.351
2026-05-03T06:30:00Z,15.3405
2026-05-03T07:00:00Z,14.8575
2026-05-03T07:30:00Z,15.729
2026-05-03T08:00:00Z,17.682
2026-05-03T08:30:00Z,17.8815
2026-05-03T09:00:00Z,17.3985
2026-05-03T09:30:00Z,16.9365
2026-05-03T10:00:00Z,18.564
2026-05-03T10:30:00Z,19.6665
2026-05-03T11:00:00Z,19.1625
2026-05-03T11:30:00Z,20.0865
2026-05-03T12:00:00Z,19.866
2026-05-03T12:30:00Z,19.425
2026-05-03T13:00:00Z,17.9655
2026-05-03T13:30:00Z,18.228
2026-05-03T14:00:00Z,17.682
2026-05-03T14:30:00Z,18.7635
2026-05-03T15:00:00Z,31.8045
2026-05-03T15:30:00Z,33.1275
2026-05-03T16:00:00Z,33.789
2026-05-03T16:30:00Z,35.112
2026-05-03T17:00:00Z,36.435
2026-05-03T17:30:00Z,35.553
2026-05-03T18:00:00Z,23.73
2026-05-03T18:30:00Z,23.7195
2026-05-03T19:00:00Z,23.1
2026-05-03T19:30:00Z,23.1735
2026-05-03T20:00:00Z,23.0895
2026-05-03T20:30:00Z,21.105
2026-05-03T21:00:00Z,20.307
2026-05-03T21:30:00Z,17.9445
2026-05-03T22:00:00Z,19.5615
2026-05-03T22:30:00Z,18.9945
2026-05-03T23:00:00Z,18.648
2026-05-03T23:30:00Z,18.459
2026-05-04T00:00:00Z,18.0075
2026-05-04T00:30:00Z,18.207
2026-05-04T01:00:00Z,18.543
2026-05-04T01:30:00Z,18.1965
2026-05-04T02:00:00Z,18.543
2026-05-04T02:30:00Z,18.102
2026-05-04T03:00:00Z,19.866
2026-05-04T03:30:00Z,18.984
2026-05-04T04:00:00Z,21.252
2026-05-04T04:30:00Z,20.958
2026-05-04T05:00:00Z,23.5515
2026-05-04T05:30:00Z,24.0555
2026-05-04T06:00:00Z,22.2075
2026-05-04T06:30:00Z,22.428
2026-05-04T07:00:00Z,20.706
2026-05-04T07:30:00Z,20.853
2026-05-04T08:00:00Z,19.2255
2026-05-04T08:30:00Z,18.543
2026-05-04T09:00:00Z,17.745
2026-05-04T09:30:00Z,17.22
2026-05-04T10:00:00Z,16.9995
2026-05-04T10:30:00Z,16.9995
2026-05-04T11:00:00Z,16.9995
2026-05-04T11:30:00Z,16.9995
2026-05-04T12:00:00Z,16.9995
2026-05-04T12:30:00Z,16.9995
2026-05-04T13:00:00Z,16.9995
2026-05-04T13:30:00Z,16.9995
2026-05-04T14:00:00Z,16.779
2026-05-04T14:30:00Z,17.241
2026-05-04T15:00:00Z,30.1665
2026-05-04T15:30:00Z,32.886
2026-05-04T16:00:00Z,34.6185
2026-05-04T16:30:00Z,36.6555
2026-05-04T17:00:00Z,41.286
2026-05-04T17:30:00Z,39.3015
2026-05-04T18:00:00Z,27.1425
2026-05-04T18:30:00Z,26.7855
2026-05-04T19:00:00Z,26.7015
2026-05-04T19:30:00Z,27.2055
2026-05-04T20:00:00Z,25.2945
2026-05-04T20:30:00Z,22.722
2026-05-04T21:00:00Z,21.8085
2026-05-04T21:30:00Z,18.3225
2026-05-04T22:00:00Z,21.483
2026-05-04T22:30:00Z,20.832
2026-05-04T23:00:00Z,20.0865
2026-05-04T23:30:00Z,20.055
2026-05-05T00:00:00Z,19.488
2026-05-05T00:30:00Z,19.6455
2026-05-05T01:00:00Z,19.425
2026-05-05T01:30:00Z,18.942
2026-05-05T02:00:00Z,19.3515
2026-05-05T02:30:00Z,18.4695
2026-05-05T03:00:00Z,19.992
2026-05-05T03:30:00Z,19.6455
2026-05-05T04:00:00Z,21.63
2026-05-05T04:30:00Z,20.9265
2026-05-05T05:00:00Z,23.373
2026-05-05T05:30:00Z,26.1345
2026-05-05T06:00:00Z,24.0555
2026-05-05T06:30:00Z,24.717
2026-05-05T07:00:00Z,23.0685
2026-05-05T07:30:00Z,21.924
2026-05-05T08:00:00Z,21.168
2026-05-05T08:30:00Z,19.362
2026-05-05T09:00:00Z,19.0995
2026-05-05T09:30:00Z,18.0495
2026-05-05T10:00:00Z,17.8815
2026-05-05T10:30:00Z,18.123
2026-05-05T11:00:00Z,17.682
2026-05-05T11:30:00Z,17.4615
2026-05-05T12:00:00Z,17.8815
2026-05-05T12:30:00Z,17.997
2026-05-05T13:00:00Z,18.3225
2026-05-05T13:30:00Z,19.047
2026-05-05T14:00:00Z,18.732
2026-05-05T14:30:00Z,20.748
2026-05-05T15:00:00Z,33.348
2026-05-05T15:30:00Z,36.435
2026-05-05T16:00:00Z,34.23
2026-05-05T16:30:00Z,36.6555
2026-05-05T17:00:00Z,36.876
2026-05-05T17:30:00Z,36.519
2026-05-05T18:00:00Z,24.1395
2026-05-05T18:30:00Z,24.9375
2026-05-05T19:00:00Z,24.024
2026-05-05T19:30:00Z,23.835
2026-05-05T20:00:00Z,22.113
2026-05-05T20:30:00Z,20.748
2026-05-05T21:00:00Z,20.9685
2026-05-05T21:30:00Z,17.4405
2026-05-05T22:00:00Z,18.7635
2026-05-05T22:30:00Z,18.1755
2026-05-05T23:00:00Z,17.5875
2026-05-05T23:30:00Z,17.766
2026-05-06T00:00:00Z,17.997
2026-05-06T00:30:00Z,17.766
2026-05-06T01:00:00Z,18.3645
2026-05-06T01:30:00Z,17.8605
2026-05-06T02:00:00Z,17.8185
2026-05-06T02:30:00Z,17.703
2026-05-06T03:00:00Z,18.543
2026-05-06T03:30:00Z,17.556
2026-05-06T04:00:00Z,18.543
2026-05-06T04:30:00Z,18.543
2026-05-06T05:00:00Z,21.189
2026-05-06T05:30:00Z,24.717
2026-05-06T06:00:00Z,22.953
2026-05-06T06:30:00Z,24.0555
2026-05-06T07:00:00Z,22.68
2026-05-06T07:30:00Z,21.609
2026-05-06T08:00:00Z,20.4855
2026-05-06T08:30:00Z,18.7845
2026-05-06T09:00:00Z,18.7215
2026-05-06T09:30:00Z,18.0285
2026-05-06T10:00:00Z,18.417
2026-05-06T10:30:00Z,18.3225
2026-05-06T11:00:00Z,18.6375
2026-05-06T11:30:00Z,18.7425
2026-05-06T12:00:00Z,19.11
2026-05-06T12:30:00Z,18.7635
2026-05-06T13:00:00Z,18.69
2026-05-06T13:30:00Z,18.3225
2026-05-06T14:00:00Z,18.018
2026-05-06T14:30:00Z,18.984
2026-05-06T15:00:00Z,31.3425
2026-05-06T15:30:00Z,34.671
2026-05-06T16:00:00Z,35.028
2026-05-06T16:30:00Z,37.0965
2026-05-06T17:00:00Z,38.43
2026-05-06T17:30:00Z,38.8605
2026-05-06T18:00:00Z,26.481
2026-05-06T18:30:00Z,26.628
2026-05-06T19:00:00Z,26.2605
2026-05-06T19:30:00Z,26.061
2026-05-06T20:00:00Z,25.62
2026-05-06T20:30:00Z,23.394
2026-05-06T21:00:00Z,24.0975
2026-05-06T21:30:00Z,20.8215
2026-05-06T22:00:00Z,21.882
2026-05-06T22:30:00Z,19.173
2026-05-06T23:00:00Z,19.6455
2026-05-06T23:30:00Z,19.0995
2026-05-07T00:00:00Z,18.7635
2026-05-07T00:30:00Z,19.425
2026-05-07T01:00:00Z,19.6455
2026-05-07T01:30:00Z,18.7845
2026-05-07T02:00:00Z,19.6665
2026-05-07T02:30:00Z,19.6455
2026-05-07T03:00:00Z,20.307
2026-05-07T03:30:00Z,19.866
2026-05-07T04:00:00Z,21.9135
2026-05-07T04:30:00Z,22.9845
2026-05-07T05:00:00Z,24.9375
2026-05-07T05:30:00Z,25.872
2026-05-07T06:00:00Z,25.599
2026-05-07T06:30:00Z,26.3025
2026-05-07T07:00:00Z,23.058
2026-05-07T07:30:00Z,21.672
2026-05-07T08:00:00Z,19.866
2026-05-07T08:30:00Z,16.5375
2026-05-07T09:00:00Z,18.0705
2026-05-07T09:30:00Z,16.0755
2026-05-07T10:00:00Z,15.876
2026-05-07T10:30:00Z,16.5795
2026-05-07T11:00:00Z,16.884
2026-05-07T11:30:00Z,16.884
2026-05-07T12:00:00Z,16.884
2026-05-07T12:30:00Z,16.338
2026-05-07T13:00:00Z,16.884
2026-05-07T13:30:00Z,16.1385
2026-05-07T14:00:00Z,18.5115
2026-05-07T14:30:00Z,19.173
2026-05-07T15:00:00Z,32.907
2026-05-07T15:30:00Z,35.028
2026-05-07T16:00:00Z,33.5685
2026-05-07T16:30:00Z,35.301
2026-05-07T17:00:00Z,37.212
2026-05-07T17:30:00Z,37.9785
2026-05-07T18:00:00Z,25.599
2026-05-07T18:30:00Z,25.599
2026-05-07T19:00:00Z,25.8195
2026-05-07T19:30:00Z,25.83
2026-05-07T20:00:00Z,25.494
2026-05-07T20:30:00Z,24.4755
2026-05-07T21:00:00Z,24.6225
2026-05-07T21:30:00Z,22.071
2026-05-07T22:00:00Z,23.226
2026-05-07T22:30:00Z,20.4855
2026-05-07T23:00:00Z,18.816
2026-05-07T23:30:00Z,19.2675
2026-05-08T00:00:00Z,17.9445
2026-05-08T00:30:00Z,17.745
2026-05-08T01:00:00Z,17.9655
2026-05-08T01:30:00Z,17.724
2026-05-08T02:00:00Z,18.018
2026-05-08T02:30:00Z,18.102
2026-05-08T03:00:00Z,19.1625
2026-05-08T03:30:00Z,19.425
2026-05-08T04:00:00Z,21.0
2026-05-08T04:30:00Z,22.3545
2026-05-08T05:00:00Z,22.512
2026-05-08T05:30:00Z,24.8325
2026-05-08T06:00:00Z,22.5855
2026-05-08T06:30:00Z,24.717
2026-05-08T07:00:00Z,23.331
2026-05-08T07:30:00Z,21.6615
2026-05-08T08:00:00Z,18.774
2026-05-08T08:30:00Z,17.1045
2026-05-08T09:00:00Z,17.4615
2026-05-08T09:30:00Z,16.9995
2026-05-08T10:00:00Z,15.6135
2026-05-08T10:30:00Z,16.191
2026-05-08T11:00:00Z,16.884
2026-05-08T11:30:00Z,16.779
2026-05-08T12:00:00Z,16.338
2026-05-08T12:30:00Z,16.338
2026-05-08T13:00:00Z,16.338
2026-05-08T13:30:00Z,16.338
2026-05-08T14:00:00Z,16.779
2026-05-08T14:30:00Z,17.22
2026-05-08T15:00:00Z,30.0405
2026-05-08T15:30:00Z,31.689
2026-05-08T16:00:00Z,32.025
2026-05-08T16:30:00Z,34.23
2026-05-08T17:00:00Z,35.49
2026-05-08T17:30:00Z,36.0045
2026-05-08T18:00:00Z,24.9375
2026-05-08T18:30:00Z,25.3365
2026-05-08T19:00:00Z,24.843
2026-05-08T19:30:00Z,24.696
2026-05-08T20:00:00Z,23.793
2026-05-08T20:30:00Z,21.63
2026-05-08T21:00:00Z,21.987
2026-05-08T21:30:00Z,20.769
2026-05-08T22:00:00Z,20.307
2026-05-08T22:30:00Z,18.522
2026-05-08T23:00:00Z,19.404
2026-05-08T23:30:00Z,19.0575
2026-05-09T00:00:00Z,18.669
2026-05-09T00:30:00Z,18.102
2026-05-09T01:00:00Z,18.5745
2026-05-09T01:30:00Z,17.22
2026-05-09T02:00:00Z,18.7635
2026-05-09T02:30:00Z,18.627
2026-05-09T03:00:00Z,18.816
2026-05-09T03:30:00Z,18.522
2026-05-09T04:00:00Z,18.7215
2026-05-09T04:30:00Z,18.732
2026-05-09T05:00:00Z,18.27
2026-05-09T05:30:00Z,18.879
2026-05-09T06:00:00Z,17.64
2026-05-09T06:30:00Z,17.8185
2026-05-09T07:00:00Z,17.346
2026-05-09T07:30:00Z,17.8395
2026-05-09T08:00:00Z,17.8815
2026-05-09T08:30:00Z,16.506
2026-05-09T09:00:00Z,15.897
2026-05-09T09:30:00Z,14.7945
2026-05-09T10:00:00Z,14.3955
2026-05-09T10:30:00Z,14.7105
2026-05-09T11:00:00Z,14.574
2026-05-09T11:30:00Z,14.133
2026-05-09T12:00:00Z,13.9545
2026-05-09T12:30:00Z,13.8705
2026-05-09T13:00:00Z,14.133
2026-05-09T13:30:00Z,13.713
2026-05-09T14:00:00Z,13.251
2026-05-09T14:30:00Z,13.7235
2026-05-09T15:00:00Z,27.342
2026-05-09T15:30:00Z,28.938
2026-05-09T16:00:00Z,31.479
2026-05-09T16:30:00Z,32.907
2026-05-09T17:00:00Z,33.831
2026-05-09T17:30:00Z,34.5345
2026-05-09T18:00:00Z,22.512
2026-05-09T18:30:00Z,22.1235
2026-05-09T19:00:00Z,22.3755
2026-05-09T19:30:00Z,22.071
2026-05-09T20:00:00Z,22.323
2026-05-09T20:30:00Z,21.5985
2026-05-09T21:00:00Z,21.378
2026-05-09T21:30:00Z,20.2545
2026-05-09T22:00:00Z,20.0865
2026-05-09T22:30:00Z,20.307
2026-05-09T23:00:00Z,20.3385
2026-05-09T23:30:00Z,19.4775
2026-05-10T00:00:00Z,19.2045
2026-05-10T00:30:00Z,19.2045
2026-05-10T01:00:00Z,18.6165
2026-05-10T01:30:00Z,17.8395
2026-05-10T02:00:00Z,18.438
2026-05-10T02:30:00Z,18.3225
2026-05-10T03:00:00Z,18.9
2026-05-10T03:30:00Z,18.2805
2026-05-10T04:00:00Z,18.3855
2026-05-10T04:30:00Z,18.3645
2026-05-10T05:00:00Z,17.2515
2026-05-10T05:30:00Z,18.8265
2026-05-10T06:00:00Z,13.4715
2026-05-10T06:30:00Z,12.81
2026-05-10T07:00:00Z,11.928
2026-05-10T07:30:00Z,12.1905
2026-05-10T08:00:00Z,13.0305
2026-05-10T08:30:00Z,11.928
2026-05-10T09:00:00Z,12.054
2026-05-10T09:30:00Z,11.865
2026-05-10T10:00:00Z,11.928
2026-05-10T10:30:00Z,11.1615
2026-05-10T11:00:00Z,12.1485
2026-05-10T11:30:00Z,12.054
2026-05-10T12:00:00Z,10.8255
2026-05-10T12:30:00Z,10.605
2026-05-10T13:00:00Z,11.004
2026-05-10T13:30:00Z,10.605
2026-05-10T14:00:00Z,11.9805
2026-05-10T14:30:00Z,11.7705
2026-05-10T15:00:00Z,26.6595
2026-05-10T15:30:00Z,26.838
2026-05-10T16:00:00Z,30.66
2026-05-10T16:30:00Z,32.5605
2026-05-10T17:00:00Z,33.474
2026-05-10T17:30:00Z,33.3375
2026-05-10T18:00:00Z,21.273
2026-05-10T18:30:00Z,21.3465
2026-05-10T19:00:00Z,21.609
2026-05-10T19:30:00Z,21.546
2026-05-10T20:00:00Z,21.5565
2026-05-10T20:30:00Z,20.8845
2026-05-10T21:00:00Z,21.294
2026-05-10T21:30:00Z,19.6455
2026-05-10T22:00:00Z,18.102
2026-05-10T22:30:00Z,16.338
2026-05-10T23:00:00Z,16.7055
2026-05-10T23:30:00Z,16.191
2026-05-11T00:00:00Z,15.813
2026-05-11T00:30:00Z,15.6765
2026-05-11T01:00:00Z,16.2015
2026-05-11T01:30:00Z,15.876
2026-05-11T02:00:00Z,16.1385
2026-05-11T02:30:00Z,15.6135
2026-05-11T03:00:00Z,17.3985
2026-05-11T03:30:00Z,16.779
2026-05-11T04:00:00Z,15.939
2026-05-11T04:30:00Z,14.574
2026-05-11T05:00:00Z,18.102
2026-05-11T05:30:00Z,22.9005
2026-05-11T06:00:00Z,23.4465
2026-05-11T06:30:00Z,24.171
2026-05-11T07:00:00Z,22.911
2026-05-11T07:30:00Z,22.008
2026-05-11T08:00:00Z,21.4095
2026-05-11T08:30:00Z,20.748
2026-05-11T09:00:00Z,19.4565
2026-05-11T09:30:00Z,19.887
2026-05-11T10:00:00Z,18.6585
2026-05-11T10:30:00Z,18.018
2026-05-11T11:00:00Z,17.22
2026-05-11T11:30:00Z,17.073
2026-05-11T12:00:00Z,16.779
2026-05-11T12:30:00Z,16.8105
2026-05-11T13:00:00Z,16.548
2026-05-11T13:30:00Z,16.443
2026-05-11T14:00:00Z,16.6845
2026-05-11T14:30:00Z,16.758
2026-05-11T15:00:00Z,29.4105
2026-05-11T15:30:00Z,31.1745
2026-05-11T16:00:00Z,31.731
2026-05-11T16:30:00Z,33.894
2026-05-11T17:00:00Z,34.2825
2026-05-11T17:30:00Z,35.2275
2026-05-11T18:00:00Z,22.953
2026-05-11T18:30:00Z,23.1735
2026-05-11T19:00:00Z,21.9345
2026-05-11T19:30:00Z,22.071
2026-05-11T20:00:00Z,22.2915
2026-05-11T20:30:00Z,21.8505
2026-05-11T21:00:00Z,20.1705
2026-05-11T21:30:00Z,16.884
2026-05-11T22:00:00Z,19.425
2026-05-11T22:30:00Z,18.3435
2026-05-11T23:00:00Z,18.5535
2026-05-11T23:30:00Z,18.4065
2026-05-12T00:00:00Z,18.06
2026-05-12T00:30:00Z,18.7425
2026-05-12T01:00:00Z,18.984
2026-05-12T01:30:00Z,18.0495
2026-05-12T02:00:00Z,16.989
2026-05-12T02:30:00Z,16.359
2026-05-12T03:00:00Z,17.1255
2026-05-12T03:30:00Z,16.0755
2026-05-12T04:00:00Z,17.22
2026-05-12T04:30:00Z,17.661
2026-05-12T05:00:00Z,19.215
2026-05-12T05:30:00Z,20.4855
2026-05-12T06:00:00Z,19.992
2026-05-12T06:30:00Z,20.748
2026-05-12T07:00:00Z,17.0835
2026-05-12T07:30:00Z,15.5925
2026-05-12T08:00:00Z,14.133
2026-05-12T08:30:00Z,13.0305
2026-05-12T09:00:00Z,14.7
2026-05-12T09:30:00Z,13.692
2026-05-12T10:00:00Z,13.692
2026-05-12T10:30:00Z,13.6395
2026-05-12T11:00:00Z,13.692
2026-05-12T11:30:00Z,12.81
2026-05-12T12:00:00Z,11.991
2026-05-12T12:30:00Z,10.8255
2026-05-12T13:00:00Z,12.474
2026-05-12T13:30:00Z,11.76
2026-05-12T14:00:00Z,11.9175
2026-05-12T14:30:00Z,11.382
2026-05-12T15:00:00Z,24.591
2026-05-12T15:30:00Z,26.775
2026-05-12T16:00:00Z,29.2845
2026-05-12T16:30:00Z,30.9435
2026-05-12T17:00:00Z,32.361
2026-05-12T17:30:00Z,34.062
2026-05-12T18:00:00Z,22.596
2026-05-12T18:30:00Z,23.2995
2026-05-12T19:00:00Z,22.848
2026-05-12T19:30:00Z,23.31
2026-05-12T20:00:00Z,22.281
2026-05-12T20:30:00Z,21.0105
2026-05-12T21:00:00Z,19.2045
2026-05-12T21:30:00Z,17.1045
2026-05-12T22:00:00Z,17.8815
2026-05-12T22:30:00Z,16.2015
2026-05-12T23:00:00Z,15.099
2026-05-12T23:30:00Z,15.2775
2026-05-13T00:00:00Z,15.267
2026-05-13T00:30:00Z,15.4035
2026-05-13T01:00:00Z,16.653
2026-05-13T01:30:00Z,15.981
2026-05-13T02:00:00Z,15.456
2026-05-13T02:30:00Z,14.721
2026-05-13T03:00:00Z,16.422
2026-05-13T03:30:00Z,14.8785
2026-05-13T04:00:00Z,19.2045
2026-05-13T04:30:00Z,19.425
2026-05-13T05:00:00Z,21.189
2026-05-13T05:30:00Z,23.1105
2026-05-13T06:00:00Z,20.034
2026-05-13T06:30:00Z,21.273
2026-05-13T07:00:00Z,19.3725
2026-05-13T07:30:00Z,17.955
2026-05-13T08:00:00Z,18.543
2026-05-13T08:30:00Z,17.661
2026-05-13T09:00:00Z,17.1045
2026-05-13T09:30:00Z,16.338
2026-05-13T10:00:00Z,16.338
2026-05-13T10:30:00Z,16.779
2026-05-13T11:00:00Z,16.338
2026-05-13T11:30:00Z,16.338
2026-05-13T12:00:00Z,16.338
2026-05-13T12:30:00Z,16.2015
2026-05-13T13:00:00Z,16.338
2026-05-13T13:30:00Z,16.1385
2026-05-13T14:00:00Z,15.897
2026-05-13T14:30:00Z,15.897
2026-05-13T15:00:00Z,31.2795
2026-05-13T15:30:00Z,31.584
2026-05-13T16:00:00Z,32.865
2026-05-13T16:30:00Z,33.012
2026-05-13T17:00:00Z,35.847
2026-05-13T17:30:00Z,36.4875
2026-05-13T18:00:00Z,24.4965
2026-05-13T18:30:00Z,24.6645
2026-05-13T19:00:00Z,25.3785
2026-05-13T19:30:00Z,25.305
2026-05-13T20:00:00Z,24.4965
2026-05-13T20:30:00Z,23.2995
2026-05-13T21:00:00Z,21.8715
2026-05-13T21:30:00Z,20.307
2026-05-13T22:00:00Z,21.189
2026-05-13T22:30:00Z,20.1285
2026-05-13T23:00:00Z,19.6455
2026-05-13T23:30:00Z,19.0995
2026-05-14T00:00:00Z,18.102
2026-05-14T00:30:00Z,18.648
2026-05-14T01:00:00Z,18.333
2026-05-14T01:30:00Z,17.8815
2026-05-14T02:00:00Z,18.5745
2026-05-14T02:30:00Z,17.976
2026-05-14T03:00:00Z,18.627
2026-05-14T03:30:00Z,18.417
2026-05-14T04:00:00Z,17.661
2026-05-14T04:30:00Z,18.0495
2026-05-14T05:00:00Z,17.4405
2026-05-14T05:30:00Z,20.9685
2026-05-14T06:00:00Z,23.436
2026-05-14T06:30:00Z,23.6145
2026-05-14T07:00:00Z,23.6145
2026-05-14T07:30:00Z,22.9005
2026-05-14T08:00:00Z,23.3625
2026-05-14T08:30:00Z,21.798
2026-05-14T09:00:00Z,20.7375
2026-05-14T09:30:00Z,19.887
2026-05-14T10:00:00Z,17.0835
2026-05-14T10:30:00Z,17.22
2026-05-14T11:00:00Z,16.338
2026-05-14T11:30:00Z,16.338
2026-05-14T12:00:00Z,16.338
2026-05-14T12:30:00Z,15.897
2026-05-14T13:00:00Z,16.2645
2026-05-14T13:30:00Z,15.855
2026-05-14T14:00:00Z,15.5925
2026-05-14T14:30:00Z,16.338
2026-05-14T15:00:00Z,28.938
2026-05-14T15:30:00Z,29.799
2026-05-14T16:00:00Z,32.0985
2026-05-14T16:30:00Z,32.046
2026-05-14T17:00:00Z,33.789
2026-05-14T17:30:00Z,34.8915
2026-05-14T18:00:00Z,25.0215
2026-05-14T18:30:00Z,25.158
2026-05-14T19:00:00Z,25.3365
2026-05-14T19:30:00Z,24.4755
2026-05-14T20:00:00Z,25.0635
2026-05-14T20:30:00Z,23.499
2026-05-14T21:00:00Z,22.071
2026-05-14T21:30:00Z,17.22
2026-05-14T22:00:00Z,21.63
2026-05-14T22:30:00Z,20.748
2026-05-14T23:00:00Z,19.4565
2026-05-14T23:30:00Z,20.0865
2026-05-15T00:00:00Z,19.6455
2026-05-15T00:30:00Z,19.11
2026-05-15T01:00:00Z,18.9945
2026-05-15T01:30:00Z,17.4405
2026-05-15T02:00:00Z,17.4405
2026-05-15T02:30:00Z,17.157
2026-05-15T03:00:00Z,17.4405
2026-05-15T03:30:00Z,17.4405
2026-05-15T04:00:00Z,17.4405
2026-05-15T04:30:00Z,18.543
2026-05-15T05:00:00Z,18.6375
2026-05-15T05:30:00Z,22.512
2026-05-15T06:00:00Z,20.748
2026-05-15T06:30:00Z,21.4095
2026-05-15T07:00:00Z,17.4405
2026-05-15T07:30:00Z,16.338
2026-05-15T08:00:00Z,14.574
2026-05-15T08:30:00Z,14.574
2026-05-15T09:00:00Z,14.3115
2026-05-15T09:30:00Z,13.8915
2026-05-15T10:00:00Z,13.167
2026-05-15T10:30:00Z,13.9125
2026-05-15T11:00:00Z,14.133
2026-05-15T11:30:00Z,14.07
2026-05-15T12:00:00Z,13.8285
2026-05-15T12:30:00Z,13.419
2026-05-15T13:00:00Z,13.839
2026-05-15T13:30:00Z,14.133
2026-05-15T14:00:00Z,15.015
2026-05-15T14:30:00Z,16.0335
2026-05-15T15:00:00Z,29.673
2026-05-15T15:30:00Z,30.0405
2026-05-15T16:00:00Z,34.272
2026-05-15T16:30:00Z,32.361
2026-05-15T17:00:00Z,32.907
2026-05-15T17:30:00Z,35.3325
2026-05-15T18:00:00Z,24.57
2026-05-15T18:30:00Z,24.9375
2026-05-15T19:00:00Z,25.053
2026-05-15T19:30:00Z,24.654
2026-05-15T20:00:00Z,22.6695
2026-05-15T20:30:00Z,22.701
2026-05-15T21:00:00Z,22.785
2026-05-15T21:30:00Z,20.265
2026-05-15T22:00:00Z,19.7295
2026-05-15T22:30:00Z,22.071
2026-05-15T23:00:00Z,19.6665
2026-05-15T23:30:00Z,19.0575
2026-05-16T00:00:00Z,18.1755
2026-05-16T00:30:00Z,19.845
2026-05-16T01:00:00Z,19.2885
2026-05-16T01:30:00Z,17.8815
2026-05-16T02:00:00Z,18.0915
2026-05-16T02:30:00Z,17.766
2026-05-16T03:00:00Z,17.178
2026-05-16T03:30:00Z,17.6085
2026-05-16T04:00:00Z,17.8815
2026-05-16T04:30:00Z,17.8815
2026-05-16T05:00:00Z,18.984
2026-05-16T05:30:00Z,18.7005
2026-05-16T06:00:00Z,20.1285
2026-05-16T06:30:00Z,20.601
2026-05-16T07:00:00Z,20.118
2026-05-16T07:30:00Z,21.378
2026-05-16T08:00:00Z,20.412
2026-05-16T08:30:00Z,19.6665
2026-05-16T09:00:00Z,21.63
2026-05-16T09:30:00Z,21.0
2026-05-16T10:00:00Z,22.9635
2026-05-16T10:30:00Z,22.596
2026-05-16T11:00:00Z,23.0895
2026-05-16T11:30:00Z,22.6275
2026-05-16T12:00:00Z,21.8295
2026-05-16T12:30:00Z,20.9685
2026-05-16T13:00:00Z,20.4435
2026-05-16T13:30:00Z,20.139
2026-05-16T14:00:00Z,20.076
2026-05-16T14:30:00Z,19.6455
2026-05-16T15:00:00Z,31.1955
2026-05-16T15:30:00Z,33.348
2026-05-16T16:00:00Z,36.4035
2026-05-16T16:30:00Z,38.22
2026-05-16T17:00:00Z,37.842
2026-05-16T17:30:00Z,37.149
2026-05-16T18:00:00Z,23.6145
2026-05-16T18:30:00Z,23.73
2026-05-16T19:00:00Z,24.3705
2026-05-16T19:30:00Z,24.0555
2026-05-16T20:00:00Z,23.6775
2026-05-16T20:30:00Z,22.5015
2026-05-16T21:00:00Z,21.4305
2026-05-16T21:30:00Z,20.9475
2026-05-16T22:00:00Z,21.4095
2026-05-16T22:30:00Z,22.7115
2026-05-16T23:00:00Z,22.323
2026-05-16T23:30:00Z,21.4305
2026-05-17T00:00:00Z,20.748
2026-05-17T00:30:00Z,20.748
2026-05-17T01:00:00Z,19.866
2026-05-17T01:30:00Z,18.7005
2026-05-17T02:00:00Z,19.5825
2026-05-17T02:30:00Z,18.7635
2026-05-17T03:00:00Z,18.543
2026-05-17T03:30:00Z,18.522
2026-05-17T04:00:00Z,17.577
2026-05-17T04:30:00Z,16.821
2026-05-17T05:00:00Z,17.724
2026-05-17T05:30:00Z,17.1465
2026-05-17T06:00:00Z,17.4405
2026-05-17T06:30:00Z,17.6295
2026-05-17T07:00:00Z,17.7345
2026-05-17T07:30:00Z,17.8815
2026-05-17T08:00:00Z,17.661
2026-05-17T08:30:00Z,17.703
2026-05-17T09:00:00Z,19.7715
2026-05-17T09:30:00Z,18.795
2026-05-17T10:00:00Z,17.976
2026-05-17T10:30:00Z,18.3225
2026-05-17T11:00:00Z,19.173
2026-05-17T11:30:00Z,19.53
2026-05-17T12:00:00Z,18.3225
2026-05-17T12:30:00Z,17.178
2026-05-17T13:00:00Z,17.745
2026-05-17T13:30:00Z,18.69
2026-05-17T14:00:00Z,19.7505
2026-05-17T14:30:00Z,20.1285
2026-05-17T15:00:00Z,33.684
2026-05-17T15:30:00Z,33.8415
2026-05-17T16:00:00Z,35.0805
2026-05-17T16:30:00Z,36.3405
2026-05-17T17:00:00Z,37.758
2026-05-17T17:30:00Z,37.9785
2026-05-17T18:00:00Z,28.413
2026-05-17T18:30:00Z,28.182
2026-05-17T19:00:00Z,27.363
2026-05-17T19:30:00Z,27.804
2026-05-17T20:00:00Z,28.4025
2026-05-17T20:30:00Z,27.804
2026-05-17T21:00:00Z,27.804
2026-05-17T21:30:00Z,25.095
2026-05-17T22:00:00Z,24.864
2026-05-17T22:30:00Z,23.7825
2026-05-17T23:00:00Z,22.323
2026-05-17T23:30:00Z,23.016
2026-05-18T00:00:00Z,22.3545
2026-05-18T00:30:00Z,23.6985
2026-05-18T01:00:00Z,21.903
2026-05-18T01:30:00Z,21.0525
2026-05-18T02:00:00Z,21.147
2026-05-18T02:30:00Z,20.5275
2026-05-18T03:00:00Z,21.8505
2026-05-18T03:30:00Z,20.9685
2026-05-18T04:00:00Z,23.604
2026-05-18T04:30:00Z,21.945
2026-05-18T05:00:00Z,25.8195
2026-05-18T05:30:00Z,26.67
2026-05-18T06:00:00Z,26.481
2026-05-18T06:30:00Z,28.245
2026-05-18T07:00:00Z,27.363
2026-05-18T07:30:00Z,27.279
2026-05-18T08:00:00Z,27.111
2026-05-18T08:30:00Z,25.3785
2026-05-18T09:00:00Z,25.599
2026-05-18T09:30:00Z,24.9585
2026-05-18T10:00:00Z,24.717
2026-05-18T10:30:00Z,22.932
2026-05-18T11:00:00Z,23.163
2026-05-18T11:30:00Z,21.189
2026-05-18T12:00:00Z,21.588
2026-05-18T12:30:00Z,19.866
2026-05-18T13:00:00Z,19.698
2026-05-18T13:30:00Z,19.53
2026-05-18T14:00:00Z,18.543
2026-05-18T14:30:00Z,19.362
2026-05-18T15:00:00Z,30.6075
2026-05-18T15:30:00Z,33.5475
2026-05-18T16:00:00Z,34.0725
2026-05-18T16:30:00Z,37.7265
2026-05-18T17:00:00Z,37.8945
2026-05-18T17:30:00Z,36.876
2026-05-18T18:00:00Z,24.717
2026-05-18T18:30:00Z,24.9375
2026-05-18T19:00:00Z,26.838
2026-05-18T19:30:00Z,24.9165
2026-05-18T20:00:00Z,25.599
2026-05-18T20:30:00Z,22.953
2026-05-18T21:00:00Z,21.672
2026-05-18T21:30:00Z,20.811
2026-05-18T22:00:00Z,21.7455
2026-05-18T22:30:00Z,22.2915
2026-05-18T23:00:00Z,22.2915
2026-05-18T23:30:00Z,21.21
2026-05-19T00:00:00Z,20.5485
2026-05-19T00:30:00Z,18.7635
2026-05-19T01:00:00Z,18.606
2026-05-19T01:30:00Z,16.9995
2026-05-19T02:00:00Z,15.456
2026-05-19T02:30:00Z,14.3535
2026-05-19T03:00:00Z,14.028
2026-05-19T03:30:00Z,13.5555
2026-05-19T04:00:00Z,14.5215
2026-05-19T04:30:00Z,14.133
2026-05-19T05:00:00Z,14.9835
2026-05-19T05:30:00Z,16.422
2026-05-19T06:00:00Z,17.22
2026-05-19T06:30:00Z,18.8265
2026-05-19T07:00:00Z,17.388
2026-05-19T07:30:00Z,17.8815
2026-05-19T08:00:00Z,16.9155
2026-05-19T08:30:00Z,16.422
2026-05-19T09:00:00Z,16.779
2026-05-19T09:30:00Z,16.1175
2026-05-19T10:00:00Z,16.0755
2026-05-19T10:30:00Z,14.7945
2026-05-19T11:00:00Z,14.3745
2026-05-19T11:30:00Z,13.8915
2026-05-19T12:00:00Z,12.81
2026-05-19T12:30:00Z,12.1485
2026-05-19T13:00:00Z,14.2485
2026-05-19T13:30:00Z,13.65
2026-05-19T14:00:00Z,11.2665
2026-05-19T14:30:00Z,13.4295
2026-05-19T15:00:00Z,27.72
2026-05-19T15:30:00Z,31.101
2026-05-19T16:00:00Z,30.4605
2026-05-19T16:30:00Z,34.7655
2026-05-19T17:00:00Z,34.524
2026-05-19T17:30:00Z,35.553
2026-05-19T18:00:00Z,24.0555
2026-05-19T18:30:00Z,24.9375
2026-05-19T19:00:00Z,23.6145
2026-05-19T19:30:00Z,24.0555
2026-05-19T20:00:00Z,24.087
2026-05-19T20:30:00Z,22.1865
2026-05-19T21:00:00Z,20.748
2026-05-19T21:30:00Z,19.2045
2026-05-19T22:00:00Z,17.157
2026-05-19T22:30:00Z,16.2855
2026-05-19T23:00:00Z,16.338
2026-05-19T23:30:00Z,16.338
2026-05-20T00:00:00Z,16.338
2026-05-20T00:30:00Z,16.4745
2026-05-20T01:00:00Z,15.8025
2026-05-20T01:30:00Z,14.9205
2026-05-20T02:00:00Z,15.897
2026-05-20T02:30:00Z,15.897
2026-05-20T03:00:00Z,16.2855
2026-05-20T03:30:00Z,15.5085
2026-05-20T04:00:00Z,16.4745
2026-05-20T04:30:00Z,17.367
2026-05-20T05:00:00Z,19.0365
2026-05-20T05:30:00Z,22.2915
2026-05-20T06:00:00Z,22.071
2026-05-20T06:30:00Z,23.4885
2026-05-20T07:00:00Z,22.785
2026-05-20T07:30:00Z,21.4095
2026-05-20T08:00:00Z,20.5275
2026-05-20T08:30:00Z,19.2465
2026-05-20T09:00:00Z,16.5585
2026-05-20T09:30:00Z,15.939
2026-05-20T10:00:00Z,15.4875
2026-05-20T10:30:00Z,13.839
2026-05-20T11:00:00Z,13.1985
2026-05-20T11:30:00Z,11.7075
2026-05-20T12:00:00Z,13.4715
2026-05-20T12:30:00Z,12.5895
2026-05-20T13:00:00Z,12.285
2026-05-20T13:30:00Z,11.7075
2026-05-20T14:00:00Z,11.7075
2026-05-20T14:30:00Z,13.209
2026-05-20T15:00:00Z,27.5835
2026-05-20T15:30:00Z,32.319
2026-05-20T16:00:00Z,33.054
2026-05-20T16:30:00Z,33.9255
2026-05-20T17:00:00Z,34.608
2026-05-20T17:30:00Z,36.876
2026-05-20T18:00:00Z,26.7015
2026-05-20T18:30:00Z,27.7515
2026-05-20T19:00:00Z,26.103
2026-05-20T19:30:00Z,27.1425
2026-05-20T20:00:00Z,26.3235
2026-05-20T20:30:00Z,26.2185
2026-05-20T21:00:00Z,24.7905
2026-05-20T21:30:00Z,21.5145
2026-05-20T22:00:00Z,22.071
2026-05-20T22:30:00Z,21.7875
2026-05-20T23:00:00Z,20.685
2026-05-20T23:30:00Z,20.013
2026-05-21T00:00:00Z,19.152
2026-05-21T00:30:00Z,19.3305
2026-05-21T01:00:00Z,18.942
2026-05-21T01:30:00Z,18.7635
2026-05-21T02:00:00Z,19.3935
2026-05-21T02:30:00Z,19.026
2026-05-21T03:00:00Z,19.95
2026-05-21T03:30:00Z,19.4985
2026-05-21T04:00:00Z,22.008
2026-05-21T04:30:00Z,20.958
2026-05-21T05:00:00Z,22.281
2026-05-21T05:30:00Z,23.9925
2026-05-21T06:00:00Z,23.6565
2026-05-21T06:30:00Z,24.213
2026-05-21T07:00:00Z,24.276
2026-05-21T07:30:00Z,24.5385
2026-05-21T08:00:00Z,24.423
2026-05-21T08:30:00Z,22.953
2026-05-21T09:00:00Z,21.189
2026-05-21T09:30:00Z,21.021
2026-05-21T10:00:00Z,21.0105
2026-05-21T10:30:00Z,20.748
2026-05-21T11:00:00Z,18.7635
2026-05-21T11:30:00Z,18.3645
2026-05-21T12:00:00Z,18.669
2026-05-21T12:30:00Z,17.22
2026-05-21T13:00:00Z,17.6085
2026-05-21T13:30:00Z,17.7135
2026-05-21T14:00:00Z,16.9785
2026-05-21T14:30:00Z,18.3225
2026-05-21T15:00:00Z,30.786
2026-05-21T15:30:00Z,33.243
2026-05-21T16:00:00Z,33.789
2026-05-21T16:30:00Z,33.348
2026-05-21T17:00:00Z,36.6135
2026-05-21T17:30:00Z,38.4615
2026-05-21T18:00:00Z,27.72
2026-05-21T18:30:00Z,27.6255
2026-05-21T19:00:00Z,27.6465
2026-05-21T19:30:00Z,27.1425
2026-05-21T20:00:00Z,26.7645
2026-05-21T20:30:00Z,25.7145
2026-05-21T21:00:00Z,24.276
2026-05-21T21:30:00Z,21.168
2026-05-21T22:00:00Z,22.2705
2026-05-21T22:30:00Z,20.013
2026-05-21T23:00:00Z,19.866
2026-05-21T23:30:00Z,19.32
2026-05-22T00:00:00Z,19.425
2026-05-22T00:30:00Z,20.328
2026-05-22T01:00:00Z,19.824
2026-05-22T01:30:00Z,18.942
2026-05-22T02:00:00Z,19.341
2026-05-22T02:30:00Z,18.669
2026-05-22T03:00:00Z,20.9685
2026-05-22T03:30:00Z,20.1285
2026-05-22T04:00:00Z,20.517
2026-05-22T04:30:00Z,20.937
2026-05-22T05:00:00Z,19.2045
2026-05-22T05:30:00Z,22.512
2026-05-22T06:00:00Z,21.231
2026-05-22T06:30:00Z,22.7115
2026-05-22T07:00:00Z,21.7035
2026-05-22T07:30:00Z,21.819
2026-05-22T08:00:00Z,19.7295
2026-05-22T08:30:00Z,17.241
2026-05-22T09:00:00Z,17.3775
2026-05-22T09:30:00Z,15.8865
2026-05-22T10:00:00Z,15.393
2026-05-22T10:30:00Z,13.9335
2026-05-22T11:00:00Z,12.873
2026-05-22T11:30:00Z,12.6735
2026-05-22T12:00:00Z,12.6735
2026-05-22T12:30:00Z,12.5055
2026-05-22T13:00:00Z,13.3035
2026-05-22T13:30:00Z,13.44
2026-05-22T14:00:00Z,12.5895
2026-05-22T14:30:00Z,13.9125
2026-05-22T15:00:00Z,27.51
2026-05-22T15:30:00Z,28.2765
2026-05-22T16:00:00Z,32.802
2026-05-22T16:30:00Z,32.8965
2026-05-22T17:00:00Z,35.658
2026-05-22T17:30:00Z,35.952
2026-05-22T18:00:00Z,24.402
2026-05-22T18:30:00Z,25.1055
2026-05-22T19:00:00Z,24.675
2026-05-22T19:30:00Z,24.9165
2026-05-22T20:00:00Z,24.1815
2026-05-22T20:30:00Z,23.0475
2026-05-22T21:00:00Z,21.6195
2026-05-22T21:30:00Z,21.8085
2026-05-22T22:00:00Z,20.748
2026-05-22T22:30:00Z,20.307
2026-05-22T23:00:00Z,19.467
2026-05-22T23:30:00Z,18.501
2026-05-23T00:00:00Z,17.661
2026-05-23T00:30:00Z,18.3225
2026-05-23T01:00:00Z,17.661
2026-05-23T01:30:00Z,16.338
2026-05-23T02:00:00Z,17.22
2026-05-23T02:30:00Z,15.9075
2026-05-23T03:00:00Z,16.695
2026-05-23T03:30:00Z,17.3565
2026-05-23T04:00:00Z,17.115
2026-05-23T04:30:00Z,17.325
2026-05-23T05:00:00Z,16.7895
2026-05-23T05:30:00Z,17.8185
2026-05-23T06:00:00Z,19.404
2026-05-23T06:30:00Z,20.2755
2026-05-23T07:00:00Z,20.0865
2026-05-23T07:30:00Z,20.0865
2026-05-23T08:00:00Z,18.984
2026-05-23T08:30:00Z,17.598
2026-05-23T09:00:00Z,15.897
2026-05-23T09:30:00Z,16.338
2026-05-23T10:00:00Z,14.9415
2026-05-23T10:30:00Z,13.461
2026-05-23T11:00:00Z,12.957
2026-05-23T11:30:00Z,13.0095
2026-05-23T12:00:00Z,12.1905
2026-05-23T12:30:00Z,11.34
2026-05-23T13:00:00Z,10.962
2026-05-23T13:30:00Z,10.773
2026-05-23T14:00:00Z,12.285
2026-05-23T14:30:00Z,12.3795
2026-05-23T15:00:00Z,28.938
2026-05-23T15:30:00Z,30.0405
2026-05-23T16:00:00Z,31.92
2026-05-23T16:30:00Z,32.025
2026-05-23T17:00:00Z,34.566
2026-05-23T17:30:00Z,35.112
2026-05-23T18:00:00Z,26.4495
2026-05-23T18:30:00Z,27.027
2026-05-23T19:00:00Z,27.279
2026-05-23T19:30:00Z,27.363
2026-05-23T20:00:00Z,24.276
2026-05-23T20:30:00Z,24.0555
2026-05-23T21:00:00Z,21.9555
2026-05-23T21:30:00Z,19.8975
2026-05-23T22:00:00Z,23.919
2026-05-23T22:30:00Z,23.478
2026-05-23T23:00:00Z,23.1105
2026-05-23T23:30:00Z,22.071
2026-05-24T00:00:00Z,19.866
2026-05-24T00:30:00Z,20.4225
2026-05-24T01:00:00Z,20.769
2026-05-24T01:30:00Z,20.4435
2026-05-24T02:00:00Z,19.803
2026-05-24T02:30:00Z,19.5615
2026-05-24T03:00:00Z,19.4145
2026-05-24T03:30:00Z,19.299
2026-05-24T04:00:00Z,19.0785
2026-05-24T04:30:00Z,18.606
2026-05-24T05:00:00Z,18.753
2026-05-24T05:30:00Z,18.585
2026-05-24T06:00:00Z,19.383
2026-05-24T06:30:00Z,18.942
2026-05-24T07:00:00Z,19.2255
2026-05-24T07:30:00Z,18.69
2026-05-24T08:00:00Z,19.0995
2026-05-24T08:30:00Z,18.102
2026-05-24T09:00:00Z,17.3985
2026-05-24T09:30:00Z,16.5585
2026-05-24T10:00:00Z,16.779
2026-05-24T10:30:00Z,16.779
2026-05-24T11:00:00Z,16.5585
2026-05-24T11:30:00Z,16.779
2026-05-24T12:00:00Z,17.0835
2026-05-24T12:30:00Z,16.779
2026-05-24T13:00:00Z,16.6635
2026-05-24T13:30:00Z,16.779
2026-05-24T14:00:00Z,17.22
2026-05-24T14:30:00Z,17.22
2026-05-24T15:00:00Z,32.7495
2026-05-24T15:30:00Z,32.907
2026-05-24T16:00:00Z,33.915
2026-05-24T16:30:00Z,34.293
2026-05-24T17:00:00Z,37.3905
2026-05-24T17:30:00Z,38.1465
2026-05-24T18:00:00Z,26.5755
2026-05-24T18:30:00Z,26.5335
2026-05-24T19:00:00Z,26.2605
2026-05-24T19:30:00Z,26.2605
2026-05-24T20:00:00Z,26.481
2026-05-24T20:30:00Z,26.2605
2026-05-24T21:00:00Z,25.8195
2026-05-24T21:30:00Z,24.5805
2026-05-24T22:00:00Z,21.3885
2026-05-24T22:30:00Z,19.425
2026-05-24T23:00:00Z,19.425
2026-05-24T23:30:00Z,18.543
2026-05-25T00:00:00Z,18.984
2026-05-25T00:30:00Z,19.866
2026-05-25T01:00:00Z,19.866
2026-05-25T01:30:00Z,19.6455
2026-05-25T02:00:00Z,19.6455
2026-05-25T02:30:00Z,18.7635
2026-05-25T03:00:00Z,19.6455
2026-05-25T03:30:00Z,19.467
2026-05-25T04:00:00Z,18.6585
2026-05-25T04:30:00Z,19.425
2026-05-25T05:00:00Z,19.11
2026-05-25T05:30:00Z,19.866
2026-05-25T06:00:00Z,20.2755
2026-05-25T06:30:00Z,20.706
2026-05-25T07:00:00Z,19.2255
2026-05-25T07:30:00Z,18.984
2026-05-25T08:00:00Z,18.8265
2026-05-25T08:30:00Z,17.9235
2026-05-25T09:00:00Z,16.863
2026-05-25T09:30:00Z,17.3985
2026-05-25T10:00:00Z,16.968
2026-05-25T10:30:00Z,17.4405
2026-05-25T11:00:00Z,17.1675
2026-05-25T11:30:00Z,16.9995
2026-05-25T12:00:00Z,16.9785
2026-05-25T12:30:00Z,17.4405
2026-05-25T13:00:00Z,17.4405
2026-05-25T13:30:00Z,16.737
2026-05-25T14:00:00Z,17.3565
2026-05-25T14:30:00Z,18.522
2026-05-25T15:00:00Z,31.584
2026-05-25T15:30:00Z,31.4685
2026-05-25T16:00:00Z,32.2875
2026-05-25T16:30:00Z,34.23
2026-05-25T17:00:00Z,37.0965
2026-05-25T17:30:00Z,37.317
2026-05-25T18:00:00Z,25.8195
2026-05-25T18:30:00Z,25.599
2026-05-25T19:00:00Z,26.082
2026-05-25T19:30:00Z,26.418
2026-05-25T20:00:00Z,25.3995
2026-05-25T20:30:00Z,24.4965
2026-05-25T21:00:00Z,23.1105
2026-05-25T21:30:00Z,22.2915
2026-05-25T22:00:00Z,21.8505
2026-05-25T22:30:00Z,20.0445
2026-05-25T23:00:00Z,19.6035
2026-05-25T23:30:00Z,20.559
2026-05-26T00:00:00Z,19.3095
2026-05-26T00:30:00Z,20.832
2026-05-26T01:00:00Z,20.9685
2026-05-26T01:30:00Z,20.0865
2026-05-26T02:00:00Z,18.543
2026-05-26T02:30:00Z,18.4905
2026-05-26T03:00:00Z,17.6085
2026-05-26T03:30:00Z,17.22
2026-05-26T04:00:00Z,17.808
2026-05-26T04:30:00Z,18.648
2026-05-26T05:00:00Z,22.2915
2026-05-26T05:30:00Z,24.0555
2026-05-26T06:00:00Z,22.89
2026-05-26T06:30:00Z,23.079
2026-05-26T07:00:00Z,23.1315
2026-05-26T07:30:00Z,22.617
2026-05-26T08:00:00Z,22.953
2026-05-26T08:30:00Z,22.071
2026-05-26T09:00:00Z,21.1995
2026-05-26T09:30:00Z,20.8635
2026-05-26T10:00:00Z,19.467
2026-05-26T10:30:00Z,18.8265
2026-05-26T11:00:00Z,18.438
2026-05-26T11:30:00Z,18.3435
2026-05-26T12:00:00Z,18.543
2026-05-26T12:30:00Z,17.8395
2026-05-26T13:00:00Z,17.4405
2026-05-26T13:30:00Z,17.4405
2026-05-26T14:00:00Z,18.543
2026-05-26T14:30:00Z,18.5745
2026-05-26T15:00:00Z,31.584
2026-05-26T15:30:00Z,30.8805
2026-05-26T16:00:00Z,33.684
2026-05-26T16:30:00Z,36.2145
2026-05-26T17:00:00Z,39.963
2026-05-26T17:30:00Z,40.8765
2026-05-26T18:00:00Z,26.2605
2026-05-26T18:30:00Z,26.481
2026-05-26T19:00:00Z,27.5835
2026-05-26T19:30:00Z,27.363
2026-05-26T20:00:00Z,25.3995
2026-05-26T20:30:00Z,24.9165
2026-05-26T21:00:00Z,22.2495
2026-05-26T21:30:00Z,21.588
2026-05-26T22:00:00Z,21.8505
2026-05-26T22:30:00Z,21.4095
2026-05-26T23:00:00Z,20.5275
2026-05-26T23:30:00Z,20.5275
2026-05-27T00:00:00Z,18.7635
2026-05-27T00:30:00Z,18.543
2026-05-27T01:00:00Z,18.6375
2026-05-27T01:30:00Z,18.2385
2026-05-27T02:00:00Z,18.06
2026-05-27T02:30:00Z,17.8815
2026-05-27T03:00:00Z,19.488
2026-05-27T03:30:00Z,18.7005
2026-05-27T04:00:00Z,19.6875
2026-05-27T04:30:00Z,19.8765
2026-05-27T05:00:00Z,20.1075
2026-05-27T05:30:00Z,23.1525
2026-05-27T06:00:00Z,20.811
2026-05-27T06:30:00Z,22.05
2026-05-27T07:00:00Z,22.134
2026-05-27T07:30:00Z,22.05
2026-05-27T08:00:00Z,20.8215
2026-05-27T08:30:00Z,18.984
2026-05-27T09:00:00Z,18.459
2026-05-27T09:30:00Z,18.3225
2026-05-27T10:00:00Z,18.459
2026-05-27T10:30:00Z,17.304
2026-05-27T11:00:00Z,18.102
2026-05-27T11:30:00Z,17.031
2026-05-27T12:00:00Z,16.863
2026-05-27T12:30:00Z,16.443
2026-05-27T13:00:00Z,16.8105
2026-05-27T13:30:00Z,16.737
2026-05-27T14:00:00Z,16.6005
2026-05-27T14:30:00Z,16.7475
2026-05-27T15:00:00Z,29.1585
2026-05-27T15:30:00Z,29.589
2026-05-27T16:00:00Z,31.0485
2026-05-27T16:30:00Z,30.66
2026-05-27T17:00:00Z,34.4505
2026-05-27T17:30:00Z,34.8705
2026-05-27T18:00:00Z,24.402
2026-05-27T18:30:00Z,24.0135
2026-05-27T19:00:00Z,24.36
2026-05-27T19:30:00Z,24.0765
2026-05-27T20:00:00Z,24.7905
2026-05-27T20:30:00Z,24.045
2026-05-27T21:00:00Z,21.6615
2026-05-27T21:30:00Z,20.265
2026-05-27T22:00:00Z,19.866
2026-05-27T22:30:00Z,21.1575
2026-05-27T23:00:00Z,20.307
2026-05-27T23:30:00Z,18.9945
2026-05-28T00:00:00Z,18.564
2026-05-28T00:30:00Z,18.2805
2026-05-28T01:00:00Z,18.9945
2026-05-28T01:30:00Z,18.564
2026-05-28T02:00:00Z,17.2305
2026-05-28T02:30:00Z,16.8945
2026-05-28T03:00:00Z,18.249
2026-05-28T03:30:00Z,17.7975
2026-05-28T04:00:00Z,18.312
2026-05-28T04:30:00Z,18.4485
2026-05-28T05:00:00Z,20.811
2026-05-28T05:30:00Z,22.7325
2026-05-28T06:00:00Z,19.866
2026-05-28T06:30:00Z,20.412
2026-05-28T07:00:00Z,21.441
2026-05-28T07:30:00Z,19.782
2026-05-28T08:00:00Z,20.202
2026-05-28T08:30:00Z,18.3225
2026-05-28T09:00:00Z,15.6555
2026-05-28T09:30:00Z,12.81
2026-05-28T10:00:00Z,13.0305
2026-05-28T10:30:00Z,12.81
2026-05-28T11:00:00Z,12.81
2026-05-28T11:30:00Z,12.81
2026-05-28T12:00:00Z,12.81
2026-05-28T12:30:00Z,12.81
2026-05-28T13:00:00Z,12.81
2026-05-28T13:30:00Z,12.81
2026-05-28T14:00:00Z,14.007
2026-05-28T14:30:00Z,15.015
2026-05-28T15:00:00Z,28.2765
2026-05-28T15:30:00Z,28.938
2026-05-28T16:00:00Z,33.348
2026-05-28T16:30:00Z,33.789
2026-05-28T17:00:00Z,35.553
2026-05-28T17:30:00Z,36.4035
2026-05-28T18:00:00Z,24.4965
2026-05-28T18:30:00Z,24.36
2026-05-28T19:00:00Z,25.788
2026-05-28T19:30:00Z,25.158
2026-05-28T20:00:00Z,24.717
2026-05-28T20:30:00Z,23.877
2026-05-28T21:00:00Z,22.449
2026-05-28T21:30:00Z,22.512
2026-05-28T22:00:00Z,19.866
2026-05-28T22:30:00Z,20.0865
2026-05-28T23:00:00Z,22.302
2026-05-28T23:30:00Z,21.42
2026-05-29T00:00:00Z,19.1625
2026-05-29T00:30:00Z,19.005
2026-05-29T01:00:00Z,18.3015
2026-05-29T01:30:00Z,18.354
2026-05-29T02:00:00Z,19.425
2026-05-29T02:30:00Z,19.992
2026-05-29T03:00:00Z,20.1915
2026-05-29T03:30:00Z,20.538
2026-05-29T04:00:00Z,20.307
2026-05-29T04:30:00Z,21.3675
2026-05-29T05:00:00Z,20.307
2026-05-29T05:30:00Z,21.8505
2026-05-29T06:00:00Z,21.903
2026-05-29T06:30:00Z,22.953
2026-05-29T07:00:00Z,22.7325
2026-05-29T07:30:00Z,22.491
2026-05-29T08:00:00Z,20.349
2026-05-29T08:30:00Z,19.152
2026-05-29T09:00:00Z,18.081
2026-05-29T09:30:00Z,16.59
2026-05-29T10:00:00Z,14.9415
2026-05-29T10:30:00Z,13.965
2026-05-29T11:00:00Z,13.692
2026-05-29T11:30:00Z,12.369
2026-05-29T12:00:00Z,11.487
2026-05-29T12:30:00Z,11.886
2026-05-29T13:00:00Z,11.487
2026-05-29T13:30:00Z,11.487
2026-05-29T14:00:00Z,14.448
2026-05-29T14:30:00Z,17.787
2026-05-29T15:00:00Z,28.854
2026-05-29T15:30:00Z,28.854
2026-05-29T16:00:00Z,31.5945
2026-05-29T16:30:00Z,31.395
2026-05-29T17:00:00Z,33.432
2026-05-29T17:30:00Z,34.4505
2026-05-29T18:00:00Z,22.953
2026-05-29T18:30:00Z,23.835
2026-05-29T19:00:00Z,24.822
2026-05-29T19:30:00Z,24.2445
2026-05-29T20:00:00Z,24.0765
2026-05-29T20:30:00Z,24.738
2026-05-29T21:00:00Z,23.373
2026-05-29T21:30:00Z,24.717
2026-05-29T22:00:00Z,22.4175
2026-05-29T22:30:00Z,22.554
2026-05-29T23:00:00Z,21.189
2026-05-29T23:30:00Z,22.071
2026-05-30T00:00:00Z,21.084
2026-05-30T00:30:00Z,21.8505
2026-05-30T01:00:00Z,20.9685
2026-05-30T01:30:00Z,20.0025
2026-05-30T02:00:00Z,20.811
2026-05-30T02:30:00Z,20.118
2026-05-30T03:00:00Z,20.727
2026-05-30T03:30:00Z,20.5275
2026-05-30T04:00:00Z,19.866
2026-05-30T04:30:00Z,19.824
2026-05-30T05:00:00Z,19.383
2026-05-30T05:30:00Z,20.3805
2026-05-30T06:00:00Z,18.984
2026-05-30T06:30:00Z,19.362
2026-05-30T07:00:00Z,19.635
2026-05-30T07:30:00Z,19.11
2026-05-30T08:00:00Z,16.17
2026-05-30T08:30:00Z,17.661
2026-05-30T09:00:00Z,19.509
2026-05-30T09:30:00Z,18.396
2026-05-30T10:00:00Z,18.102
2026-05-30T10:30:00Z,17.0205
2026-05-30T11:00:00Z,17.283
2026-05-30T11:30:00Z,16.695
2026-05-30T12:00:00Z,16.842
2026-05-30T12:30:00Z,16.842
2026-05-30T13:00:00Z,16.926
2026-05-30T13:30:00Z,16.485
2026-05-30T14:00:00Z,16.4535
2026-05-30T14:30:00Z,16.779
2026-05-30T15:00:00Z,30.8595
2026-05-30T15:30:00Z,30.261
2026-05-30T16:00:00Z,32.697
2026-05-30T16:30:00Z,31.584
2026-05-30T17:00:00Z,34.335
2026-05-30T17:30:00Z,35.553
2026-05-30T18:00:00Z,23.1735
2026-05-30T18:30:00Z,24.0555
2026-05-30T19:00:00Z,24.4125
2026-05-30T19:30:00Z,24.843
2026-05-30T20:00:00Z,24.7485
2026-05-30T20:30:00Z,25.284
2026-05-30T21:00:00Z,23.394
2026-05-30T21:30:00Z,22.953
2026-05-30T22:00:00Z,20.832
2026-05-30T22:30:00Z,21.8505
2026-05-30T23:00:00Z,20.097
2026-05-30T23:30:00Z,18.7635
2026-05-31T00:00:00Z,19.152
2026-05-31T00:30:00Z,19.509
2026-05-31T01:00:00Z,19.299
2026-05-31T01:30:00Z,17.976
2026-05-31T02:00:00Z,18.543
2026-05-31T02:30:00Z,17.829
2026-05-31T03:00:00Z,18.7215
2026-05-31T03:30:00Z,19.089
2026-05-31T04:00:00Z,17.577
2026-05-31T04:30:00Z,17.01
2026-05-31T05:00:00Z,18.102
2026-05-31T05:30:00Z,18.3225
2026-05-31T06:00:00Z,18.984
2026-05-31T06:30:00Z,19.131
2026-05-31T07:00:00Z,18.228
2026-05-31T07:30:00Z,18.627
2026-05-31T08:00:00Z,18.543
2026-05-31T08:30:00Z,18.3225
2026-05-31T09:00:00Z,17.577
2026-05-31T09:30:00Z,17.136
2026-05-31T10:00:00Z,17.955
2026-05-31T10:30:00Z,17.262
2026-05-31T11:00:00Z,18.0495
2026-05-31T11:30:00Z,17.1675
2026-05-31T12:00:00Z,17.4405
2026-05-31T12:30:00Z,15.498
2026-05-31T13:00:00Z,15.456
2026-05-31T13:30:00Z,16.002
2026-05-31T14:00:00Z,15.477
2026-05-31T14:30:00Z,16.338
2026-05-31T15:00:00Z,30.0405
2026-05-31T15:30:00Z,30.0405
2026-05-31T16:00:00Z,31.5105
2026-05-31T16:30:00Z,30.597
2026-05-31T17:00:00Z,33.5895
2026-05-31T17:30:00Z,36.078
2026-05-31T18:00:00Z,24.5805
2026-05-31T18:30:00Z,25.158
2026-05-31T19:00:00Z,24.78
2026-05-31T19:30:00Z,25.137
2026-05-31T20:00:00Z,25.2945
2026-05-31T20:30:00Z,25.284
2026-05-31T21:00:00Z,23.31
2026-05-31T21:30:00Z,23.646
2026-05-31T22:00:00Z,24.717
2026-05-31T22:30:00Z,22.7955
2026-05-31T23:00:00Z,21.5985
2026-05-31T23:30:00Z,20.3595
2026-06-01T00:00:00Z,19.7925
2026-06-01T00:30:00Z,20.6745
2026-06-01T01:00:00Z,19.7925
2026-06-01T01:30:00Z,19.383
2026-06-01T02:00:00Z,19.425
2026-06-01T02:30:00Z,19.299
2026-06-01T03:00:00Z,20.1705
2026-06-01T03:30:00Z,20.0025
2026-06-01T04:00:00Z,21.189
2026-06-01T04:30:00Z,20.748
2026-06-01T05:00:00Z,23.394
2026-06-01T05:30:00Z,25.305
2026-06-01T06:00:00Z,23.394
2026-06-01T06:30:00Z,24.024
2026-06-01T07:00:00Z,20.79
2026-06-01T07:30:00Z,19.9185
2026-06-01T08:00:00Z,18.7635
2026-06-01T08:30:00Z,17.8185
2026-06-01T09:00:00Z,18.7005
2026-06-01T09:30:00Z,18.144
2026-06-01T10:00:00Z,18.144
2026-06-01T10:30:00Z,17.22
2026-06-01T11:00:00Z,17.2515
2026-06-01T11:30:00Z,16.9785
2026-06-01T12:00:00Z,17.346
2026-06-01T12:30:00Z,17.0415
2026-06-01T13:00:00Z,17.1045
2026-06-01T13:30:00Z,16.779
2026-06-01T14:00:00Z,18.06
2026-06-01T14:30:00Z,18.144
2026-06-01T15:00:00Z,33.81
2026-06-01T15:30:00Z,34.314
2026-06-01T16:00:00Z,37.023
2026-06-01T16:30:00Z,38.0205
2026-06-01T17:00:00Z,39.3015
2026-06-01T17:30:00Z,39.3015
2026-06-01T18:00:00Z,27.363
2026-06-01T18:30:00Z,27.363
2026-06-01T19:00:00Z,27.342
2026-06-01T19:30:00Z,27.363
2026-06-01T20:00:00Z,26.7015
2026-06-01T20:30:00Z,25.2945
2026-06-01T21:00:00Z,22.848
2026-06-01T21:30:00Z,23.2155
2026-06-01T22:00:00Z,22.932
2026-06-01T22:30:00Z,23.9505
2026-06-01T23:00:00Z,21.5145
2026-06-01T23:30:00Z,20.622
2026-06-02T00:00:00Z,19.2465
2026-06-02T00:30:00Z,19.3725
2026-06-02T01:00:00Z,18.963
2026-06-02T01:30:00Z,19.299
2026-06-02T02:00:00Z,19.068
2026-06-02T02:30:00Z,18.7635
2026-06-02T03:00:00Z,19.467
2026-06-02T03:30:00Z,19.4145
2026-06-02T04:00:00Z,21.1995
2026-06-02T04:30:00Z,22.0605
2026-06-02T05:00:00Z,22.029
2026-06-02T05:30:00Z,23.877
2026-06-02T06:00:00Z,24.717
2026-06-02T06:30:00Z,25.158
2026-06-02T07:00:00Z,26.0295
2026-06-02T07:30:00Z,25.3575
2026-06-02T08:00:00Z,25.599
2026-06-02T08:30:00Z,25.158
2026-06-02T09:00:00Z,20.958
2026-06-02T09:30:00Z,19.2675
2026-06-02T10:00:00Z,18.543
2026-06-02T10:30:00Z,18.081
2026-06-02T11:00:00Z,17.661
2026-06-02T11:30:00Z,17.1885
2026-06-02T12:00:00Z,16.947
2026-06-02T12:30:00Z,16.737
2026-06-02T13:00:00Z,17.22
2026-06-02T13:30:00Z,16.401
2026-06-02T14:00:00Z,17.199
2026-06-02T14:30:00Z,17.262
2026-06-02T15:00:00Z,32.13
2026-06-02T15:30:00Z,32.907
2026-06-02T16:00:00Z,34.23
2026-06-02T16:30:00Z,35.0385
2026-06-02T17:00:00Z,38.619
2026-06-02T17:30:00Z,38.4195
2026-06-02T18:00:00Z,25.5675
2026-06-02T18:30:00Z,25.6515
2026-06-02T19:00:00Z,25.599
2026-06-02T19:30:00Z,25.7145
2026-06-02T20:00:00Z,25.599
2026-06-02T20:30:00Z,23.835
2026-06-02T21:00:00Z,22.2495
2026-06-02T21:30:00Z,20.9685
2026-06-02T22:00:00Z,19.761
2026-06-02T22:30:00Z,20.3385
2026-06-02T23:00:00Z,19.1205
2026-06-02T23:30:00Z,18.984
2026-06-03T00:00:00Z,18.7635
2026-06-03T00:30:00Z,18.9315
2026-06-03T01:00:00Z,19.215
2026-06-03T01:30:00Z,18.984
2026-06-03T02:00:00Z,18.375
2026-06-03T02:30:00Z,17.766
2026-06-03T03:00:00Z,18.039
2026-06-03T03:30:00Z,18.102
2026-06-03T04:00:00Z,19.866
2026-06-03T04:30:00Z,20.6745
2026-06-03T05:00:00Z,22.344
2026-06-03T05:30:00Z,24.3285
2026-06-03T06:00:00Z,21.8505
2026-06-03T06:30:00Z,22.9635
2026-06-03T07:00:00Z,21.9345
2026-06-03T07:30:00Z,22.1865
2026-06-03T08:00:00Z,22.827
2026-06-03T08:30:00Z,20.685
2026-06-03T09:00:00Z,20.1915
2026-06-03T09:30:00Z,19.782
2026-06-03T10:00:00Z,17.4405
2026-06-03T10:30:00Z,17.4405
2026-06-03T11:00:00Z,17.871
2026-06-03T11:30:00Z,15.939
2026-06-03T12:00:00Z,14.574
2026-06-03T12:30:00Z,13.713
2026-06-03T13:00:00Z,11.088
2026-06-03T13:30:00Z,10.4685
2026-06-03T14:00:00Z,13.692
2026-06-03T14:30:00Z,14.658
2026-06-03T15:00:00Z,27.783
2026-06-03T15:30:00Z,28.938
2026-06-03T16:00:00Z,29.3895
2026-06-03T16:30:00Z,31.416
2026-06-03T17:00:00Z,34.23
2026-06-03T17:30:00Z,34.272
2026-06-03T18:00:00Z,21.9345
2026-06-03T18:30:00Z,22.4805
2026-06-03T19:00:00Z,21.8505
2026-06-03T19:30:00Z,22.092
2026-06-03T20:00:00Z,21.8505
2026-06-03T20:30:00Z,20.0865
2026-06-03T21:00:00Z,18.207
2026-06-03T21:30:00Z,14.91
2026-06-03T22:00:00Z,12.369
2026-06-03T22:30:00Z,11.6235
2026-06-03T23:00:00Z,8.5785
2026-06-03T23:30:00Z,8.1375
2026-06-04T00:00:00Z,9.366
2026-06-04T00:30:00Z,9.723
2026-06-04T01:00:00Z,9.6285
2026-06-04T01:30:00Z,9.0195
2026-06-04T02:00:00Z,8.9145
2026-06-04T02:30:00Z,8.841
2026-06-04T03:00:00Z,9.009
2026-06-04T03:30:00Z,9.0615
2026-06-04T04:00:00Z,8.736
2026-06-04T04:30:00Z,8.6205
2026-06-04T05:00:00Z,9.198
2026-06-04T05:30:00Z,12.8205
2026-06-04T06:00:00Z,12.81
2026-06-04T06:30:00Z,13.251
2026-06-04T07:00:00Z,12.9255
2026-06-04T07:30:00Z,13.0305
2026-06-04T08:00:00Z,14.91
2026-06-04T08:30:00Z,13.4715
2026-06-04T09:00:00Z,12.6735
2026-06-04T09:30:00Z,9.9645
2026-06-04T10:00:00Z,7.2975
2026-06-04T10:30:00Z,7.2555
2026-06-04T11:00:00Z,5.6805
2026-06-04T11:30:00Z,3.696
2026-06-04T12:00:00Z,1.9845
2026-06-04T12:30:00Z,-0.336
2026-06-04T13:00:00Z,0.7665
2026-06-04T13:30:00Z,-1.302
2026-06-04T14:00:00Z,-0.861
2026-06-04T14:30:00Z,0.504
2026-06-04T15:00:00Z,14.007
2026-06-04T15:30:00Z,19.677
2026-06-04T16:00:00Z,25.41
2026-06-04T16:30:00Z,27.636
2026-06-04T17:00:00Z,29.904
2026-06-04T17:30:00Z,30.6495
2026-06-04T18:00:00Z,16.5165
2026-06-04T18:30:00Z,16.9785
2026-06-04T19:00:00Z,18.984
2026-06-04T19:30:00Z,19.089
2026-06-04T20:00:00Z,17.6715
2026-06-04T20:30:00Z,17.073
2026-06-04T21:00:00Z,17.409
2026-06-04T21:30:00Z,14.133
2026-06-04T22:00:00Z,13.335
2026-06-04T22:30:00Z,11.592
2026-06-04T23:00:00Z,11.592
2026-06-04T23:30:00Z,11.592
2026-06-05T00:00:00Z,11.592
2026-06-05T00:30:00Z,11.592
2026-06-05T01:00:00Z,11.487
2026-06-05T01:30:00Z,11.592
2026-06-05T02:00:00Z,10.164
2026-06-05T02:30:00Z,8.841
2026-06-05T03:00:00Z,11.487
2026-06-05T03:30:00Z,11.487
2026-06-05T04:00:00Z,16.9365
2026-06-05T04:30:00Z,18.7425
2026-06-05T05:00:00Z,17.9235
2026-06-05T05:30:00Z,21.84
2026-06-05T06:00:00Z,21.63
2026-06-05T06:30:00Z,23.394
2026-06-05T07:00:00Z,21.672
2026-06-05T07:30:00Z,19.425
2026-06-05T08:00:00Z,19.866
2026-06-05T08:30:00Z,18.543
2026-06-05T09:00:00Z,19.7505
2026-06-05T09:30:00Z,19.614
2026-06-05T10:00:00Z,20.79
2026-06-05T10:30:00Z,20.307
2026-06-05T11:00:00Z,23.3835
2026-06-05T11:30:00Z,22.1235
2026-06-05T12:00:00Z,20.37
2026-06-05T12:30:00Z,19.866
2026-06-05T13:00:00Z,19.8765
2026-06-05T13:30:00Z,19.2045
2026-06-05T14:00:00Z,19.425
2026-06-05T14:30:00Z,19.4565
2026-06-05T15:00:00Z,32.907
2026-06-05T15:30:00Z,32.466
2026-06-05T16:00:00Z,34.062
2026-06-05T16:30:00Z,34.2405
2026-06-05T17:00:00Z,36.666
2026-06-05T17:30:00Z,38.199
2026-06-05T18:00:00Z,27.594
2026-06-05T18:30:00Z,27.363
2026-06-05T19:00:00Z,26.8065
2026-06-05T19:30:00Z,26.628
2026-06-05T20:00:00Z,27.951
2026-06-05T20:30:00Z,26.7225
2026-06-05T21:00:00Z,25.2525
2026-06-05T21:30:00Z,24.654
2026-06-05T22:00:00Z,22.2915
2026-06-05T22:30:00Z,21.189
2026-06-05T23:00:00Z,18.543
2026-06-05T23:30:00Z,18.543
2026-06-06T00:00:00Z,20.181
2026-06-06T00:30:00Z,19.7715
2026-06-06T01:00:00Z,19.488
2026-06-06T01:30:00Z,19.6665
2026-06-06T02:00:00Z,18.984
2026-06-06T02:30:00Z,19.0155
2026-06-06T03:00:00Z,19.8975
2026-06-06T03:30:00Z,18.984
2026-06-06T04:00:00Z,17.409
2026-06-06T04:30:00Z,15.54
2026-06-06T05:00:00Z,9.912
2026-06-06T05:30:00Z,12.369
2026-06-06T06:00:00Z,5.628
2026-06-06T06:30:00Z,12.81
2026-06-06T07:00:00Z,10.5
2026-06-06T07:30:00Z,11.172
2026-06-06T08:00:00Z,8.841
2026-06-06T08:30:00Z,9.282
2026-06-06T09:00:00Z,8.841
2026-06-06T09:30:00Z,7.077
2026-06-06T10:00:00Z,9.198
2026-06-06T10:30:00Z,9.744
2026-06-06T11:00:00Z,8.8305
2026-06-06T11:30:00Z,8.841
2026-06-06T12:00:00Z,9.0405
2026-06-06T12:30:00Z,8.4945
2026-06-06T13:00:00Z,8.652
2026-06-06T13:30:00Z,9.219
2026-06-06T14:00:00Z,12.0225
2026-06-06T14:30:00Z,13.965
2026-06-06T15:00:00Z,27.8355
2026-06-06T15:30:00Z,28.497
2026-06-06T16:00:00Z,32.571
2026-06-06T16:30:00Z,33.348
2026-06-06T17:00:00Z,35.553
2026-06-06T17:30:00Z,35.784
2026-06-06T18:00:00Z,24.0135
2026-06-06T18:30:00Z,24.8955
2026-06-06T19:00:00Z,23.667
2026-06-06T19:30:00Z,23.6985
2026-06-06T20:00:00Z,23.9295
2026-06-06T20:30:00Z,22.806
2026-06-06T21:00:00Z,19.866
2026-06-06T21:30:00Z,18.102
2026-06-06T22:00:00Z,19.866
2026-06-06T22:30:00Z,18.9105
2026-06-06T23:00:00Z,17.22
2026-06-06T23:30:00Z,15.0675
2026-06-07T00:00:00Z,14.7945
2026-06-07T00:30:00Z,13.5975
2026-06-07T01:00:00Z,12.5895
2026-06-07T01:30:00Z,10.8255
2026-06-07T02:00:00Z,9.7965
2026-06-07T02:30:00Z,8.4
2026-06-07T03:00:00Z,5.313
2026-06-07T03:30:00Z,2.2155
2026-06-07T04:00:00Z,-0.315
2026-06-07T04:30:00Z,-3.7275
2026-06-07T05:00:00Z,-1.113
2026-06-07T05:30:00Z,-1.743
2026-06-07T06:00:00Z,-2.73
2026-06-07T06:30:00Z,-2.9715
2026-06-07T07:00:00Z,-2.877
2026-06-07T07:30:00Z,-2.52
2026-06-07T08:00:00Z,-2.646
2026-06-07T08:30:00Z,-3.045
2026-06-07T09:00:00Z,-3.507
2026-06-07T09:30:00Z,-3.507
2026-06-07T10:00:00Z,-3.948
2026-06-07T10:30:00Z,-3.2865
2026-06-07T11:00:00Z,-3.948
2026-06-07T11:30:00Z,-4.788
2026-06-07T12:00:00Z,-4.368
2026-06-07T12:30:00Z,-3.99
2026-06-07T13:00:00Z,-3.948
2026-06-07T13:30:00Z,-3.948
2026-06-07T14:00:00Z,-3.2865
2026-06-07T14:30:00Z,-2.7825
2026-06-07T15:00:00Z,9.8385
2026-06-07T15:30:00Z,17.913
2026-06-07T16:00:00Z,23.646
2026-06-07T16:30:00Z,28.497
2026-06-07T17:00:00Z,30.4395
2026-06-07T17:30:00Z,30.4395
2026-06-07T18:00:00Z,21.63
2026-06-07T18:30:00Z,23.478
2026-06-07T19:00:00Z,22.7115
2026-06-07T19:30:00Z,24.0555
2026-06-07T20:00:00Z,22.701
2026-06-07T20:30:00Z,22.596
2026-06-07T21:00:00Z,23.835
2026-06-07T21:30:00Z,22.617
2026-06-07T22:00:00Z,22.9425
2026-06-07T22:30:00Z,19.2045
2026-06-07T23:00:00Z,19.2045
2026-06-07T23:30:00Z,19.6035
2026-06-08T00:00:00Z,18.543
2026-06-08T00:30:00Z,18.102
2026-06-08T01:00:00Z,18.543
2026-06-08T01:30:00Z,18.7635
2026-06-08T02:00:00Z,18.3225
2026-06-08T02:30:00Z,18.3225
2026-06-08T03:00:00Z,19.425
2026-06-08T03:30:00Z,19.425
2026-06-08T04:00:00Z,21.63
2026-06-08T04:30:00Z,21.4725
2026-06-08T05:00:00Z,21.693
2026-06-08T05:30:00Z,23.457
2026-06-08T06:00:00Z,21.063
2026-06-08T06:30:00Z,24.4545
2026-06-08T07:00:00Z,23.499
2026-06-08T07:30:00Z,23.499
2026-06-08T08:00:00Z,22.512
2026-06-08T08:30:00Z,22.848
2026-06-08T09:00:00Z,21.777
2026-06-08T09:30:00Z,21.252
2026-06-08T10:00:00Z,20.748
2026-06-08T10:30:00Z,19.6455
2026-06-08T11:00:00Z,19.026
2026-06-08T11:30:00Z,17.8815
2026-06-08T12:00:00Z,15.435
2026-06-08T12:30:00Z,15.435
2026-06-08T13:00:00Z,15.435
2026-06-08T13:30:00Z,15.435
2026-06-08T14:00:00Z,15.981
2026-06-08T14:30:00Z,15.435
2026-06-08T15:00:00Z,30.9225
2026-06-08T15:30:00Z,31.1535
2026-06-08T16:00:00Z,34.671
2026-06-08T16:30:00Z,35.931
2026-06-08T17:00:00Z,37.212
2026-06-08T17:30:00Z,37.758
2026-06-08T18:00:00Z,25.158
2026-06-08T18:30:00Z,25.158
2026-06-08T19:00:00Z,25.431
2026-06-08T19:30:00Z,25.347
2026-06-08T20:00:00Z,24.822
2026-06-08T20:30:00Z,24.612
2026-06-08T21:00:00Z,21.3675
2026-06-08T21:30:00Z,20.391
2026-06-08T22:00:00Z,20.748
2026-06-08T22:30:00Z,20.5275
2026-06-08T23:00:00Z,19.866
2026-06-08T23:30:00Z,20.9895
2026-06-09T00:00:00Z,20.8425
2026-06-09T00:30:00Z,19.7295
2026-06-09T01:00:00Z,19.341
2026-06-09T01:30:00Z,19.257
2026-06-09T02:00:00Z,18.7215
2026-06-09T02:30:00Z,18.438
2026-06-09T03:00:00Z,19.0575
2026-06-09T03:30:00Z,18.879
2026-06-09T04:00:00Z,19.635
2026-06-09T04:30:00Z,19.887
2026-06-09T05:00:00Z,20.055
2026-06-09T05:30:00Z,22.2075
2026-06-09T06:00:00Z,21.8505
2026-06-09T06:30:00Z,22.512
2026-06-09T07:00:00Z,22.5225
2026-06-09T07:30:00Z,21.1785
2026-06-09T08:00:00Z,19.4985
2026-06-09T08:30:00Z,18.5535
2026-06-09T09:00:00Z,17.409
2026-06-09T09:30:00Z,16.3065
2026-06-09T10:00:00Z,15.435
2026-06-09T10:30:00Z,14.973
2026-06-09T11:00:00Z,15.666
2026-06-09T11:30:00Z,14.49
2026-06-09T12:00:00Z,14.133
2026-06-09T12:30:00Z,13.7235
2026-06-09T13:00:00Z,12.81
2026-06-09T13:30:00Z,12.726
2026-06-09T14:00:00Z,13.1985
2026-06-09T14:30:00Z,14.049
2026-06-09T15:00:00Z,27.8145
2026-06-09T15:30:00Z,31.0905
2026-06-09T16:00:00Z,32.466
2026-06-09T16:30:00Z,33.6735
2026-06-09T17:00:00Z,34.23
2026-06-09T17:30:00Z,35.3325
2026-06-09T18:00:00Z,24.192
2026-06-09T18:30:00Z,24.4755
2026-06-09T19:00:00Z,25.158
2026-06-09T19:30:00Z,25.158
2026-06-09T20:00:00Z,25.074
2026-06-09T20:30:00Z,25.2
2026-06-09T21:00:00Z,22.89
2026-06-09T21:30:00Z,20.5275
2026-06-09T22:00:00Z,21.189
2026-06-09T22:30:00Z,20.475
2026-06-09T23:00:00Z,20.2545
2026-06-09T23:30:00Z,19.9185
2026-06-10T00:00:00Z,18.9525
2026-06-10T00:30:00Z,18.459
2026-06-10T01:00:00Z,17.283
2026-06-10T01:30:00Z,17.9865
2026-06-10T02:00:00Z,18.5115
2026-06-10T02:30:00Z,18.7215
2026-06-10T03:00:00Z,18.3225
2026-06-10T03:30:00Z,18.4905
2026-06-10T04:00:00Z,19.215
2026-06-10T04:30:00Z,19.2045
2026-06-10T05:00:00Z,19.719
2026-06-10T05:30:00Z,22.617
2026-06-10T06:00:00Z,23.079
2026-06-10T06:30:00Z,23.1735
2026-06-10T07:00:00Z,22.6065
2026-06-10T07:30:00Z,22.7325
2026-06-10T08:00:00Z,22.7325
2026-06-10T08:30:00Z,21.3675
2026-06-10T09:00:00Z,21.7875
2026-06-10T09:30:00Z,21.105
2026-06-10T10:00:00Z,19.5615
2026-06-10T10:30:00Z,19.2045
2026-06-10T11:00:00Z,19.404
2026-06-10T11:30:00Z,18.627
2026-06-10T12:00:00Z,18.9
2026-06-10T12:30:00Z,18.102
2026-06-10T13:00:00Z,17.682
2026-06-10T13:30:00Z,17.4405
2026-06-10T14:00:00Z,17.2305
2026-06-10T14:30:00Z,17.892
2026-06-10T15:00:00Z,32.781
2026-06-10T15:30:00Z,32.9805
2026-06-10T16:00:00Z,34.314
2026-06-10T16:30:00Z,35.5005
2026-06-10T17:00:00Z,37.9785
2026-06-10T17:30:00Z,38.64
2026-06-10T18:00:00Z,29.4945
2026-06-10T18:30:00Z,28.602
2026-06-10T19:00:00Z,29.7255
2026-06-10T19:30:00Z,28.938
2026-06-10T20:00:00Z,28.203
2026-06-10T20:30:00Z,27.909
2026-06-10T21:00:00Z,23.9085
2026-06-10T21:30:00Z,23.877
2026-06-10T22:00:00Z,23.667
2026-06-10T22:30:00Z,23.4255
2026-06-10T23:00:00Z,22.449
2026-06-10T23:30:00Z,22.134
2026-06-11T00:00:00Z,21.798
2026-06-11T00:30:00Z,20.664
2026-06-11T01:00:00Z,20.5275
2026-06-11T01:30:00Z,19.5825
2026-06-11T02:00:00Z,19.341
2026-06-11T02:30:00Z,18.606
2026-06-11T03:00:00Z,19.32
2026-06-11T03:30:00Z,18.9
2026-06-11T04:00:00Z,20.79
2026-06-11T04:30:00Z,20.9895
2026-06-11T05:00:00Z,20.5065
2026-06-11T05:30:00Z,22.512
2026-06-11T06:00:00Z,20.8635
2026-06-11T06:30:00Z,23.1945
2026-06-11T07:00:00Z,21.63
2026-06-11T07:30:00Z,21.084
2026-06-11T08:00:00Z,21.63
2026-06-11T08:30:00Z,20.4225
2026-06-11T09:00:00Z,20.391
2026-06-11T09:30:00Z,19.299
2026-06-11T10:00:00Z,18.543
2026-06-11T10:30:00Z,18.7635
2026-06-11T11:00:00Z,19.425
2026-06-11T11:30:00Z,20.328
2026-06-11T12:00:00Z,19.803
2026-06-11T12:30:00Z,18.4695
2026-06-11T13:00:00Z,16.9575
2026-06-11T13:30:00Z,17.1255
2026-06-11T14:00:00Z,15.6765
2026-06-11T14:30:00Z,16.0545
2026-06-11T15:00:00Z,29.715
2026-06-11T15:30:00Z,30.702
2026-06-11T16:00:00Z,32.592
2026-06-11T16:30:00Z,33.2745
2026-06-11T17:00:00Z,36.6555
2026-06-11T17:30:00Z,36.225
2026-06-11T18:00:00Z,23.877
2026-06-11T18:30:00Z,23.793
2026-06-11T19:00:00Z,23.3625
2026-06-11T19:30:00Z,23.3625
2026-06-11T20:00:00Z,22.491
2026-06-11T20:30:00Z,20.0865
2026-06-11T21:00:00Z,17.4405
2026-06-11T21:30:00Z,15.3615
2026-06-11T22:00:00Z,22.512
2026-06-11T22:30:00Z,21.084
2026-06-11T23:00:00Z,18.543
2026-06-11T23:30:00Z,16.611
2026-06-12T00:00:00Z,14.3535
2026-06-12T00:30:00Z,15.1725
2026-06-12T01:00:00Z,14.9205
2026-06-12T01:30:00Z,14.574
2026-06-12T02:00:00Z,14.1855
2026-06-12T02:30:00Z,14.742
2026-06-12T03:00:00Z,15.057
2026-06-12T03:30:00Z,16.2015
2026-06-12T04:00:00Z,16.422
2026-06-12T04:30:00Z,18.207
2026-06-12T05:00:00Z,19.236
2026-06-12T05:30:00Z,22.953
2026-06-12T06:00:00Z,21.105
2026-06-12T06:30:00Z,22.8585
2026-06-12T07:00:00Z,20.8845
2026-06-12T07:30:00Z,20.1495
2026-06-12T08:00:00Z,18.7635
2026-06-12T08:30:00Z,15.7395
2026-06-12T09:00:00Z,15.498
2026-06-12T09:30:00Z,13.419
2026-06-12T10:00:00Z,12.1695
2026-06-12T10:30:00Z,9.4815
2026-06-12T11:00:00Z,9.5025
2026-06-12T11:30:00Z,7.371
2026-06-12T12:00:00Z,7.8015
2026-06-12T12:30:00Z,5.0505
2026-06-12T13:00:00Z,5.3235
2026-06-12T13:30:00Z,4.2315
2026-06-12T14:00:00Z,6.195
2026-06-12T14:30:00Z,5.796
2026-06-12T15:00:00Z,17.2515
2026-06-12T15:30:00Z,20.916
2026-06-12T16:00:00Z,21.966
2026-06-12T16:30:00Z,24.7485
2026-06-12T17:00:00Z,25.6095
2026-06-12T17:30:00Z,27.174
2026-06-12T18:00:00Z,15.0465
2026-06-12T18:30:00Z,15.9285
2026-06-12T19:00:00Z,16.6215
2026-06-12T19:30:00Z,17.3985
2026-06-12T20:00:00Z,18.0495
2026-06-12T20:30:00Z,18.1545
2026-06-12T21:00:00Z,18.102
2026-06-12T21:30:00Z,16.191
2026-06-12T22:00:00Z,14.343
2026-06-12T22:30:00Z,11.718
2026-06-12T23:00:00Z,11.928
2026-06-12T23:30:00Z,10.017
2026-06-13T00:00:00Z,8.484
2026-06-13T00:30:00Z,7.5285
2026-06-13T01:00:00Z,6.3315
2026-06-13T01:30:00Z,4.5045
2026-06-13T02:00:00Z,5.3865
2026-06-13T02:30:00Z,4.5255
2026-06-13T03:00:00Z,4.725
2026-06-13T03:30:00Z,3.927
2026-06-13T04:00:00Z,3.7065
2026-06-13T04:30:00Z,3.108
2026-06-13T05:00:00Z,1.1445
2026-06-13T05:30:00Z,1.5435
2026-06-13T06:00:00Z,-2.184
2026-06-13T06:30:00Z,-2.772
2026-06-13T07:00:00Z,-1.764
2026-06-13T07:30:00Z,-1.68
2026-06-13T08:00:00Z,-1.2915
2026-06-13T08:30:00Z,-1.617
2026-06-13T09:00:00Z,-4.2105
2026-06-13T09:30:00Z,-5.8275
2026-06-13T10:00:00Z,-6.888
2026-06-13T10:30:00Z,-6.594
2026-06-13T11:00:00Z,-8.358
2026-06-13T11:30:00Z,-8.7885
2026-06-13T12:00:00Z,-8.736
2026-06-13T12:30:00Z,-7.9275
2026-06-13T13:00:00Z,-6.489
2026-06-13T13:30:00Z,-7.056
2026-06-13T14:00:00Z,-4.662
2026-06-13T14:30:00Z,-4.2
2026-06-13T15:00:00Z,10.1115
2026-06-13T15:30:00Z,16.6005
2026-06-13T16:00:00Z,10.416
2026-06-13T16:30:00Z,15.267
2026-06-13T17:00:00Z,13.083
2026-06-13T17:30:00Z,18.5535
2026-06-13T18:00:00Z,16.338
2026-06-13T18:30:00Z,17.8185
2026-06-13T19:00:00Z,19.866
2026-06-13T19:30:00Z,19.0575
2026-06-13T20:00:00Z,18.9
2026-06-13T20:30:00Z,18.627
2026-06-13T21:00:00Z,16.779
2026-06-13T21:30:00Z,16.758
2026-06-13T22:00:00Z,10.6155
2026-06-13T22:30:00Z,8.526
2026-06-13T23:00:00Z,3.675
2026-06-13T23:30:00Z,4.1265
2026-06-14T00:00:00Z,1.4175
2026-06-14T00:30:00Z,3.444
2026-06-14T01:00:00Z,3.213
2026-06-14T01:30:00Z,1.869
2026-06-14T02:00:00Z,4.2525
2026-06-14T02:30:00Z,3.15
2026-06-14T03:00:00Z,5.313
2026-06-14T03:30:00Z,5.9745
2026-06-14T04:00:00Z,7.518
2026-06-14T04:30:00Z,7.392
2026-06-14T05:00:00Z,4.599
2026-06-14T05:30:00Z,2.5095
2026-06-14T06:00:00Z,8.6205
2026-06-14T06:30:00Z,8.6205
2026-06-14T07:00:00Z,9.66
2026-06-14T07:30:00Z,10.143
2026-06-14T08:00:00Z,12.1485
2026-06-14T08:30:00Z,12.1485
2026-06-14T09:00:00Z,14.7945
2026-06-14T09:30:00Z,14.7945
2026-06-14T10:00:00Z,15.2355
2026-06-14T10:30:00Z,13.0305
2026-06-14T11:00:00Z,13.0095
2026-06-14T11:30:00Z,13.4925
2026-06-14T12:00:00Z,14.616
2026-06-14T12:30:00Z,14.3535
2026-06-14T13:00:00Z,14.7945
2026-06-14T13:30:00Z,15.4455
2026-06-14T14:00:00Z,15.456
2026-06-14T14:30:00Z,16.6845
2026-06-14T15:00:00Z,32.4975
2026-06-14T15:30:00Z,33.033
2026-06-14T16:00:00Z,34.4505
2026-06-14T16:30:00Z,35.469
2026-06-14T17:00:00Z,36.099
2026-06-14T17:30:00Z,34.671
2026-06-14T18:00:00Z,23.1735
2026-06-14T18:30:00Z,23.9085
2026-06-14T19:00:00Z,24.864
2026-06-14T19:30:00Z,24.99
2026-06-14T20:00:00Z,23.6775
2026-06-14T20:30:00Z,23.793
2026-06-14T21:00:00Z,23.5305
2026-06-14T21:30:00Z,22.7325
2026-06-14T22:00:00Z,19.2045
2026-06-14T22:30:00Z,17.661
2026-06-14T23:00:00Z,17.9235
2026-06-14T23:30:00Z,17.1045
2026-06-15T00:00:00Z,16.5585
2026-06-15T00:30:00Z,16.5585
2026-06-15T01:00:00Z,16.989
2026-06-15T01:30:00Z,16.38
2026-06-15T02:00:00Z,15.897
2026-06-15T02:30:00Z,16.5585
2026-06-15T03:00:00Z,16.149
2026-06-15T03:30:00Z,15.708
2026-06-15T04:00:00Z,17.1045
2026-06-15T04:30:00Z,16.758
2026-06-15T05:00:00Z,17.283
2026-06-15T05:30:00Z,21.042
2026-06-15T06:00:00Z,22.617
2026-06-15T06:30:00Z,22.953
2026-06-15T07:00:00Z,21.609
2026-06-15T07:30:00Z,20.0655
2026-06-15T08:00:00Z,20.7165
2026-06-15T08:30:00Z,18.816
2026-06-15T09:00:00Z,16.9365
2026-06-15T09:30:00Z,15.2565
2026-06-15T10:00:00Z,15.981
2026-06-15T10:30:00Z,15.1935
2026-06-15T11:00:00Z,16.191
2026-06-15T11:30:00Z,16.0545
2026-06-15T12:00:00Z,16.275
2026-06-15T12:30:00Z,15.12
2026-06-15T13:00:00Z,15.792
2026-06-15T13:30:00Z,15.5085
2026-06-15T14:00:00Z,15.6555
2026-06-15T14:30:00Z,17.136
2026-06-15T15:00:00Z,30.9225
2026-06-15T15:30:00Z,33.1275
2026-06-15T16:00:00Z,33.768
2026-06-15T16:30:00Z,37.1595
2026-06-15T17:00:00Z,37.758
2026-06-15T17:30:00Z,38.766
2026-06-15T18:00:00Z,26.166
2026-06-15T18:30:00Z,26.1345
2026-06-15T19:00:00Z,26.775
2026-06-15T19:30:00Z,26.8485
2026-06-15T20:00:00Z,26.061
2026-06-15T20:30:00Z,25.9455
2026-06-15T21:00:00Z,24.234
2026-06-15T21:30:00Z,23.436
2026-06-15T22:00:00Z,21.8715
2026-06-15T22:30:00Z,20.3805
2026-06-15T23:00:00Z,20.454
2026-06-15T23:30:00Z,20.3175
2026-06-16T00:00:00Z,17.4615
2026-06-16T00:30:00Z,17.661
2026-06-16T01:00:00Z,18.543
2026-06-16T01:30:00Z,18.144
2026-06-16T02:00:00Z,18.543
2026-06-16T02:30:00Z,18.459
2026-06-16T03:00:00Z,19.425
2026-06-16T03:30:00Z,18.501
2026-06-16T04:00:00Z,21.21
2026-06-16T04:30:00Z,21.861
2026-06-16T05:00:00Z,22.9215
2026-06-16T05:30:00Z,24.381
2026-06-16T06:00:00Z,23.3205
2026-06-16T06:30:00Z,23.394
2026-06-16T07:00:00Z,23.373
2026-06-16T07:30:00Z,22.7745
2026-06-16T08:00:00Z,22.0815
2026-06-16T08:30:00Z,20.2755
2026-06-16T09:00:00Z,19.425
2026-06-16T09:30:00Z,18.333
2026-06-16T10:00:00Z,16.338
2026-06-16T10:30:00Z,15.3615
2026-06-16T11:00:00Z,15.6765
2026-06-16T11:30:00Z,15.6765
2026-06-16T12:00:00Z,15.6765
2026-06-16T12:30:00Z,15.6765
2026-06-16T13:00:00Z,15.6765
2026-06-16T13:30:00Z,15.456
2026-06-16T14:00:00Z,15.7185
2026-06-16T14:30:00Z,16.2015
2026-06-16T15:00:00Z,30.3975
2026-06-16T15:30:00Z,30.471
2026-06-16T16:00:00Z,34.0515
2026-06-16T16:30:00Z,35.217
2026-06-16T17:00:00Z,38.388
2026-06-16T17:30:00Z,39.4905
2026-06-16T18:00:00Z,28.245
2026-06-16T18:30:00Z,27.363
2026-06-16T19:00:00Z,27.7095
2026-06-16T19:30:00Z,27.5835
2026-06-16T20:00:00Z,26.9115
2026-06-16T20:30:00Z,27.363
2026-06-16T21:00:00Z,24.507
2026-06-16T21:30:00Z,25.3365
2026-06-16T22:00:00Z,23.9505
2026-06-16T22:30:00Z,23.2155
2026-06-16T23:00:00Z,21.987
2026-06-16T23:30:00Z,22.218
2026-06-17T00:00:00Z,20.895
2026-06-17T00:30:00Z,20.769
2026-06-17T01:00:00Z,20.496
2026-06-17T01:30:00Z,19.5615
2026-06-17T02:00:00Z,19.0155
2026-06-17T02:30:00Z,19.005
2026-06-17T03:00:00Z,18.984
2026-06-17T03:30:00Z,18.501
2026-06-17T04:00:00Z,19.677
2026-06-17T04:30:00Z,19.824
2026-06-17T05:00:00Z,18.921
2026-06-17T05:30:00Z,20.769
2026-06-17T06:00:00Z,19.446
2026-06-17T06:30:00Z,20.1285
2026-06-17T07:00:00Z,17.9025
2026-06-17T07:30:00Z,17.577
2026-06-17T08:00:00Z,17.808
2026-06-17T08:30:00Z,17.8815
2026-06-17T09:00:00Z,16.338
2026-06-17T09:30:00Z,15.9285
2026-06-17T10:00:00Z,16.338
2026-06-17T10:30:00Z,15.3195
2026-06-17T11:00:00Z,16.0965
2026-06-17T11:30:00Z,15.498
2026-06-17T12:00:00Z,14.574
2026-06-17T12:30:00Z,13.146
2026-06-17T13:00:00Z,12.4215
2026-06-17T13:30:00Z,12.3165
2026-06-17T14:00:00Z,14.2275
2026-06-17T14:30:00Z,14.8575
2026-06-17T15:00:00Z,28.9905
2026-06-17T15:30:00Z,28.938
2026-06-17T16:00:00Z,28.497
2026-06-17T16:30:00Z,29.9565
2026-06-17T17:00:00Z,33.9045
2026-06-17T17:30:00Z,35.007
2026-06-17T18:00:00Z,26.0085
2026-06-17T18:30:00Z,26.817
2026-06-17T19:00:00Z,26.817
2026-06-17T19:30:00Z,26.838
2026-06-17T20:00:00Z,26.145
2026-06-17T20:30:00Z,26.817
2026-06-17T21:00:00Z,23.793
2026-06-17T21:30:00Z,24.276
2026-06-17T22:00:00Z,23.2365
2026-06-17T22:30:00Z,20.118
2026-06-17T23:00:00Z,21.63
2026-06-17T23:30:00Z,20.748
2026-06-18T00:00:00Z,20.307
2026-06-18T00:30:00Z,19.866
2026-06-18T01:00:00Z,18.9525
2026-06-18T01:30:00Z,18.48
2026-06-18T02:00:00Z,18.7635
2026-06-18T02:30:00Z,18.207
2026-06-18T03:00:00Z,19.173
2026-06-18T03:30:00Z,18.6585
2026-06-18T04:00:00Z,20.5275
2026-06-18T04:30:00Z,21.5355
2026-06-18T05:00:00Z,20.37
2026-06-18T05:30:00Z,22.6065
2026-06-18T06:00:00Z,19.908
2026-06-18T06:30:00Z,21.8505
2026-06-18T07:00:00Z,21.273
2026-06-18T07:30:00Z,19.698
2026-06-18T08:00:00Z,17.9235
2026-06-18T08:30:00Z,18.9735
2026-06-18T09:00:00Z,18.3855
2026-06-18T09:30:00Z,17.5035
2026-06-18T10:00:00Z,16.338
2026-06-18T10:30:00Z,16.2015
2026-06-18T11:00:00Z,14.1435
2026-06-18T11:30:00Z,14.133
2026-06-18T12:00:00Z,13.692
2026-06-18T12:30:00Z,12.369
2026-06-18T13:00:00Z,12.18
2026-06-18T13:30:00Z,12.117
2026-06-18T14:00:00Z,13.4295
2026-06-18T14:30:00Z,13.629
2026-06-18T15:00:00Z,30.1035
2026-06-18T15:30:00Z,28.7175
2026-06-18T16:00:00Z,34.4295
2026-06-18T16:30:00Z,35.133
2026-06-18T17:00:00Z,38.64
2026-06-18T17:30:00Z,41.5695
2026-06-18T18:00:00Z,31.5525
2026-06-18T18:30:00Z,31.374
2026-06-18T19:00:00Z,30.996
2026-06-18T19:30:00Z,30.345
2026-06-18T20:00:00Z,28.98
2026-06-18T20:30:00Z,28.4865
2026-06-18T21:00:00Z,25.599
2026-06-18T21:30:00Z,26.922
2026-06-18T22:00:00Z,21.8505
2026-06-18T22:30:00Z,20.748
2026-06-18T23:00:00Z,19.341
2026-06-18T23:30:00Z,19.446
2026-06-19T00:00:00Z,18.564
2026-06-19T00:30:00Z,19.026
2026-06-19T01:00:00Z,18.4065
2026-06-19T01:30:00Z,17.9865
2026-06-19T02:00:00Z,17.3565
2026-06-19T02:30:00Z,17.262
2026-06-19T03:00:00Z,16.821
2026-06-19T03:30:00Z,15.6765
2026-06-19T04:00:00Z,15.897
2026-06-19T04:30:00Z,16.5795
2026-06-19T05:00:00Z,17.0205
2026-06-19T05:30:00Z,20.496
2026-06-19T06:00:00Z,17.661
2026-06-19T06:30:00Z,18.102
2026-06-19T07:00:00Z,15.9495
2026-06-19T07:30:00Z,17.682
2026-06-19T08:00:00Z,16.1175
2026-06-19T08:30:00Z,14.805
2026-06-19T09:00:00Z,11.1825
2026-06-19T09:30:00Z,10.5945
2026-06-19T10:00:00Z,10.899
2026-06-19T10:30:00Z,10.2165
2026-06-19T11:00:00Z,10.815
2026-06-19T11:30:00Z,10.269
2026-06-19T12:00:00Z,9.9435
2026-06-19T12:30:00Z,10.689
2026-06-19T13:00:00Z,9.5025
2026-06-19T13:30:00Z,10.605
2026-06-19T14:00:00Z,16.5585
2026-06-19T14:30:00Z,17.1465
2026-06-19T15:00:00Z,30.429
2026-06-19T15:30:00Z,29.82
2026-06-19T16:00:00Z,32.088
2026-06-19T16:30:00Z,31.143
2026-06-19T17:00:00Z,34.4505
2026-06-19T17:30:00Z,37.0755
2026-06-19T18:00:00Z,26.46
2026-06-19T18:30:00Z,27.1845
2026-06-19T19:00:00Z,26.481
2026-06-19T19:30:00Z,26.481
2026-06-19T20:00:00Z,26.481
2026-06-19T20:30:00Z,25.956
2026-06-19T21:00:00Z,22.4385
2026-06-19T21:30:00Z,22.911
2026-06-19T22:00:00Z,19.929
2026-06-19T22:30:00Z,20.0445
2026-06-19T23:00:00Z,20.307
2026-06-19T23:30:00Z,19.7505
2026-06-20T00:00:00Z,19.1415
2026-06-20T00:30:00Z,18.6165
2026-06-20T01:00:00Z,17.703
2026-06-20T01:30:00Z,16.38
2026-06-20T02:00:00Z,18.921
2026-06-20T02:30:00Z,18.4695
2026-06-20T03:00:00Z,18.564
2026-06-20T03:30:00Z,18.669
2026-06-20T04:00:00Z,18.2595
2026-06-20T04:30:00Z,17.703
2026-06-20T05:00:00Z,16.737
2026-06-20T05:30:00Z,17.9235
2026-06-20T06:00:00Z,16.863
2026-06-20T06:30:00Z,17.8815
2026-06-20T07:00:00Z,15.036
2026-06-20T07:30:00Z,15.897
2026-06-20T08:00:00Z,16.128
2026-06-20T08:30:00Z,14.742
2026-06-20T09:00:00Z,15.624
2026-06-20T09:30:00Z,14.931
2026-06-20T10:00:00Z,13.167
2026-06-20T10:30:00Z,13.4505
2026-06-20T11:00:00Z,14.133
2026-06-20T11:30:00Z,13.797
2026-06-20T12:00:00Z,13.692
2026-06-20T12:30:00Z,13.692
2026-06-20T13:00:00Z,13.9335
2026-06-20T13:30:00Z,13.692
2026-06-20T14:00:00Z,13.692
2026-06-20T14:30:00Z,14.5425
2026-06-20T15:00:00Z,28.77
2026-06-20T15:30:00Z,27.3945
2026-06-20T16:00:00Z,31.143
2026-06-20T16:30:00Z,30.702
2026-06-20T17:00:00Z,34.9335
2026-06-20T17:30:00Z,36.5295
2026-06-20T18:00:00Z,27.804
2026-06-20T18:30:00Z,27.1845
2026-06-20T19:00:00Z,27.405
2026-06-20T19:30:00Z,27.783
2026-06-20T20:00:00Z,27.1005
2026-06-20T20:30:00Z,27.6675
2026-06-20T21:00:00Z,24.4335
2026-06-20T21:30:00Z,23.7195
2026-06-20T22:00:00Z,23.5935
2026-06-20T22:30:00Z,22.869
2026-06-20T23:00:00Z,22.6485
2026-06-20T23:30:00Z,21.8295
2026-06-21T00:00:00Z,20.9475
2026-06-21T00:30:00Z,20.622
2026-06-21T01:00:00Z,20.5275
2026-06-21T01:30:00Z,19.425
2026-06-21T02:00:00Z,18.543
2026-06-21T02:30:00Z,19.1625
2026-06-21T03:00:00Z,18.501
2026-06-21T03:30:00Z,18.7635
2026-06-21T04:00:00Z,18.438
2026-06-21T04:30:00Z,18.648
2026-06-21T05:00:00Z,18.3225
2026-06-21T05:30:00Z,18.3225
2026-06-21T06:00:00Z,16.758
2026-06-21T06:30:00Z,17.3565
2026-06-21T07:00:00Z,16.317
2026-06-21T07:30:00Z,16.926
2026-06-21T08:00:00Z,16.779
2026-06-21T08:30:00Z,17.2935
2026-06-21T09:00:00Z,17.2305
2026-06-21T09:30:00Z,16.9365
2026-06-21T10:00:00Z,17.535
2026-06-21T10:30:00Z,17.2095
2026-06-21T11:00:00Z,17.0835
2026-06-21T11:30:00Z,16.779
2026-06-21T12:00:00Z,17.22
2026-06-21T12:30:00Z,17.115
2026-06-21T13:00:00Z,17.4615
2026-06-21T13:30:00Z,17.661
2026-06-21T14:00:00Z,16.674
2026-06-21T14:30:00Z,16.338
2026-06-21T15:00:00Z,29.82
2026-06-21T15:30:00Z,30.345
2026-06-21T16:00:00Z,30.891
2026-06-21T16:30:00Z,31.143
2026-06-21T17:00:00Z,33.369
2026-06-21T17:30:00Z,35.595
2026-06-21T18:00:00Z,24.759
2026-06-21T18:30:00Z,24.9375
2026-06-21T19:00:00Z,24.5805
2026-06-21T19:30:00Z,24.9375
2026-06-21T20:00:00Z,24.5385
2026-06-21T20:30:00Z,24.5385
2026-06-21T21:00:00Z,22.932
2026-06-21T21:30:00Z,22.932
2026-06-21T22:00:00Z,20.4855
2026-06-21T22:30:00Z,20.202
2026-06-21T23:00:00Z,19.53
2026-06-21T23:30:00Z,19.0575
2026-06-22T00:00:00Z,18.081
2026-06-22T00:30:00Z,18.06
2026-06-22T01:00:00Z,18.6795
2026-06-22T01:30:00Z,17.703
2026-06-22T02:00:00Z,18.102
2026-06-22T02:30:00Z,18.2385
2026-06-22T03:00:00Z,19.3305
2026-06-22T03:30:00Z,18.543
2026-06-22T04:00:00Z,20.307
2026-06-22T04:30:00Z,20.5275
2026-06-22T05:00:00Z,22.05
2026-06-22T05:30:00Z,22.512
2026-06-22T06:00:00Z,19.929
2026-06-22T06:30:00Z,19.8765
2026-06-22T07:00:00Z,17.85
2026-06-22T07:30:00Z,17.367
2026-06-22T08:00:00Z,17.388
2026-06-22T08:30:00Z,16.338
2026-06-22T09:00:00Z,16.9995
2026-06-22T09:30:00Z,16.191
2026-06-22T10:00:00Z,15.9075
2026-06-22T10:30:00Z,15.2985
2026-06-22T11:00:00Z,16.401
2026-06-22T11:30:00Z,15.813
2026-06-22T12:00:00Z,15.0255
2026-06-22T12:30:00Z,15.0885
2026-06-22T13:00:00Z,15.897
2026-06-22T13:30:00Z,16.1175
2026-06-22T14:00:00Z,16.1175
2026-06-22T14:30:00Z,16.4745
2026-06-22T15:00:00Z,31.143
2026-06-22T15:30:00Z,31.1325
2026-06-22T16:00:00Z,37.716
2026-06-22T16:30:00Z,41.433
2026-06-22T17:00:00Z,45.4755
2026-06-22T17:30:00Z,49.4445
2026-06-22T18:00:00Z,38.283
2026-06-22T18:30:00Z,35.5215
2026-06-22T19:00:00Z,35.553
2026-06-22T19:30:00Z,34.692
2026-06-22T20:00:00Z,34.6395
2026-06-22T20:30:00Z,32.8755
2026-06-22T21:00:00Z,28.35
2026-06-22T21:30:00Z,27.1425
2026-06-22T22:00:00Z,23.877
2026-06-22T22:30:00Z,21.8505
2026-06-22T23:00:00Z,21.042
2026-06-22T23:30:00Z,21.8505
2026-06-23T00:00:00Z,21.3465
2026-06-23T00:30:00Z,20.37
2026-06-23T01:00:00Z,20.349
2026-06-23T01:30:00Z,20.223
2026-06-23T02:00:00Z,22.3545
2026-06-23T02:30:00Z,21.6615
2026-06-23T03:00:00Z,20.307
2026-06-23T03:30:00Z,19.887
2026-06-23T04:00:00Z,21.189
2026-06-23T04:30:00Z,21.798
2026-06-23T05:00:00Z,23.1735
2026-06-23T05:30:00Z,24.885
2026-06-23T06:00:00Z,21.8505
2026-06-23T06:30:00Z,23.2575
2026-06-23T07:00:00Z,19.425
2026-06-23T07:30:00Z,18.543
2026-06-23T08:00:00Z,15.897
2026-06-23T08:30:00Z,16.1175
2026-06-23T09:00:00Z,16.1595
2026-06-23T09:30:00Z,17.22
2026-06-23T10:00:00Z,16.695
2026-06-23T10:30:00Z,15.939
2026-06-23T11:00:00Z,16.338
2026-06-23T11:30:00Z,16.1595
2026-06-23T12:00:00Z,15.939
2026-06-23T12:30:00Z,15.939
2026-06-23T13:00:00Z,15.939
2026-06-23T13:30:00Z,15.939
2026-06-23T14:00:00Z,17.22
2026-06-23T14:30:00Z,17.5455
2026-06-23T15:00:00Z,34.818
2026-06-23T15:30:00Z,34.4505
2026-06-23T16:00:00Z,42.294
2026-06-23T16:30:00Z,47.2395
2026-06-23T17:00:00Z,55.44
2026-06-23T17:30:00Z,60.9105
2026-06-23T18:00:00Z,51.8385
2026-06-23T18:30:00Z,52.479
2026-06-23T19:00:00Z,51.744
2026-06-23T19:30:00Z,52.941
2026-06-23T20:00:00Z,48.531
2026-06-23T20:30:00Z,45.2235
2026-06-23T21:00:00Z,40.362
2026-06-23T21:30:00Z,37.002
2026-06-23T22:00:00Z,27.699
2026-06-23T22:30:00Z,25.473
2026-06-23T23:00:00Z,23.478
2026-06-23T23:30:00Z,23.31
2026-06-24T00:00:00Z,21.987
2026-06-24T00:30:00Z,22.596
2026-06-24T01:00:00Z,21.3675
2026-06-24T01:30:00Z,21.273
2026-06-24T02:00:00Z,21.3675
2026-06-24T02:30:00Z,21.5565
2026-06-24T03:00:00Z,21.546
2026-06-24T03:30:00Z,21.8505
2026-06-24T04:00:00Z,22.995
2026-06-24T04:30:00Z,23.31
2026-06-24T05:00:00Z,25.095
2026-06-24T05:30:00Z,27.1635
2026-06-24T06:00:00Z,24.486
2026-06-24T06:30:00Z,25.536
2026-06-24T07:00:00Z,20.244
2026-06-24T07:30:00Z,19.299
2026-06-24T08:00:00Z,20.307
2026-06-24T08:30:00Z,19.425
2026-06-24T09:00:00Z,16.107
2026-06-24T09:30:00Z,16.5585
2026-06-24T10:00:00Z,15.2355
2026-06-24T10:30:00Z,15.2355
2026-06-24T11:00:00Z,15.2355
2026-06-24T11:30:00Z,15.2355
2026-06-24T12:00:00Z,15.2355
2026-06-24T12:30:00Z,14.7945
2026-06-24T13:00:00Z,15.2355
2026-06-24T13:30:00Z,15.2355
2026-06-24T14:00:00Z,18.207
2026-06-24T14:30:00Z,17.2305
2026-06-24T15:00:00Z,32.025
2026-06-24T15:30:00Z,34.587
2026-06-24T16:00:00Z,44.856
2026-06-24T16:30:00Z,52.9725
2026-06-24T17:00:00Z,75.243
2026-06-24T17:30:00Z,79.38
2026-06-24T18:00:00Z,76.23
2026-06-24T18:30:00Z,73.731
2026-06-24T19:00:00Z,77.0175
2026-06-24T19:30:00Z,77.8785
2026-06-24T20:00:00Z,80.5035
2026-06-24T20:30:00Z,77.8575
2026-06-24T21:00:00Z,51.618
2026-06-24T21:30:00Z,48.0375
2026-06-24T22:00:00Z,30.891
2026-06-24T22:30:00Z,27.1425
2026-06-24T23:00:00Z,26.0715
2026-06-24T23:30:00Z,24.7065
2026-06-25T00:00:00Z,22.617
2026-06-25T00:30:00Z,22.071
2026-06-25T01:00:00Z,21.8295
2026-06-25T01:30:00Z,20.9685
2026-06-25T02:00:00Z,21.294
2026-06-25T02:30:00Z,20.412
2026-06-25T03:00:00Z,20.937
2026-06-25T03:30:00Z,20.223
2026-06-25T04:00:00Z,20.4015
2026-06-25T04:30:00Z,20.643
2026-06-25T05:00:00Z,21.105
2026-06-25T05:30:00Z,23.31
2026-06-25T06:00:00Z,18.8055
2026-06-25T06:30:00Z,19.95
2026-06-25T07:00:00Z,17.8815
2026-06-25T07:30:00Z,17.598
2026-06-25T08:00:00Z,16.779
2026-06-25T08:30:00Z,17.997
2026-06-25T09:00:00Z,16.5585
2026-06-25T09:30:00Z,16.023
2026-06-25T10:00:00Z,15.7605
2026-06-25T10:30:00Z,15.3405
2026-06-25T11:00:00Z,15.3405
2026-06-25T11:30:00Z,15.3405
2026-06-25T12:00:00Z,14.8995
2026-06-25T12:30:00Z,14.6895
2026-06-25T13:00:00Z,14.6475
2026-06-25T13:30:00Z,14.3535
2026-06-25T14:00:00Z,14.9415
2026-06-25T14:30:00Z,15.2355
2026-06-25T15:00:00Z,30.4815
2026-06-25T15:30:00Z,30.7965
2026-06-25T16:00:00Z,33.0015
2026-06-25T16:30:00Z,35.9415
2026-06-25T17:00:00Z,45.7065
2026-06-25T17:30:00Z,46.5675
2026-06-25T18:00:00Z,31.9935
2026-06-25T18:30:00Z,33.096
2026-06-25T19:00:00Z,32.2035
2026-06-25T19:30:00Z,31.3845
2026-06-25T20:00:00Z,29.7255
2026-06-25T20:30:00Z,29.3265
2026-06-25T21:00:00Z,23.6145
2026-06-25T21:30:00Z,20.5275
2026-06-25T22:00:00Z,18.2595
2026-06-25T22:30:00Z,18.396
2026-06-25T23:00:00Z,18.186
2026-06-25T23:30:00Z,17.304
2026-06-26T00:00:00Z,17.724
2026-06-26T00:30:00Z,18.291
2026-06-26T01:00:00Z,18.543
2026-06-26T01:30:00Z,18.543
2026-06-26T02:00:00Z,18.8265
2026-06-26T02:30:00Z,18.8895
2026-06-26T03:00:00Z,20.391
2026-06-26T03:30:00Z,20.391
2026-06-26T04:00:00Z,21.1575
2026-06-26T04:30:00Z,22.1445
2026-06-26T05:00:00Z,21.567
2026-06-26T05:30:00Z,23.814
2026-06-26T06:00:00Z,21.189
2026-06-26T06:30:00Z,24.129
2026-06-26T07:00:00Z,17.8395
2026-06-26T07:30:00Z,17.8815
2026-06-26T08:00:00Z,17.178
2026-06-26T08:30:00Z,17.22
2026-06-26T09:00:00Z,16.5585
2026-06-26T09:30:00Z,15.9285
2026-06-26T10:00:00Z,15.708
2026-06-26T10:30:00Z,15.141
2026-06-26T11:00:00Z,15.057
2026-06-26T11:30:00Z,15.057
2026-06-26T12:00:00Z,14.9205
2026-06-26T12:30:00Z,13.692
2026-06-26T13:00:00Z,14.469
2026-06-26T13:30:00Z,14.133
2026-06-26T14:00:00Z,16.0335
2026-06-26T14:30:00Z,15.2985
2026-06-26T15:00:00Z,30.87
2026-06-26T15:30:00Z,31.143
2026-06-26T16:00:00Z,36.2565
2026-06-26T16:30:00Z,39.2805
2026-06-26T17:00:00Z,56.1225
2026-06-26T17:30:00Z,55.8495
2026-06-26T18:00:00Z,44.31
2026-06-26T18:30:00Z,43.7115
2026-06-26T19:00:00Z,42.672
2026-06-26T19:30:00Z,40.9185
2026-06-26T20:00:00Z,40.32
2026-06-26T20:30:00Z,35.301
2026-06-26T21:00:00Z,28.4655
2026-06-26T21:30:00Z,28.6125
2026-06-26T22:00:00Z,21.756
2026-06-26T22:30:00Z,21.084
2026-06-26T23:00:00Z,20.37
2026-06-26T23:30:00Z,19.6245
2026-06-27T00:00:00Z,19.0575
2026-06-27T00:30:00Z,18.06
2026-06-27T01:00:00Z,18.501
2026-06-27T01:30:00Z,18.102
2026-06-27T02:00:00Z,18.753
2026-06-27T02:30:00Z,17.619
2026-06-27T03:00:00Z,17.1045
2026-06-27T03:30:00Z,17.703
2026-06-27T04:00:00Z,17.9445
2026-06-27T04:30:00Z,17.4825
2026-06-27T05:00:00Z,17.094
2026-06-27T05:30:00Z,18.207
2026-06-27T06:00:00Z,15.456
2026-06-27T06:30:00Z,15.456
2026-06-27T07:00:00Z,11.487
2026-06-27T07:30:00Z,9.9435
2026-06-27T08:00:00Z,6.153
2026-06-27T08:30:00Z,1.911
2026-06-27T09:00:00Z,2.793
2026-06-27T09:30:00Z,2.016
2026-06-27T10:00:00Z,-0.0525
2026-06-27T10:30:00Z,-0.756
2026-06-27T11:00:00Z,-0.1995
2026-06-27T11:30:00Z,-0.9975
2026-06-27T12:00:00Z,-0.3255
2026-06-27T12:30:00Z,-1.302
2026-06-27T13:00:00Z,0.021
2026-06-27T13:30:00Z,0.2415
2026-06-27T14:00:00Z,6.4155
2026-06-27T14:30:00Z,6.3315
2026-06-27T15:00:00Z,25.6305
2026-06-27T15:30:00Z,25.6305
2026-06-27T16:00:00Z,29.967
2026-06-27T16:30:00Z,30.66
2026-06-27T17:00:00Z,33.1275
2026-06-27T17:30:00Z,33.789
2026-06-27T18:00:00Z,21.651
2026-06-27T18:30:00Z,22.1865
2026-06-27T19:00:00Z,22.911
2026-06-27T19:30:00Z,23.0265
2026-06-27T20:00:00Z,22.8585
2026-06-27T20:30:00Z,22.512
2026-06-27T21:00:00Z,22.071
2026-06-27T21:30:00Z,22.218
2026-06-27T22:00:00Z,18.9105
2026-06-27T22:30:00Z,19.6245
2026-06-27T23:00:00Z,19.2885
2026-06-27T23:30:00Z,19.2885
2026-06-28T00:00:00Z,18.0705
2026-06-28T00:30:00Z,19.6245
2026-06-28T01:00:00Z,20.328
2026-06-28T01:30:00Z,19.1625
2026-06-28T02:00:00Z,19.4565
2026-06-28T02:30:00Z,18.165
2026-06-28T03:00:00Z,17.451
2026-06-28T03:30:00Z,17.934
2026-06-28T04:00:00Z,16.9995
2026-06-28T04:30:00Z,17.661
2026-06-28T05:00:00Z,16.485
2026-06-28T05:30:00Z,14.826
2026-06-28T06:00:00Z,11.0985
2026-06-28T06:30:00Z,10.2375
2026-06-28T07:00:00Z,4.2945
2026-06-28T07:30:00Z,4.7985
2026-06-28T08:00:00Z,0.861
2026-06-28T08:30:00Z,-1.008
2026-06-28T09:00:00Z,-1.8375
2026-06-28T09:30:00Z,-2.6145
2026-06-28T10:00:00Z,-2.121
2026-06-28T10:30:00Z,-3.7905
2026-06-28T11:00:00Z,-2.52
2026-06-28T11:30:00Z,-3.3285
2026-06-28T12:00:00Z,-2.4465
2026-06-28T12:30:00Z,-3.2655
2026-06-28T13:00:00Z,-4.1475
2026-06-28T13:30:00Z,-5.376
2026-06-28T14:00:00Z,-1.4175
2026-06-28T14:30:00Z,-1.3755
2026-06-28T15:00:00Z,19.9185
2026-06-28T15:30:00Z,21.9975
2026-06-28T16:00:00Z,28.4025
2026-06-28T16:30:00Z,28.4025
2026-06-28T17:00:00Z,32.3715
2026-06-28T17:30:00Z,31.773
2026-06-28T18:00:00Z,19.7085
2026-06-28T18:30:00Z,20.5905
2026-06-28T19:00:00Z,21.294
2026-06-28T19:30:00Z,22.071
2026-06-28T20:00:00Z,21.9555
2026-06-28T20:30:00Z,22.2495
2026-06-28T21:00:00Z,21.588
2026-06-28T21:30:00Z,21.1785
2026-06-28T22:00:00Z,19.6245
2026-06-28T22:30:00Z,19.362
2026-06-28T23:00:00Z,18.0705
2026-06-28T23:30:00Z,17.1885
2026-06-29T00:00:00Z,16.5165
2026-06-29T00:30:00Z,16.1595
2026-06-29T01:00:00Z,16.5585
2026-06-29T01:30:00Z,16.233
2026-06-29T02:00:00Z,16.422
2026-06-29T02:30:00Z,16.254
2026-06-29T03:00:00Z,16.3485
2026-06-29T03:30:00Z,16.1595
2026-06-29T04:00:00Z,17.283
2026-06-29T04:30:00Z,17.661
2026-06-29T05:00:00Z,20.2125
2026-06-29T05:30:00Z,21.8295
2026-06-29T06:00:00Z,18.774
2026-06-29T06:30:00Z,20.475
2026-06-29T07:00:00Z,18.144
2026-06-29T07:30:00Z,17.661
2026-06-29T08:00:00Z,18.207
2026-06-29T08:30:00Z,17.7135
2026-06-29T09:00:00Z,15.75
2026-06-29T09:30:00Z,15.876
2026-06-29T10:00:00Z,14.868
2026-06-29T10:30:00Z,14.5635
2026-06-29T11:00:00Z,14.574
2026-06-29T11:30:00Z,14.469
2026-06-29T12:00:00Z,14.574
2026-06-29T12:30:00Z,14.784
2026-06-29T13:00:00Z,16.359
2026-06-29T13:30:00Z,16.6005
2026-06-29T14:00:00Z,17.4195
2026-06-29T14:30:00Z,17.4615
2026-06-29T15:00:00Z,31.983
2026-06-29T15:30:00Z,30.66
2026-06-29T16:00:00Z,34.587
2026-06-29T16:30:00Z,35.658
2026-06-29T17:00:00Z,44.5935
2026-06-29T17:30:00Z,45.0345
2026-06-29T18:00:00Z,33.495
2026-06-29T18:30:00Z,33.978
2026-06-29T19:00:00Z,32.0355
2026-06-29T19:30:00Z,31.3215
2026-06-29T20:00:00Z,31.437
2026-06-29T20:30:00Z,29.232
2026-06-29T21:00:00Z,25.3365
2026-06-29T21:30:00Z,23.2785
2026-06-29T22:00:00Z,17.7975
2026-06-29T22:30:00Z,17.0835
2026-06-29T23:00:00Z,16.338
2026-06-29T23:30:00Z,17.493
2026-06-30T00:00:00Z,17.619
2026-06-30T00:30:00Z,17.472
2026-06-30T01:00:00Z,17.283
2026-06-30T01:30:00Z,16.401
2026-06-30T02:00:00Z,16.338
2026-06-30T02:30:00Z,16.338
2026-06-30T03:00:00Z,17.283
2026-06-30T03:30:00Z,17.1675
2026-06-30T04:00:00Z,18.7845
2026-06-30T04:30:00Z,18.3015
2026-06-30T05:00:00Z,18.417
2026-06-30T05:30:00Z,21.9765
2026-06-30T06:00:00Z,23.1525
2026-06-30T06:30:00Z,24.6855
2026-06-30T07:00:00Z,21.231
2026-06-30T07:30:00Z,19.7295
2026-06-30T08:00:00Z,18.3225
2026-06-30T08:30:00Z,18.5325
2026-06-30T09:00:00Z,16.6005
2026-06-30T09:30:00Z,15.897
2026-06-30T10:00:00Z,15.3615
2026-06-30T10:30:00Z,15.54
2026-06-30T11:00:00Z,15.225
2026-06-30T11:30:00Z,15.2355
2026-06-30T12:00:00Z,15.54
2026-06-30T12:30:00Z,15.54
2026-06-30T13:00:00Z,15.897
2026-06-30T13:30:00Z,16.38
2026-06-30T14:00:00Z,19.152
2026-06-30T14:30:00Z,20.622
2026-06-30T15:00:00Z,35.931
2026-06-30T15:30:00Z,36.7185
2026-06-30T16:00:00Z,41.0025
2026-06-30T16:30:00Z,44.373
2026-06-30T17:00:00Z,47.6805
2026-06-30T17:30:00Z,50.0955
2026-06-30T18:00:00Z,36.183
2026-06-30T18:30:00Z,36.2985
2026-06-30T19:00:00Z,36.414
2026-06-30T19:30:00Z,35.9205
2026-06-30T20:00:00Z,36.183
2026-06-30T20:30:00Z,34.44
2026-06-30T21:00:00Z,30.6705
2026-06-30T21:30:00Z,28.3395
2026-06-30T22:00:00Z,22.2075
2026-06-30T22:30:00Z,21.8715
2026-06-30T23:00:00Z,21.7455
2026-06-30T23:30:00Z,20.622
2026-07-01T00:00:00Z,20.937
2026-07-01T00:30:00Z,21.2625
2026-07-01T01:00:00Z,21.6825
2026-07-01T01:30:00Z,20.8005
2026-07-01T02:00:00Z,20.3595
2026-07-01T02:30:00Z,20.37
2026-07-01T03:00:00Z,20.664
2026-07-01T03:30:00Z,20.664
2026-07-01T04:00:00Z,20.4015
2026-07-01T04:30:00Z,20.244
2026-07-01T05:00:00Z,23.2785
2026-07-01T05:30:00Z,27.363
2026-07-01T06:00:00Z,26.691
2026-07-01T06:30:00Z,28.266
2026-07-01T07:00:00Z,24.8745
2026-07-01T07:30:00Z,23.121
2026-07-01T08:00:00Z,20.1495
2026-07-01T08:30:00Z,19.8975
2026-07-01T09:00:00Z,19.215
2026-07-01T09:30:00Z,21.4095
2026-07-01T10:00:00Z,22.2915
2026-07-01T10:30:00Z,21.399
2026-07-01T11:00:00Z,19.3095
2026-07-01T11:30:00Z,17.4825
2026-07-01T12:00:00Z,16.2435
2026-07-01T12:30:00Z,15.9915
2026-07-01T13:00:00Z,15.9285
2026-07-01T13:30:00Z,15.456
2026-07-01T14:00:00Z,14.973
2026-07-01T14:30:00Z,14.973
2026-07-01T15:00:00Z,28.938
2026-07-01T15:30:00Z,28.6755
2026-07-01T16:00:00Z,31.9305
2026-07-01T16:30:00Z,33.1485
2026-07-01T17:00:00Z,33.306
2026-07-01T17:30:00Z,33.0645
2026-07-01T18:00:00Z,22.911
2026-07-01T18:30:00Z,22.953
2026-07-01T19:00:00Z,21.714
2026-07-01T19:30:00Z,20.307
2026-07-01T20:00:00Z,21.609
2026-07-01T20:30:00Z,18.165
2026-07-01T21:00:00Z,17.682
2026-07-01T21:30:00Z,17.22
2026-07-01T22:00:00Z,15.603
2026-07-01T22:30:00Z,12.978
2026-07-01T23:00:00Z,13.4085
2026-07-01T23:30:00Z,11.4345
2026-07-02T00:00:00Z,10.059
2026-07-02T00:30:00Z,8.4
2026-07-02T01:00:00Z,8.3475
2026-07-02T01:30:00Z,6.0585
2026-07-02T02:00:00Z,5.313
2026-07-02T02:30:00Z,5.712
2026-07-02T03:00:00Z,7.455
2026-07-02T03:30:00Z,6.783
2026-07-02T04:00:00Z,7.9485
2026-07-02T04:30:00Z,7.518
2026-07-02T05:00:00Z,8.904
2026-07-02T05:30:00Z,9.681
2026-07-02T06:00:00Z,3.7275
2026-07-02T06:30:00Z,5.1345
2026-07-02T07:00:00Z,0.0735
2026-07-02T07:30:00Z,-1.9635
2026-07-02T08:00:00Z,-1.5225
2026-07-02T08:30:00Z,-4.011
2026-07-02T09:00:00Z,-2.4675
2026-07-02T09:30:00Z,-3.297
2026-07-02T10:00:00Z,-4.389
2026-07-02T10:30:00Z,-4.3785
2026-07-02T11:00:00Z,-4.431
2026-07-02T11:30:00Z,-4.2525
2026-07-02T12:00:00Z,-3.4755
2026-07-02T12:30:00Z,-3.7275
2026-07-02T13:00:00Z,-4.263
2026-07-02T13:30:00Z,-3.4545
2026-07-02T14:00:00Z,-4.431
2026-07-02T14:30:00Z,-3.066
2026-07-02T15:00:00Z,6.888
2026-07-02T15:30:00Z,12.4005
2026-07-02T16:00:00Z,18.8685
2026-07-02T16:30:00Z,24.0555
2026-07-02T17:00:00Z,28.056
2026-07-02T17:30:00Z,27.069
2026-07-02T18:00:00Z,19.152
2026-07-02T18:30:00Z,21.189
2026-07-02T19:00:00Z,22.386
2026-07-02T19:30:00Z,22.323
2026-07-02T20:00:00Z,22.575
2026-07-02T20:30:00Z,23.205
2026-07-02T21:00:00Z,21.189
2026-07-02T21:30:00Z,18.543
2026-07-02T22:00:00Z,18.921
2026-07-02T22:30:00Z,18.165
2026-07-02T23:00:00Z,16.947
2026-07-02T23:30:00Z,17.367
2026-07-03T00:00:00Z,16.338
2026-07-03T00:30:00Z,16.5165
2026-07-03T01:00:00Z,15.8235
2026-07-03T01:30:00Z,15.7605
2026-07-03T02:00:00Z,15.771
2026-07-03T02:30:00Z,15.5085
2026-07-03T03:00:00Z,15.792
2026-07-03T03:30:00Z,15.3405
2026-07-03T04:00:00Z,16.842
2026-07-03T04:30:00Z,16.842
2026-07-03T05:00:00Z,18.5535
2026-07-03T05:30:00Z,21.714
2026-07-03T06:00:00Z,21.4725
2026-07-03T06:30:00Z,21.84
2026-07-03T07:00:00Z,21.966
2026-07-03T07:30:00Z,19.761
2026-07-03T08:00:00Z,19.131
2026-07-03T08:30:00Z,18.1125
2026-07-03T09:00:00Z,17.661
2026-07-03T09:30:00Z,16.002
2026-07-03T10:00:00Z,13.0305
2026-07-03T10:30:00Z,11.928
2026-07-03T11:00:00Z,12.474
2026-07-03T11:30:00Z,11.928
2026-07-03T12:00:00Z,11.928
2026-07-03T12:30:00Z,11.4765
2026-07-03T13:00:00Z,12.81
2026-07-03T13:30:00Z,11.949
2026-07-03T14:00:00Z,11.844
2026-07-03T14:30:00Z,11.928
2026-07-03T15:00:00Z,26.9535
2026-07-03T15:30:00Z,29.841
2026-07-03T16:00:00Z,31.3635
2026-07-03T16:30:00Z,32.5395
2026-07-03T17:00:00Z,32.025
2026-07-03T17:30:00Z,32.466
2026-07-03T18:00:00Z,22.3545
2026-07-03T18:30:00Z,22.68
2026-07-03T19:00:00Z,23.2785
2026-07-03T19:30:00Z,22.9215
2026-07-03T20:00:00Z,22.932
2026-07-03T20:30:00Z,22.722
2026-07-03T21:00:00Z,21.6195
2026-07-03T21:30:00Z,19.824
2026-07-03T22:00:00Z,20.118
2026-07-03T22:30:00Z,20.1075
2026-07-03T23:00:00Z,20.5485
2026-07-03T23:30:00Z,20.118
2026-07-04T00:00:00Z,19.4565
2026-07-04T00:30:00Z,18.8055
2026-07-04T01:00:00Z,17.22
2026-07-04T01:30:00Z,14.7735
2026-07-04T02:00:00Z,13.776
2026-07-04T02:30:00Z,11.3505
2026-07-04T03:00:00Z,10.5315
2026-07-04T03:30:00Z,8.5785
2026-07-04T04:00:00Z,7.5915
2026-07-04T04:30:00Z,6.4365
2026-07-04T05:00:00Z,8.064
2026-07-04T05:30:00Z,8.043
2026-07-04T06:00:00Z,-0.9765
2026-07-04T06:30:00Z,1.0185
2026-07-04T07:00:00Z,-1.197
2026-07-04T07:30:00Z,-2.289
2026-07-04T08:00:00Z,-1.974
2026-07-04T08:30:00Z,-2.8245
2026-07-04T09:00:00Z,-2.625
2026-07-04T09:30:00Z,-3.318
2026-07-04T10:00:00Z,-2.8035
2026-07-04T10:30:00Z,-4.0215
2026-07-04T11:00:00Z,-4.1685
2026-07-04T11:30:00Z,-4.3785
2026-07-04T12:00:00Z,-4.1685
2026-07-04T12:30:00Z,-5.313
2026-07-04T13:00:00Z,-3.8115
2026-07-04T13:30:00Z,-3.7275
2026-07-04T14:00:00Z,-3.6645
2026-07-04T14:30:00Z,-2.9085
2026-07-04T15:00:00Z,9.6075
2026-07-04T15:30:00Z,12.6
2026-07-04T16:00:00Z,17.2515
2026-07-04T16:30:00Z,23.4255
2026-07-04T17:00:00Z,26.7435
2026-07-04T17:30:00Z,29.8725
2026-07-04T18:00:00Z,20.4855
2026-07-04T18:30:00Z,20.832
2026-07-04T19:00:00Z,20.307
2026-07-04T19:30:00Z,21.189
2026-07-04T20:00:00Z,20.58
2026-07-04T20:30:00Z,21.483
2026-07-04T21:00:00Z,21.189
2026-07-04T21:30:00Z,19.8765
2026-07-04T22:00:00Z,22.5855
2026-07-04T22:30:00Z,21.63
2026-07-04T23:00:00Z,17.409
2026-07-04T23:30:00Z,16.9575
2026-07-05T00:00:00Z,17.3775
2026-07-05T00:30:00Z,17.6505
2026-07-05T01:00:00Z,16.548
2026-07-05T01:30:00Z,15.2985
2026-07-05T02:00:00Z,15.2985
2026-07-05T02:30:00Z,14.931
2026-07-05T03:00:00Z,14.784
2026-07-05T03:30:00Z,14.553
2026-07-05T04:00:00Z,14.175
2026-07-05T04:30:00Z,13.062
2026-07-05T05:00:00Z,11.928
2026-07-05T05:30:00Z,11.7075
2026-07-05T06:00:00Z,9.1875
2026-07-05T06:30:00Z,11.046
2026-07-05T07:00:00Z,11.991
2026-07-05T07:30:00Z,14.07
2026-07-05T08:00:00Z,14.7735
2026-07-05T08:30:00Z,14.931
2026-07-05T09:00:00Z,15.2355
2026-07-05T09:30:00Z,15.2985
2026-07-05T10:00:00Z,15.2775
2026-07-05T10:30:00Z,14.0175
2026-07-05T11:00:00Z,13.251
2026-07-05T11:30:00Z,11.3925
2026-07-05T12:00:00Z,10.248
2026-07-05T12:30:00Z,9.4815
2026-07-05T13:00:00Z,9.9435
2026-07-05T13:30:00Z,9.5025
2026-07-05T14:00:00Z,9.828
2026-07-05T14:30:00Z,10.689
2026-07-05T15:00:00Z,23.9505
2026-07-05T15:30:00Z,24.9165
2026-07-05T16:00:00Z,29.4735
2026-07-05T16:30:00Z,31.143
2026-07-05T17:00:00Z,34.4085
2026-07-05T17:30:00Z,34.1985
2026-07-05T18:00:00Z,23.6985
2026-07-05T18:30:00Z,24.0555
2026-07-05T19:00:00Z,23.9295
2026-07-05T19:30:00Z,23.4885
2026-07-05T20:00:00Z,22.743
2026-07-05T20:30:00Z,22.2915
2026-07-05T21:00:00Z,22.3755
2026-07-05T21:30:00Z,20.748
2026-07-05T22:00:00Z,22.1445
2026-07-05T22:30:00Z,21.042
2026-07-05T23:00:00Z,21.609
2026-07-05T23:30:00Z,20.244
2026-07-06T00:00:00Z,17.7555
2026-07-06T00:30:00Z,17.7975
2026-07-06T01:00:00Z,18.207
2026-07-06T01:30:00Z,17.787
2026-07-06T02:00:00Z,18.0705
2026-07-06T02:30:00Z,16.9575
2026-07-06T03:00:00Z,19.2255
2026-07-06T03:30:00Z,19.1835
2026-07-06T04:00:00Z,22.848
2026-07-06T04:30:00Z,22.701
2026-07-06T05:00:00Z,21.2835
2026-07-06T05:30:00Z,22.8165
2026-07-06T06:00:00Z,21.7245
2026-07-06T06:30:00Z,21.9765
2026-07-06T07:00:00Z,20.1495
2026-07-06T07:30:00Z,17.031
2026-07-06T08:00:00Z,16.0335
2026-07-06T08:30:00Z,13.251
2026-07-06T09:00:00Z,10.2585
2026-07-06T09:30:00Z,9.324
2026-07-06T10:00:00Z,5.817
2026-07-06T10:30:00Z,4.851
2026-07-06T11:00:00Z,1.974
2026-07-06T11:30:00Z,3.3075
2026-07-06T12:00:00Z,1.1235
2026-07-06T12:30:00Z,2.4465
2026-07-06T13:00:00Z,3.8745
2026-07-06T13:30:00Z,3.528
2026-07-06T14:00:00Z,4.6935
2026-07-06T14:30:00Z,7.119
2026-07-06T15:00:00Z,25.851
2026-07-06T15:30:00Z,25.1475
2026-07-06T16:00:00Z,28.7175
2026-07-06T16:30:00Z,30.576
2026-07-06T17:00:00Z,31.983
2026-07-06T17:30:00Z,32.214
2026-07-06T18:00:00Z,22.953
2026-07-06T18:30:00Z,22.7955
2026-07-06T19:00:00Z,23.1735
2026-07-06T19:30:00Z,23.1735
2026-07-06T20:00:00Z,23.016
2026-07-06T20:30:00Z,22.953
2026-07-06T21:00:00Z,22.1865
2026-07-06T21:30:00Z,19.3095
2026-07-06T22:00:00Z,18.984
2026-07-06T22:30:00Z,20.454
2026-07-06T23:00:00Z,20.139
2026-07-06T23:30:00Z,19.698
2026-07-07T00:00:00Z,16.9785
2026-07-07T00:30:00Z,16.779
2026-07-07T01:00:00Z,16.758
2026-07-07T01:30:00Z,16.17
2026-07-07T02:00:00Z,16.821
2026-07-07T02:30:00Z,16.7685
2026-07-07T03:00:00Z,15.9705
2026-07-07T03:30:00Z,15.813
2026-07-07T04:00:00Z,17.052
2026-07-07T04:30:00Z,17.1465
2026-07-07T05:00:00Z,18.984
2026-07-07T05:30:00Z,21.5775
2026-07-07T06:00:00Z,20.748
2026-07-07T06:30:00Z,20.874
2026-07-07T07:00:00Z,23.226
2026-07-07T07:30:00Z,19.866
2026-07-07T08:00:00Z,19.2045
2026-07-07T08:30:00Z,17.304
2026-07-07T09:00:00Z,16.233
2026-07-07T09:30:00Z,15.414
2026-07-07T10:00:00Z,14.3535
2026-07-07T10:30:00Z,15.456
2026-07-07T11:00:00Z,14.133
2026-07-07T11:30:00Z,15.5505
2026-07-07T12:00:00Z,14.574
2026-07-07T12:30:00Z,14.133
2026-07-07T13:00:00Z,14.133
2026-07-07T13:30:00Z,14.7945
2026-07-07T14:00:00Z,16.884
2026-07-07T14:30:00Z,17.619
2026-07-07T15:00:00Z,31.3635
2026-07-07T15:30:00Z,30.849
2026-07-07T16:00:00Z,30.702
2026-07-07T16:30:00Z,31.206
2026-07-07T17:00:00Z,32.6865
2026-07-07T17:30:00Z,33.348
2026-07-07T18:00:00Z,24.9375
2026-07-07T18:30:00Z,24.717
2026-07-07T19:00:00Z,25.8195
2026-07-07T19:30:00Z,24.6435
2026-07-07T20:00:00Z,24.6435
2026-07-07T20:30:00Z,24.6435
2026-07-07T21:00:00Z,25.158
2026-07-07T21:30:00Z,22.869
2026-07-07T22:00:00Z,21.7245
2026-07-07T22:30:00Z,21.84
2026-07-07T23:00:00Z,21.63
2026-07-07T23:30:00Z,21.63
2026-07-08T00:00:00Z,19.152
2026-07-08T00:30:00Z,20.139
2026-07-08T01:00:00Z,20.328
2026-07-08T01:30:00Z,18.564
2026-07-08T02:00:00Z,17.682
2026-07-08T02:30:00Z,18.3225
2026-07-08T03:00:00Z,17.661
2026-07-08T03:30:00Z,17.8395
2026-07-08T04:00:00Z,18.669
2026-07-08T04:30:00Z,19.1835
2026-07-08T05:00:00Z,21.7665
2026-07-08T05:30:00Z,23.1735
2026-07-08T06:00:00Z,21.8505
2026-07-08T06:30:00Z,22.071
2026-07-08T07:00:00Z,21.8505
2026-07-08T07:30:00Z,20.5275
2026-07-08T08:00:00Z,21.0105
2026-07-08T08:30:00Z,18.3225
2026-07-08T09:00:00Z,18.06
2026-07-08T09:30:00Z,17.6085
2026-07-08T10:00:00Z,16.779
2026-07-08T10:30:00Z,16.296
2026-07-08T11:00:00Z,16.926
2026-07-08T11:30:00Z,16.9575
2026-07-08T12:00:00Z,17.6085
2026-07-08T12:30:00Z,17.2095
2026-07-08T13:00:00Z,16.947
2026-07-08T13:30:00Z,16.947
2026-07-08T14:00:00Z,15.561
2026-07-08T14:30:00Z,17.1675
2026-07-08T15:00:00Z,31.584
2026-07-08T15:30:00Z,31.3635
2026-07-08T16:00:00Z,31.101
2026-07-08T16:30:00Z,34.104
2026-07-08T17:00:00Z,34.8915
2026-07-08T17:30:00Z,38.1465
2026-07-08T18:00:00Z,27.804
2026-07-08T18:30:00Z,28.6125
2026-07-08T19:00:00Z,30.324
2026-07-08T19:30:00Z,30.5025
2026-07-08T20:00:00Z,29.8725
2026-07-08T20:30:00Z,29.568
2026-07-08T21:00:00Z,28.0245
2026-07-08T21:30:00Z,25.494
2026-07-08T22:00:00Z,23.394
2026-07-08T22:30:00Z,22.764
2026-07-08T23:00:00Z,21.9345
2026-07-08T23:30:00Z,21.735
2026-07-09T00:00:00Z,21.5775
2026-07-09T00:30:00Z,21.5565
2026-07-09T01:00:00Z,21.2835
2026-07-09T01:30:00Z,21.21
2026-07-09T02:00:00Z,21.63
2026-07-09T02:30:00Z,21.5565
2026-07-09T03:00:00Z,22.512
2026-07-09T03:30:00Z,21.924
2026-07-09T04:00:00Z,23.1
2026-07-09T04:30:00Z,22.6485
2026-07-09T05:00:00Z,25.284
2026-07-09T05:30:00Z,26.166
2026-07-09T06:00:00Z,23.037
2026-07-09T06:30:00Z,23.0685
2026-07-09T07:00:00Z,21.8505
2026-07-09T07:30:00Z,20.391
2026-07-09T08:00:00Z,19.866
2026-07-09T08:30:00Z,21.4095
2026-07-09T09:00:00Z,20.748
2026-07-09T09:30:00Z,18.984
2026-07-09T10:00:00Z,17.661
2026-07-09T10:30:00Z,17.703
2026-07-09T11:00:00Z,17.661
2026-07-09T11:30:00Z,17.661
2026-07-09T12:00:00Z,17.661
2026-07-09T12:30:00Z,17.43
2026-07-09T13:00:00Z,17.199
2026-07-09T13:30:00Z,16.779
2026-07-09T14:00:00Z,15.6765
2026-07-09T14:30:00Z,17.22
2026-07-09T15:00:00Z,30.261
2026-07-09T15:30:00Z,27.8775
2026-07-09T16:00:00Z,35.4165
2026-07-09T16:30:00Z,35.3535
2026-07-09T17:00:00Z,42.945
2026-07-09T17:30:00Z,43.2705
2026-07-09T18:00:00Z,41.1915
2026-07-09T18:30:00Z,40.593
2026-07-09T19:00:00Z,40.593
2026-07-09T19:30:00Z,40.593
2026-07-09T20:00:00Z,37.065
2026-07-09T20:30:00Z,35.742
2026-07-09T21:00:00Z,31.1955
2026-07-09T21:30:00Z,27.804
2026-07-09T22:00:00Z,25.977
2026-07-09T22:30:00Z,24.7485
2026-07-09T23:00:00Z,22.9635
2026-07-09T23:30:00Z,24.2865
2026-07-10T00:00:00Z,22.2915
2026-07-10T00:30:00Z,22.638
2026-07-10T01:00:00Z,22.281
2026-07-10T01:30:00Z,20.9895
2026-07-10T02:00:00Z,20.8845
2026-07-10T02:30:00Z,19.656
2026-07-10T03:00:00Z,22.4175
2026-07-10T03:30:00Z,21.2205
2026-07-10T04:00:00Z,24.7275
2026-07-10T04:30:00Z,24.675
2026-07-10T05:00:00Z,23.0055
2026-07-10T05:30:00Z,24.486
2026-07-10T06:00:00Z,22.5225
2026-07-10T06:30:00Z,22.7955
2026-07-10T07:00:00Z,19.719
2026-07-10T07:30:00Z,18.648
2026-07-10T08:00:00Z,18.648
2026-07-10T08:30:00Z,19.068
2026-07-10T09:00:00Z,19.866
2026-07-10T09:30:00Z,19.866
2026-07-10T10:00:00Z,18.648
2026-07-10T10:30:00Z,18.648
2026-07-10T11:00:00Z,18.648
2026-07-10T11:30:00Z,18.3015
2026-07-10T12:00:00Z,18.102
2026-07-10T12:30:00Z,18.312
2026-07-10T13:00:00Z,18.102
2026-07-10T13:30:00Z,18.102
2026-07-10T14:00:00Z,18.102
2026-07-10T14:30:00Z,18.3225
2026-07-10T15:00:00Z,32.7285
2026-07-10T15:30:00Z,32.991
2026-07-10T16:00:00Z,33.831
2026-07-10T16:30:00Z,34.4505
2026-07-10T17:00:00Z,37.317
2026-07-10T17:30:00Z,38.976
2026-07-10T18:00:00Z,28.35
2026-07-10T18:30:00Z,28.8225
2026-07-10T19:00:00Z,29.484
2026-07-10T19:30:00Z,29.463
2026-07-10T20:00:00Z,28.749
2026-07-10T20:30:00Z,28.5285
2026-07-10T21:00:00Z,27.615
2026-07-10T21:30:00Z,25.8405
2026-07-10T22:00:00Z,23.751
2026-07-10T22:30:00Z,24.717
2026-07-10T23:00:00Z,24.9795
2026-07-10T23:30:00Z,24.654
2026-07-11T00:00:00Z,23.9295
2026-07-11T00:30:00Z,23.7405
2026-07-11T01:00:00Z,23.94
2026-07-11T01:30:00Z,22.407
2026-07-11T02:00:00Z,21.4095
2026-07-11T02:30:00Z,21.756
2026-07-11T03:00:00Z,21.6825
2026-07-11T03:30:00Z,20.8425
2026-07-11T04:00:00Z,21.105
2026-07-11T04:30:00Z,21.21
2026-07-11T05:00:00Z,18.543
2026-07-11T05:30:00Z,19.215
2026-07-11T06:00:00Z,18.543
2026-07-11T06:30:00Z,20.307
2026-07-11T07:00:00Z,21.693
2026-07-11T07:30:00Z,21.8505
2026-07-11T08:00:00Z,22.953
2026-07-11T08:30:00Z,23.961
2026-07-11T09:00:00Z,21.9135
2026-07-11T09:30:00Z,20.79
2026-07-11T10:00:00Z,18.669
2026-07-11T10:30:00Z,17.4615
2026-07-11T11:00:00Z,17.1885
2026-07-11T11:30:00Z,16.4115
2026-07-11T12:00:00Z,16.0755
2026-07-11T12:30:00Z,15.834
2026-07-11T13:00:00Z,15.855
2026-07-11T13:30:00Z,15.309
2026-07-11T14:00:00Z,15.414
2026-07-11T14:30:00Z,15.792
2026-07-11T15:00:00Z,29.568
2026-07-11T15:30:00Z,29.883
2026-07-11T16:00:00Z,33.075
2026-07-11T16:30:00Z,32.2455
2026-07-11T17:00:00Z,36.6555
2026-07-11T17:30:00Z,38.1675
2026-07-11T18:00:00Z,24.7695
2026-07-11T18:30:00Z,24.759
2026-07-11T19:00:00Z,24.7275
2026-07-11T19:30:00Z,24.6645
2026-07-11T20:00:00Z,23.562
2026-07-11T20:30:00Z,23.478
2026-07-11T21:00:00Z,22.9635
2026-07-11T21:30:00Z,21.735
2026-07-11T22:00:00Z,20.748
2026-07-11T22:30:00Z,21.231
2026-07-11T23:00:00Z,19.425
2026-07-11T23:30:00Z,20.8005
2026-07-12T00:00:00Z,18.543
2026-07-12T00:30:00Z,20.055
2026-07-12T01:00:00Z,20.0865
2026-07-12T01:30:00Z,20.0865
2026-07-12T02:00:00Z,20.223
2026-07-12T02:30:00Z,19.95
2026-07-12T03:00:00Z,19.425
2026-07-12T03:30:00Z,19.4145
2026-07-12T04:00:00Z,20.307
2026-07-12T04:30:00Z,18.06
2026-07-12T05:00:00Z,15.9285
2026-07-12T05:30:00Z,16.779
2026-07-12T06:00:00Z,6.594
2026-07-12T06:30:00Z,5.712
2026-07-12T07:00:00Z,3.3285
2026-07-12T07:30:00Z,1.1235
2026-07-12T08:00:00Z,2.4465
2026-07-12T08:30:00Z,0.903
2026-07-12T09:00:00Z,2.226
2026-07-12T09:30:00Z,-0.1995
2026-07-12T10:00:00Z,-1.302
2026-07-12T10:30:00Z,-2.394
2026-07-12T11:00:00Z,-2.184
2026-07-12T11:30:00Z,-2.184
2026-07-12T12:00:00Z,-2.0055
2026-07-12T12:30:00Z,-2.331
2026-07-12T13:00:00Z,-2.184
2026-07-12T13:30:00Z,-1.386
2026-07-12T14:00:00Z,-0.861
2026-07-12T14:30:00Z,-0.441
2026-07-12T15:00:00Z,13.482
2026-07-12T15:30:00Z,17.661
2026-07-12T16:00:00Z,24.99
2026-07-12T16:30:00Z,25.6305
2026-07-12T17:00:00Z,32.0775
2026-07-12T17:30:00Z,32.907
2026-07-12T18:00:00Z,23.331
2026-07-12T18:30:00Z,23.688
2026-07-12T19:00:00Z,23.394
2026-07-12T19:30:00Z,23.31
2026-07-12T20:00:00Z,23.6355
2026-07-12T20:30:00Z,23.6355
2026-07-12T21:00:00Z,22.7325
2026-07-12T21:30:00Z,21.8505
2026-07-12T22:00:00Z,22.6695
2026-07-12T22:30:00Z,21.9555
2026-07-12T23:00:00Z,20.748
2026-07-12T23:30:00Z,20.0445
2026-07-13T00:00:00Z,18.627
2026-07-13T00:30:00Z,18.732
2026-07-13T01:00:00Z,19.7295
2026-07-13T01:30:00Z,19.341
2026-07-13T02:00:00Z,19.8555
2026-07-13T02:30:00Z,19.887
2026-07-13T03:00:00Z,21.3255
2026-07-13T03:30:00Z,20.307
2026-07-13T04:00:00Z,23.835
2026-07-13T04:30:00Z,24.717
2026-07-13T05:00:00Z,23.3835
2026-07-13T05:30:00Z,25.158
2026-07-13T06:00:00Z,21.8505
2026-07-13T06:30:00Z,23.226
2026-07-13T07:00:00Z,19.761
2026-07-13T07:30:00Z,21.4095
2026-07-13T08:00:00Z,20.5695
2026-07-13T08:30:00Z,17.9235
2026-07-13T09:00:00Z,18.627
2026-07-13T09:30:00Z,16.5795
2026-07-13T10:00:00Z,14.217
2026-07-13T10:30:00Z,13.8285
2026-07-13T11:00:00Z,13.671
2026-07-13T11:30:00Z,13.8705
2026-07-13T12:00:00Z,13.3245
2026-07-13T12:30:00Z,13.4505
2026-07-13T13:00:00Z,14.3535
2026-07-13T13:30:00Z,13.5135
2026-07-13T14:00:00Z,14.574
2026-07-13T14:30:00Z,14.574
2026-07-13T15:00:00Z,30.9225
2026-07-13T15:30:00Z,29.0745
2026-07-13T16:00:00Z,33.3375
2026-07-13T16:30:00Z,34.1145
2026-07-13T17:00:00Z,35.952
2026-07-13T17:30:00Z,37.086
2026-07-13T18:00:00Z,27.636
2026-07-13T18:30:00Z,27.8985
2026-07-13T19:00:00Z,28.875
2026-07-13T19:30:00Z,28.245
2026-07-13T20:00:00Z,28.4865
2026-07-13T20:30:00Z,27.363
2026-07-13T21:00:00Z,25.158
2026-07-13T21:30:00Z,24.213
2026-07-13T22:00:00Z,24.234
2026-07-13T22:30:00Z,23.0265
2026-07-13T23:00:00Z,22.0815
2026-07-13T23:30:00Z,22.0185
2026-07-14T00:00:00Z,20.9895
2026-07-14T00:30:00Z,20.79
2026-07-14T01:00:00Z,20.706
2026-07-14T01:30:00Z,20.1285
2026-07-14T02:00:00Z,19.446
2026-07-14T02:30:00Z,19.1835
2026-07-14T03:00:00Z,20.769
2026-07-14T03:30:00Z,20.706
2026-07-14T04:00:00Z,20.9475
2026-07-14T04:30:00Z,21.5145
2026-07-14T05:00:00Z,21.714
2026-07-14T05:30:00Z,23.3415
2026-07-14T06:00:00Z,22.47
2026-07-14T06:30:00Z,23.1735
2026-07-14T07:00:00Z,19.887
2026-07-14T07:30:00Z,20.9895
2026-07-14T08:00:00Z,20.643
2026-07-14T08:30:00Z,21.273
2026-07-14T09:00:00Z,21.2415
2026-07-14T09:30:00Z,20.181
2026-07-14T10:00:00Z,18.4275
2026-07-14T10:30:00Z,17.577
2026-07-14T11:00:00Z,16.779
2026-07-14T11:30:00Z,16.6845
2026-07-14T12:00:00Z,16.8
2026-07-14T12:30:00Z,16.4745
2026-07-14T13:00:00Z,16.2435
2026-07-14T13:30:00Z,16.2435
2026-07-14T14:00:00Z,17.9025
2026-07-14T14:30:00Z,18.7005
2026-07-14T15:00:00Z,32.466
2026-07-14T15:30:00Z,31.479
2026-07-14T16:00:00Z,34.23
2026-07-14T16:30:00Z,34.209
2026-07-14T17:00:00Z,38.22
2026-07-14T17:30:00Z,39.6585
2026-07-14T18:00:00Z,29.505
2026-07-14T18:30:00Z,29.568
2026-07-14T19:00:00Z,29.568
2026-07-14T19:30:00Z,28.98
2026-07-14T20:00:00Z,29.022
2026-07-14T20:30:00Z,28.245
2026-07-14T21:00:00Z,25.578
2026-07-14T21:30:00Z,24.045
2026-07-14T22:00:00Z,26.985
2026-07-14T22:30:00Z,27.1215
2026-07-14T23:00:00Z,24.9375
2026-07-14T23:30:00Z,24.9375
2026-07-15T00:00:00Z,23.394
2026-07-15T00:30:00Z,23.058
2026-07-15T01:00:00Z,20.244
2026-07-15T01:30:00Z,19.803
2026-07-15T02:00:00Z,20.9685
2026-07-15T02:30:00Z,21.231
2026-07-15T03:00:00Z,23.1525
2026-07-15T03:30:00Z,23.6355
2026-07-15T04:00:00Z,26.229
2026-07-15T04:30:00Z,26.187
2026-07-15T05:00:00Z,26.88
2026-07-15T05:30:00Z,27.279
2026-07-15T06:00:00Z,26.6175
2026-07-15T06:30:00Z,26.6595
2026-07-15T07:00:00Z,22.953
2026-07-15T07:30:00Z,21.3255
2026-07-15T08:00:00Z,20.307
2026-07-15T08:30:00Z,22.2915
2026-07-15T09:00:00Z,19.866
2026-07-15T09:30:00Z,18.102
2026-07-15T10:00:00Z,17.8815
2026-07-15T10:30:00Z,17.556
2026-07-15T11:00:00Z,17.241
2026-07-15T11:30:00Z,16.338
2026-07-15T12:00:00Z,17.8395
2026-07-15T12:30:00Z,17.8395
2026-07-15T13:00:00Z,16.5795
2026-07-15T13:30:00Z,16.338
2026-07-15T14:00:00Z,18.165
2026-07-15T14:30:00Z,18.165
2026-07-15T15:00:00Z,33.5685
2026-07-15T15:30:00Z,31.626
2026-07-15T16:00:00Z,35.3325
2026-07-15T16:30:00Z,37.3695
2026-07-15T17:00:00Z,40.362
2026-07-15T17:30:00Z,41.5065
2026-07-15T18:00:00Z,31.1115
2026-07-15T18:30:00Z,32.0355
2026-07-15T19:00:00Z,32.3925
2026-07-15T19:30:00Z,32.0775
2026-07-15T20:00:00Z,31.8885
2026-07-15T20:30:00Z,30.9225
2026-07-15T21:00:00Z,29.001
2026-07-15T21:30:00Z,27.741
2026-07-15T22:00:00Z,27.1005
2026-07-15T22:30:00Z,26.691
2026-07-15T23:00:00Z,25.641
2026-07-15T23:30:00Z,25.158
2026-07-16T00:00:00Z,25.7775
2026-07-16T00:30:00Z,24.1395
2026-07-16T01:00:00Z,24.339
2026-07-16T01:30:00Z,23.562
2026-07-16T02:00:00Z,23.94
2026-07-16T02:30:00Z,23.919
2026-07-16T03:00:00Z,25.704
2026-07-16T03:30:00Z,24.6225
2026-07-16T04:00:00Z,26.8275
2026-07-16T04:30:00Z,27.72
2026-07-16T05:00:00Z,27.447
2026-07-16T05:30:00Z,30.5025
2026-07-16T06:00:00Z,26.2605
2026-07-16T06:30:00Z,28.5075
2026-07-16T07:00:00Z,23.268
2026-07-16T07:30:00Z,22.8375
2026-07-16T08:00:00Z,20.328
2026-07-16T08:30:00Z,20.412
2026-07-16T09:00:00Z,20.538
2026-07-16T09:30:00Z,19.215
2026-07-16T10:00:00Z,18.9945
2026-07-16T10:30:00Z,18.7005
2026-07-16T11:00:00Z,19.2255
2026-07-16T11:30:00Z,18.543
2026-07-16T12:00:00Z,17.661
2026-07-16T12:30:00Z,17.661
2026-07-16T13:00:00Z,18.69
2026-07-16T13:30:00Z,20.3175
2026-07-16T14:00:00Z,20.9685
2026-07-16T14:30:00Z,20.9685
2026-07-16T15:00:00Z,35.553
2026-07-16T15:30:00Z,34.23
2026-07-16T16:00:00Z,39.6585
2026-07-16T16:30:00Z,43.05
2026-07-16T17:00:00Z,47.9955
2026-07-16T17:30:00Z,51.8805
2026-07-16T18:00:00Z,40.068
2026-07-16T18:30:00Z,38.85
2026-07-16T19:00:00Z,38.787
2026-07-16T19:30:00Z,38.7975
2026-07-16T20:00:00Z,37.128
2026-07-16T20:30:00Z,35.301
2026-07-16T21:00:00Z,33.978
2026-07-16T21:30:00Z,31.038
2026-07-16T22:00:00Z,28.9065
2026-07-16T22:30:00Z,28.8435
2026-07-16T23:00:00Z,26.481
2026-07-16T23:30:00Z,26.082
2026-07-17T00:00:00Z,24.717
2026-07-17T00:30:00Z,24.843
2026-07-17T01:00:00Z,24.0555
2026-07-17T01:30:00Z,23.3625
2026-07-17T02:00:00Z,23.709
2026-07-17T02:30:00Z,23.352
2026-07-17T03:00:00Z,23.6565
2026-07-17T03:30:00Z,23.31
2026-07-17T04:00:00Z,25.473
2026-07-17T04:30:00Z,25.9035
2026-07-17T05:00:00Z,26.544
2026-07-17T05:30:00Z,28.623
2026-07-17T06:00:00Z,25.158
2026-07-17T06:30:00Z,25.788
2026-07-17T07:00:00Z,22.7535
2026-07-17T07:30:00Z,23.394
2026-07-17T08:00:00Z,20.9685
2026-07-17T08:30:00Z,22.176
2026-07-17T09:00:00Z,22.2285
2026-07-17T09:30:00Z,21.2625
2026-07-17T10:00:00Z,19.026
2026-07-17T10:30:00Z,18.7635
2026-07-17T11:00:00Z,18.7635
2026-07-17T11:30:00Z,18.7635
2026-07-17T12:00:00Z,18.7635
2026-07-17T12:30:00Z,18.5745
2026-07-17T13:00:00Z,18.543
2026-07-17T13:30:00Z,18.4065
2026-07-17T14:00:00Z,18.627
2026-07-17T14:30:00Z,19.2045
2026-07-17T15:00:00Z,34.041
2026-07-17T15:30:00Z,34.2195
2026-07-17T16:00:00Z,34.8915
2026-07-17T16:30:00Z,35.4165
2026-07-17T17:00:00Z,37.1805
2026-07-17T17:30:00Z,39.1335
2026-07-17T18:00:00Z,28.245
2026-07-17T18:30:00Z,28.1925
2026-07-17T19:00:00Z,28.959
2026-07-17T19:30:00Z,28.686
2026-07-17T20:00:00Z,28.2765
2026-07-17T20:30:00Z,27.867
2026-07-17T21:00:00Z,28.4655
2026-07-17T21:30:00Z,26.586
2026-07-17T22:00:00Z,24.2655
2026-07-17T22:30:00Z,25.158
2026-07-17T23:00:00Z,24.234
2026-07-17T23:30:00Z,23.94
2026-07-18T00:00:00Z,23.1735
2026-07-18T00:30:00Z,23.1735
2026-07-18T01:00:00Z,23.1315
2026-07-18T01:30:00Z,21.777
2026-07-18T02:00:00Z,22.7115
2026-07-18T02:30:00Z,22.5015
2026-07-18T03:00:00Z,23.3835
2026-07-18T03:30:00Z,23.2155
2026-07-18T04:00:00Z,21.147
2026-07-18T04:30:00Z,21.0315
2026-07-18T05:00:00Z,19.6455
2026-07-18T05:30:00Z,19.6455
2026-07-18T06:00:00Z,16.338
2026-07-18T06:30:00Z,16.338
2026-07-18T07:00:00Z,16.821
2026-07-18T07:30:00Z,16.779
2026-07-18T08:00:00Z,15.2355
2026-07-18T08:30:00Z,13.923
2026-07-18T09:00:00Z,13.1145
2026-07-18T09:30:00Z,12.6315
2026-07-18T10:00:00Z,10.4265
2026-07-18T10:30:00Z,7.8015
2026-07-18T11:00:00Z,7.56
2026-07-18T11:30:00Z,7.476
2026-07-18T12:00:00Z,6.6465
2026-07-18T12:30:00Z,6.2055
2026-07-18T13:00:00Z,4.5675
2026-07-18T13:30:00Z,3.2655
2026-07-18T14:00:00Z,7.7385
2026-07-18T14:30:00Z,7.518
2026-07-18T15:00:00Z,18.6165
2026-07-18T15:30:00Z,24.003
2026-07-18T16:00:00Z,26.733
2026-07-18T16:30:00Z,28.854
2026-07-18T17:00:00Z,32.907
2026-07-18T17:30:00Z,35.007
2026-07-18T18:00:00Z,24.0765
2026-07-18T18:30:00Z,24.9585
2026-07-18T19:00:00Z,26.439
2026-07-18T19:30:00Z,26.607
2026-07-18T20:00:00Z,26.0295
2026-07-18T20:30:00Z,25.7355
2026-07-18T21:00:00Z,25.4205
2026-07-18T21:30:00Z,25.578
2026-07-18T22:00:00Z,23.6985
2026-07-18T22:30:00Z,23.331
2026-07-18T23:00:00Z,20.9685
2026-07-18T23:30:00Z,20.0865
2026-07-19T00:00:00Z,19.1835
2026-07-19T00:30:00Z,18.648
2026-07-19T01:00:00Z,19.005
2026-07-19T01:30:00Z,18.984
2026-07-19T02:00:00Z,18.165
2026-07-19T02:30:00Z,17.22
2026-07-19T03:00:00Z,16.338
2026-07-19T03:30:00Z,16.2015
2026-07-19T04:00:00Z,14.574
2026-07-19T04:30:00Z,13.251
2026-07-19T05:00:00Z,11.508
2026-07-19T05:30:00Z,11.4135
2026-07-19T06:00:00Z,9.282
2026-07-19T06:30:00Z,11.6655
2026-07-19T07:00:00Z,10.6995
2026-07-19T07:30:00Z,10.647
2026-07-19T08:00:00Z,9.9015
2026-07-19T08:30:00Z,10.269
2026-07-19T09:00:00Z,9.828
2026-07-19T09:30:00Z,10.101
2026-07-19T10:00:00Z,8.841
2026-07-19T10:30:00Z,8.463
2026-07-19T11:00:00Z,9.4605
2026-07-19T11:30:00Z,10.206
2026-07-19T12:00:00Z,10.059
2026-07-19T12:30:00Z,8.862
2026-07-19T13:00:00Z,9.681
2026-07-19T13:30:00Z,9.324
2026-07-19T14:00:00Z,9.765
2026-07-19T14:30:00Z,10.4055
2026-07-19T15:00:00Z,24.633
2026-07-19T15:30:00Z,26.733
2026-07-19T16:00:00Z,32.802
2026-07-19T16:30:00Z,32.3295
2026-07-19T17:00:00Z,36.2145
2026-07-19T17:30:00Z,36.6555
2026-07-19T18:00:00Z,26.4915
2026-07-19T18:30:00Z,26.7435
2026-07-19T19:00:00Z,27.0375
2026-07-19T19:30:00Z,26.817
2026-07-19T20:00:00Z,26.922
2026-07-19T20:30:00Z,26.712
2026-07-19T21:00:00Z,27.4365
2026-07-19T21:30:00Z,26.2605
2026-07-19T22:00:00Z,28.6755
2026-07-19T22:30:00Z,26.439
2026-07-19T23:00:00Z,24.633
2026-07-19T23:30:00Z,24.5805
2026-07-20T00:00:00Z,23.73
2026-07-20T00:30:00Z,23.3415
2026-07-20T01:00:00Z,22.491
2026-07-20T01:30:00Z,22.365
2026-07-20T02:00:00Z,22.323
2026-07-20T02:30:00Z,21.8925
2026-07-20T03:00:00Z,23.1525
2026-07-20T03:30:00Z,22.239
2026-07-20T04:00:00Z,23.2785
2026-07-20T04:30:00Z,22.9425
2026-07-20T05:00:00Z,24.7485
2026-07-20T05:30:00Z,26.124
2026-07-20T06:00:00Z,27.0795
2026-07-20T06:30:00Z,26.544
2026-07-20T07:00:00Z,27.1845
2026-07-20T07:30:00Z,25.515
2026-07-20T08:00:00Z,25.725
2026-07-20T08:30:00Z,24.906
2026-07-20T09:00:00Z,23.6145
2026-07-20T09:30:00Z,21.4095
2026-07-20T10:00:00Z,21.273
2026-07-20T10:30:00Z,21.252
2026-07-20T11:00:00Z,22.47
2026-07-20T11:30:00Z,22.953
2026-07-20T12:00:00Z,21.4725
2026-07-20T12:30:00Z,21.8715
2026-07-20T13:00:00Z,21.3255
2026-07-20T13:30:00Z,20.811
2026-07-20T14:00:00Z,23.037
2026-07-20T14:30:00Z,23.1735
2026-07-20T15:00:00Z,35.994
2026-07-20T15:30:00Z,35.994
2026-07-20T16:00:00Z,39.7425
2026-07-20T16:30:00Z,41.6325
2026-07-20T17:00:00Z,42.084
2026-07-20T17:30:00Z,43.5015
2026-07-20T18:00:00Z,30.996
2026-07-20T18:30:00Z,30.324
2026-07-20T19:00:00Z,31.08
2026-07-20T19:30:00Z,30.6705
2026-07-20T20:00:00Z,30.408
2026-07-20T20:30:00Z,30.3135
2026-07-20T21:00:00Z,30.828
2026-07-20T21:30:00Z,27.216
2026-07-20T22:00:00Z,26.3445
2026-07-20T22:30:00Z,25.8195
2026-07-20T23:00:00Z,25.2315
2026-07-20T23:30:00Z,25.3785
2026-07-21T00:00:00Z,24.3075
2026-07-21T00:30:00Z,24.3075
2026-07-21T01:00:00Z,23.373
2026-07-21T01:30:00Z,21.3885
2026-07-21T02:00:00Z,22.6695
2026-07-21T02:30:00Z,22.4595
2026-07-21T03:00:00Z,23.814
2026-07-21T03:30:00Z,23.4675
2026-07-21T04:00:00Z,24.6855
2026-07-21T04:30:00Z,24.7485
2026-07-21T05:00:00Z,24.339
2026-07-21T05:30:00Z,26.7645
2026-07-21T06:00:00Z,24.276
2026-07-21T06:30:00Z,24.8325
2026-07-21T07:00:00Z,23.394
2026-07-21T07:30:00Z,23.835
2026-07-21T08:00:00Z,22.806
2026-07-21T08:30:00Z,21.189
2026-07-21T09:00:00Z,22.365
2026-07-21T09:30:00Z,21.462
2026-07-21T10:00:00Z,21.399
2026-07-21T10:30:00Z,21.399
2026-07-21T11:00:00Z,20.9685
2026-07-21T11:30:00Z,20.9685
2026-07-21T12:00:00Z,20.748
2026-07-21T12:30:00Z,20.0865
2026-07-21T13:00:00Z,20.307
2026-07-21T13:30:00Z,20.286
2026-07-21T14:00:00Z,19.6455
2026-07-21T14:30:00Z,20.307
2026-07-21T15:00:00Z,33.7155
2026-07-21T15:30:00Z,35.1015
2026-07-21T16:00:00Z,33.033
2026-07-21T16:30:00Z,34.944
2026-07-21T17:00:00Z,38.2095
2026-07-21T17:30:00Z,39.564
2026-07-21T18:00:00Z,28.287
2026-07-21T18:30:00Z,28.203
2026-07-21T19:00:00Z,27.804
2026-07-21T19:30:00Z,27.72
2026-07-21T20:00:00Z,27.363
2026-07-21T20:30:00Z,27.1215
2026-07-21T21:00:00Z,27.174
2026-07-21T21:30:00Z,23.6145
2026-07-21T22:00:00Z,26.04
2026-07-21T22:30:00Z,24.4125
2026-07-21T23:00:00Z,24.6855
2026-07-21T23:30:00Z,24.528
2026-07-22T00:00:00Z,23.436
2026-07-22T00:30:00Z,23.877
2026-07-22T01:00:00Z,22.47
2026-07-22T01:30:00Z,21.966
2026-07-22T02:00:00Z,21.189
2026-07-22T02:30:00Z,21.189
2026-07-22T03:00:00Z,21.9765
2026-07-22T03:30:00Z,21.252
2026-07-22T04:00:00Z,24.0765
2026-07-22T04:30:00Z,24.4965
2026-07-22T05:00:00Z,23.751
2026-07-22T05:30:00Z,25.4415
2026-07-22T06:00:00Z,23.8455
2026-07-22T06:30:00Z,24.78
2026-07-22T07:00:00Z,25.137
2026-07-22T07:30:00Z,24.696
2026-07-22T08:00:00Z,24.0345
2026-07-22T08:30:00Z,23.9505
2026-07-22T09:00:00Z,24.717
2026-07-22T09:30:00Z,24.4965
2026-07-22T10:00:00Z,22.491
2026-07-22T10:30:00Z,22.2285
2026-07-22T11:00:00Z,22.071
2026-07-22T11:30:00Z,22.512
2026-07-22T12:00:00Z,21.4095
2026-07-22T12:30:00Z,21.483
2026-07-22T13:00:00Z,21.231
2026-07-22T13:30:00Z,20.9685
2026-07-22T14:00:00Z,21.651
2026-07-22T14:30:00Z,22.7325
2026-07-22T15:00:00Z,35.994
2026-07-22T15:30:00Z,36.393
2026-07-22T16:00:00Z,37.9365
2026-07-22T16:30:00Z,39.7425
2026-07-22T17:00:00Z,40.446
2026-07-22T17:30:00Z,41.454
2026-07-22T18:00:00Z,29.568
2026-07-22T18:30:00Z,29.8725
2026-07-22T19:00:00Z,29.127
2026-07-22T19:30:00Z,29.022
2026-07-22T20:00:00Z,28.9065
2026-07-22T20:30:00Z,28.9065
2026-07-22T21:00:00Z,27.804
2026-07-22T21:30:00Z,26.2605
2026-07-22T22:00:00Z,25.8195
2026-07-22T22:30:00Z,25.7355
2026-07-22T23:00:00Z,23.8875
2026-07-22T23:30:00Z,23.394
2026-07-23T00:00:00Z,22.512
2026-07-23T00:30:00Z,22.701
2026-07-23T01:00:00Z,22.953
2026-07-23T01:30:00Z,22.8795
2026-07-23T02:00:00Z,22.848
2026-07-23T02:30:00Z,22.575
2026-07-23T03:00:00Z,23.394
2026-07-23T03:30:00Z,23.4675
2026-07-23T04:00:00Z,26.061
2026-07-23T04:30:00Z,26.565
2026-07-23T05:00:00Z,27.384
2026-07-23T05:30:00Z,29.9775
2026-07-23T06:00:00Z,30.345
2026-07-23T06:30:00Z,30.954
2026-07-23T07:00:00Z,29.4735
2026-07-23T07:30:00Z,28.371
2026-07-23T08:00:00Z,29.4735
2026-07-23T08:30:00Z,27.804
2026-07-23T09:00:00Z,26.7015
2026-07-23T09:30:00Z,25.2
2026-07-23T10:00:00Z,25.1475
2026-07-23T10:30:00Z,24.5385
2026-07-23T11:00:00Z,24.9375
2026-07-23T11:30:00Z,24.4965
2026-07-23T12:00:00Z,24.2445
2026-07-23T12:30:00Z,23.583
2026-07-23T13:00:00Z,23.394
2026-07-23T13:30:00Z,23.394
2026-07-23T14:00:00Z,22.7535
2026-07-23T14:30:00Z,23.5305
2026-07-23T15:00:00Z,35.721
2026-07-23T15:30:00Z,36.162
2026-07-23T16:00:00Z,37.5585
2026-07-23T16:30:00Z,39.459
2026-07-23T17:00:00Z,42.567
2026-07-23T17:30:00Z,44.373
2026-07-23T18:00:00Z,33.096
2026-07-23T18:30:00Z,33.3165
2026-07-23T19:00:00Z,33.453
2026-07-23T19:30:00Z,33.8625
2026-07-23T20:00:00Z,34.2195
2026-07-23T20:30:00Z,33.327
2026-07-23T21:00:00Z,31.6785
2026-07-23T21:30:00Z,29.3475
2026-07-23T22:00:00Z,29.5155
2026-07-23T22:30:00Z,27.804
2026-07-23T23:00:00Z,26.922
2026-07-23T23:30:00Z,26.3235
2026-07-24T00:00:00Z,25.3575
2026-07-24T00:30:00Z,24.381
2026-07-24T01:00:00Z,25.3785
2026-07-24T01:30:00Z,24.402
2026-07-24T02:00:00Z,23.646
2026-07-24T02:30:00Z,23.604
2026-07-24T03:00:00Z,26.187
2026-07-24T03:30:00Z,25.935
2026-07-24T04:00:00Z,29.2005
2026-07-24T04:30:00Z,28.287
2026-07-24T05:00:00Z,27.783
2026-07-24T05:30:00Z,28.539
2026-07-24T06:00:00Z,26.481
2026-07-24T06:30:00Z,26.481
2026-07-24T07:00:00Z,22.449
2026-07-24T07:30:00Z,21.6825
2026-07-24T08:00:00Z,23.226
2026-07-24T08:30:00Z,23.1735
2026-07-24T09:00:00Z,16.422
2026-07-24T09:30:00Z,15.351
2026-07-24T10:00:00Z,11.7075
2026-07-24T10:30:00Z,11.277
2026-07-24T11:00:00Z,11.6445
2026-07-24T11:30:00Z,11.697
2026-07-24T12:00:00Z,13.0305
2026-07-24T12:30:00Z,12.789
2026-07-24T13:00:00Z,14.574
2026-07-24T13:30:00Z,13.776
2026-07-24T14:00:00Z,12.1275
2026-07-24T14:30:00Z,13.9545
2026-07-24T15:00:00Z,26.292
2026-07-24T15:30:00Z,27.72
2026-07-24T16:00:00Z,34.734
2026-07-24T16:30:00Z,34.23
2026-07-24T17:00:00Z,41.4225
2026-07-24T17:30:00Z,42.609
2026-07-24T18:00:00Z,31.5525
2026-07-24T18:30:00Z,30.996
2026-07-24T19:00:00Z,31.2795
2026-07-24T19:30:00Z,31.2795
2026-07-24T20:00:00Z,32.655
2026-07-24T20:30:00Z,32.3925
2026-07-24T21:00:00Z,31.584
2026-07-24T21:30:00Z,29.526
2026-07-24T22:00:00Z,28.497
2026-07-24T22:30:00Z,25.3785
2026-07-24T23:00:00Z,24.0555
2026-07-24T23:30:00Z,26.229
2026-07-25T00:00:00Z,26.3025
2026-07-25T00:30:00Z,24.549
2026-07-25T01:00:00Z,24.57
2026-07-25T01:30:00Z,22.2075
2026-07-25T02:00:00Z,21.189
2026-07-25T02:30:00Z,19.362
2026-07-25T03:00:00Z,20.622
2026-07-25T03:30:00Z,20.307
2026-07-25T04:00:00Z,19.908
2026-07-25T04:30:00Z,18.669
2026-07-25T05:00:00Z,18.1335
2026-07-25T05:30:00Z,17.0415
2026-07-25T06:00:00Z,13.293
2026-07-25T06:30:00Z,14.385
2026-07-25T07:00:00Z,-1.302
2026-07-25T07:30:00Z,-1.512
2026-07-25T08:00:00Z,-3.528
2026-07-25T08:30:00Z,-3.801
2026-07-25T09:00:00Z,-3.885
2026-07-25T09:30:00Z,-4.641
2026-07-25T10:00:00Z,-4.116
2026-07-25T10:30:00Z,-4.5465
2026-07-25T11:00:00Z,-6.7305
2026-07-25T11:30:00Z,-5.754
2026-07-25T12:00:00Z,-5.565
2026-07-25T12:30:00Z,-6.3315
2026-07-25T13:00:00Z,-4.872
2026-07-25T13:30:00Z,-3.36
2026-07-25T14:00:00Z,-4.6935
2026-07-25T14:30:00Z,-3.444
2026-07-25T15:00:00Z,5.04
2026-07-25T15:30:00Z,14.175
2026-07-25T16:00:00Z,21.609
2026-07-25T16:30:00Z,29.064
2026-07-25T17:00:00Z,38.199
2026-07-25T17:30:00Z,39.627
2026-07-25T18:00:00Z,27.783
2026-07-25T18:30:00Z,29.1585
2026-07-25T19:00:00Z,30.45
2026-07-25T19:30:00Z,31.332
2026-07-25T20:00:00Z,28.791
2026-07-25T20:30:00Z,29.9355
2026-07-25T21:00:00Z,28.119
2026-07-25T21:30:00Z,27.846
2026-07-25T22:00:00Z,28.413
2026-07-25T22:30:00Z,26.565
2026-07-25T23:00:00Z,27.447
2026-07-25T23:30:00Z,25.83
2026-07-26T00:00:00Z,24.633
2026-07-26T00:30:00Z,23.9925
2026-07-26T01:00:00Z,23.94
2026-07-26T01:30:00Z,22.176
2026-07-26T02:00:00Z,21.2625
2026-07-26T02:30:00Z,20.6115
2026-07-26T03:00:00Z,20.265
2026-07-26T03:30:00Z,18.396
2026-07-26T04:00:00Z,17.3775
2026-07-26T04:30:00Z,16.6425
2026-07-26T05:00:00Z,16.9995
2026-07-26T05:30:00Z,17.22
2026-07-26T06:00:00Z,14.7735
2026-07-26T06:30:00Z,15.8655
2026-07-26T07:00:00Z,7.791
2026-07-26T07:30:00Z,7.518
2026-07-26T08:00:00Z,1.995
2026-07-26T08:30:00Z,0.9345
2026-07-26T09:00:00Z,1.1865
2026-07-26T09:30:00Z,0.861
2026-07-26T10:00:00Z,-2.604
2026-07-26T10:30:00Z,-4.5465
2026-07-26T11:00:00Z,-3.549
2026-07-26T11:30:00Z,-5.0925
2026-07-26T12:00:00Z,-4.389
2026-07-26T12:30:00Z,-5.292
2026-07-26T13:00:00Z,-4.7355
2026-07-26T13:30:00Z,-4.5045
2026-07-26T14:00:00Z,-5.1765
2026-07-26T14:30:00Z,-4.7775
2026-07-26T15:00:00Z,11.4555
2026-07-26T15:30:00Z,18.6585
2026-07-26T16:00:00Z,27.594
2026-07-26T16:30:00Z,30.3135
2026-07-26T17:00:00Z,35.553
2026-07-26T17:30:00Z,36.2565
2026-07-26T18:00:00Z,26.502
2026-07-26T18:30:00Z,26.922
2026-07-26T19:00:00Z,26.4285
2026-07-26T19:30:00Z,26.481
2026-07-26T20:00:00Z,26.3655
2026-07-26T20:30:00Z,26.2605
2026-07-26T21:00:00Z,26.4495
2026-07-26T21:30:00Z,25.1265
2026-07-26T22:00:00Z,20.5905
2026-07-26T22:30:00Z,17.3565
2026-07-26T23:00:00Z,14.385
2026-07-26T23:30:00Z,15.8025
2026-07-27T00:00:00Z,14.259
2026-07-27T00:30:00Z,15.1935
2026-07-27T01:00:00Z,15.1935
2026-07-27T01:30:00Z,14.511
2026-07-27T02:00:00Z,14.259
2026-07-27T02:30:00Z,15.267
2026-07-27T03:00:00Z,14.1225
2026-07-27T03:30:00Z,15.561
2026-07-27T04:00:00Z,19.3305
2026-07-27T04:30:00Z,20.307
2026-07-27T05:00:00Z,25.116
2026-07-27T05:30:00Z,28.014
2026-07-27T06:00:00Z,29.484
2026-07-27T06:30:00Z,29.484
2026-07-27T07:00:00Z,29.568
2026-07-27T07:30:00Z,29.568
2026-07-27T08:00:00Z,29.1375
2026-07-27T08:30:00Z,27.4575
2026-07-27T09:00:00Z,26.5965
2026-07-27T09:30:00Z,24.612
2026-07-27T10:00:00Z,23.6565
2026-07-27T10:30:00Z,23.184
2026-07-27T11:00:00Z,21.4305
2026-07-27T11:30:00Z,20.391
2026-07-27T12:00:00Z,18.165
2026-07-27T12:30:00Z,18.3855
2026-07-27T13:00:00Z,17.8815
2026-07-27T13:30:00Z,17.304
2026-07-27T14:00:00Z,17.0835
2026-07-27T14:30:00Z,17.661
2026-07-27T15:00:00Z,33.789
2026-07-27T15:30:00Z,34.104
2026-07-27T16:00:00Z,35.4165
2026-07-27T16:30:00Z,38.997
2026-07-27T17:00:00Z,40.0155
2026-07-27T17:30:00Z,40.8135
2026-07-27T18:00:00Z,30.45
2026-07-27T18:30:00Z,30.8175
2026-07-27T19:00:00Z,31.0695
2026-07-27T19:30:00Z,31.2795
2026-07-27T20:00:00Z,30.2715
2026-07-27T20:30:00Z,30.1455
2026-07-27T21:00:00Z,29.2635
2026-07-27T21:30:00Z,26.1975
2026-07-27T22:00:00Z,28.539
2026-07-27T22:30:00Z,27.615
2026-07-27T23:00:00Z,27.1215
2026-07-27T23:30:00Z,25.7985
2026-07-28T00:00:00Z,23.3835
2026-07-28T00:30:00Z,24.1815
2026-07-28T01:00:00Z,23.394
2026-07-28T01:30:00Z,22.071
2026-07-28T02:00:00Z,22.8165
2026-07-28T02:30:00Z,22.7955
2026-07-28T03:00:00Z,22.932
2026-07-28T03:30:00Z,22.2705
2026-07-28T04:00:00Z,26.7225
2026-07-28T04:30:00Z,25.8195
2026-07-28T05:00:00Z,25.599
2026-07-28T05:30:00Z,27.531
2026-07-28T06:00:00Z,24.612
2026-07-28T06:30:00Z,25.9035
2026-07-28T07:00:00Z,24.1185
2026-07-28T07:30:00Z,24.5175
2026-07-28T08:00:00Z,23.5725
2026-07-28T08:30:00Z,22.6695
2026-07-28T09:00:00Z,19.425
2026-07-28T09:30:00Z,17.7975
2026-07-28T10:00:00Z,16.779
2026-07-28T10:30:00Z,15.2355
2026-07-28T11:00:00Z,14.7105
2026-07-28T11:30:00Z,13.4715
2026-07-28T12:00:00Z,13.1565
2026-07-28T12:30:00Z,13.4925
2026-07-28T13:00:00Z,14.133
2026-07-28T13:30:00Z,13.0305
2026-07-28T14:00:00Z,14.679
2026-07-28T14:30:00Z,15.477
2026-07-28T15:00:00Z,29.106
2026-07-28T15:30:00Z,29.8935
2026-07-28T16:00:00Z,36.519
2026-07-28T16:30:00Z,37.632
2026-07-28T17:00:00Z,42.5145
2026-07-28T17:30:00Z,44.814
2026-07-28T18:00:00Z,33.978
2026-07-28T18:30:00Z,34.566
2026-07-28T19:00:00Z,34.65
2026-07-28T19:30:00Z,33.978
2026-07-28T20:00:00Z,32.823
2026-07-28T20:30:00Z,31.5525
2026-07-28T21:00:00Z,27.5415
2026-07-28T21:30:00Z,25.0215
2026-07-28T22:00:00Z,24.3495
2026-07-28T22:30:00Z,23.3205
2026-07-28T23:00:00Z,22.0815
2026-07-28T23:30:00Z,21.987
2026-07-29T00:00:00Z,22.407
2026-07-29T00:30:00Z,21.735
2026-07-29T01:00:00Z,22.071
2026-07-29T01:30:00Z,22.071
2026-07-29T02:00:00Z,21.903
2026-07-29T02:30:00Z,21.735
2026-07-29T03:00:00Z,23.1735
2026-07-29T03:30:00Z,23.1
2026-07-29T04:00:00Z,25.3155
2026-07-29T04:30:00Z,25.3155
2026-07-29T05:00:00Z,25.263
2026-07-29T05:30:00Z,26.418
2026-07-29T06:00:00Z,24.2655
2026-07-29T06:30:00Z,24.9795
2026-07-29T07:00:00Z,21.084
2026-07-29T07:30:00Z,21.63
2026-07-29T08:00:00Z,21.2835
2026-07-29T08:30:00Z,21.63
2026-07-29T09:00:00Z,21.189
2026-07-29T09:30:00Z,20.5065
2026-07-29T10:00:00Z,20.307
2026-07-29T10:30:00Z,20.307
2026-07-29T11:00:00Z,20.748
2026-07-29T11:30:00Z,20.748
2026-07-29T12:00:00Z,20.1285
2026-07-29T12:30:00Z,19.3935
2026-07-29T13:00:00Z,19.194
2026-07-29T13:30:00Z,19.3095
2026-07-29T14:00:00Z,20.937
2026-07-29T14:30:00Z,21.084
2026-07-29T15:00:00Z,34.0095
2026-07-29T15:30:00Z,34.167
2026-07-29T16:00:00Z,36.9495
2026-07-29T16:30:00Z,40.026
2026-07-29T17:00:00Z,46.935
2026-07-29T17:30:00Z,48.2895
2026-07-29T18:00:00Z,36.498
2026-07-29T18:30:00Z,37.065
2026-07-29T19:00:00Z,35.238
2026-07-29T19:30:00Z,35.6895
2026-07-29T20:00:00Z,35.028
2026-07-29T20:30:00Z,32.487
2026-07-29T21:00:00Z,28.707
2026-07-29T21:30:00Z,29.3475
2026-07-29T22:00:00Z,25.851
2026-07-29T22:30:00Z,25.158
2026-07-29T23:00:00Z,24.8115
2026-07-29T23:30:00Z,23.856
2026-07-30T00:00:00Z,23.856
2026-07-30T00:30:00Z,23.1735
2026-07-30T01:00:00Z,22.5015
2026-07-30T01:30:00Z,22.008
2026-07-30T02:00:00Z,22.5015
2026-07-30T02:30:00Z,21.714
2026-07-30T03:00:00Z,22.071
2026-07-30T03:30:00Z,21.7875
2026-07-30T04:00:00Z,24.0135
2026-07-30T04:30:00Z,24.5385
2026-07-30T05:00:00Z,22.8165
2026-07-30T05:30:00Z,26.1975
2026-07-30T06:00:00Z,24.717
2026-07-30T06:30:00Z,25.158
2026-07-30T07:00:00Z,27.069
2026-07-30T07:30:00Z,27.006
2026-07-30T08:00:00Z,24.57
2026-07-30T08:30:00Z,24.276
2026-07-30T09:00:00Z,23.7615
2026-07-30T09:30:00Z,21.3675
2026-07-30T10:00:00Z,17.43
2026-07-30T10:30:00Z,16.6425
2026-07-30T11:00:00Z,14.1435
2026-07-30T11:30:00Z,13.9125
2026-07-30T12:00:00Z,15.456
2026-07-30T12:30:00Z,14.1645
2026-07-30T13:00:00Z,14.889
2026-07-30T13:30:00Z,13.9125
2026-07-30T14:00:00Z,15.6135
2026-07-30T14:30:00Z,16.926
2026-07-30T15:00:00Z,31.8465
2026-07-30T15:30:00Z,33.1275
2026-07-30T16:00:00Z,36.4245
2026-07-30T16:30:00Z,35.1645
2026-07-30T17:00:00Z,40.1835
2026-07-30T17:30:00Z,43.344
2026-07-30T18:00:00Z,33.201
2026-07-30T18:30:00Z,33.978
2026-07-30T19:00:00Z,33.8415
2026-07-30T19:30:00Z,34.2825
2026-07-30T20:00:00Z,32.8755
2026-07-30T20:30:00Z,32.6235
2026-07-30T21:00:00Z,30.3135
2026-07-30T21:30:00Z,29.169
2026-07-30T22:00:00Z,30.702
2026-07-30T22:30:00Z,28.287
2026-07-30T23:00:00Z,26.88
2026-07-30T23:30:00Z,26.586
2026-07-31T00:00:00Z,25.158
2026-07-31T00:30:00Z,24.276
2026-07-31T01:00:00Z,22.995
2026-07-31T01:30:00Z,22.2915
2026-07-31T02:00:00Z,22.617
2026-07-31T02:30:00Z,22.3335
2026-07-31T03:00:00Z,23.835
2026-07-31T03:30:00Z,23.0475
2026-07-31T04:00:00Z,27.174
2026-07-31T04:30:00Z,27.1845
2026-07-31T05:00:00Z,27.8565
2026-07-31T05:30:00Z,28.434
2026-07-31T06:00:00Z,24.5595
2026-07-31T06:30:00Z,26.9955
2026-07-31T07:00:00Z,23.331
2026-07-31T07:30:00Z,24.4965
2026-07-31T08:00:00Z,24.0555
2026-07-31T08:30:00Z,24.696
2026-07-31T09:00:00Z,24.276
2026-07-31T09:30:00Z,22.974
2026-07-31T10:00:00Z,22.2705
2026-07-31T10:30:00Z,21.462
2026-07-31T11:00:00Z,20.769
2026-07-31T11:30:00Z,20.286
2026-07-31T12:00:00Z,19.782
2026-07-31T12:30:00Z,19.425
2026-07-31T13:00:00Z,19.824
2026-07-31T13:30:00Z,19.3305
2026-07-31T14:00:00Z,19.824
2026-07-31T14:30:00Z,19.824
2026-07-31T15:00:00Z,34.209
2026-07-31T15:30:00Z,33.894
2026-07-31T16:00:00Z,38.598
2026-07-31T16:30:00Z,38.388
2026-07-31T17:00:00Z,39.0495
2026-07-31T17:30:00Z,41.286
2026-07-31T18:00:00Z,31.0485
2026-07-31T18:30:00Z,31.5315
2026-07-31T19:00:00Z,31.5735
2026-07-31T19:30:00Z,31.773
2026-07-31T20:00:00Z,31.1115
2026-07-31T20:30:00Z,30.6915
2026-07-31T21:00:00Z,30.87
2026-07-31T21:30:00Z,29.4525
2026-07-31T22:00:00Z,28.686
2026-07-31T22:30:00Z,28.77
2026-07-31T23:00:00Z,27.0795
2026-07-31T23:30:00Z,26.0925
2026-08-01T00:00:00Z,24.8745
2026-08-01T00:30:00Z,25.179
2026-08-01T01:00:00Z,25.158
2026-08-01T01:30:00Z,25.158
2026-08-01T02:00:00Z,24.045
2026-08-01T02:30:00Z,24.6855
2026-08-01T03:00:00Z,25.242
2026-08-01T03:30:00Z,25.0215
2026-08-01T04:00:00Z,25.158
2026-08-01T04:30:00Z,24.7695
2026-08-01T05:00:00Z,25.2945
2026-08-01T05:30:00Z,26.397
2026-08-01T06:00:00Z,22.4175
2026-08-01T06:30:00Z,23.478
2026-08-01T07:00:00Z,20.2965
2026-08-01T07:30:00Z,19.089
2026-08-01T08:00:00Z,17.8815
2026-08-01T08:30:00Z,15.708
2026-08-01T09:00:00Z,13.692
2026-08-01T09:30:00Z,9.828
2026-08-01T10:00:00Z,10.8255
2026-08-01T10:30:00Z,7.518
2026-08-01T11:00:00Z,7.182
2026-08-01T11:30:00Z,7.413
2026-08-01T12:00:00Z,6.762
2026-08-01T12:30:00Z,6.363
2026-08-01T13:00:00Z,7.959
2026-08-01T13:30:00Z,7.4235
2026-08-01T14:00:00Z,5.6175
2026-08-01T14:30:00Z,7.056
2026-08-01T15:00:00Z,29.379
2026-08-01T15:30:00Z,32.004
2026-08-01T16:00:00Z,35.112
2026-08-01T16:30:00Z,35.217
2026-08-01T17:00:00Z,38.0835
2026-08-01T17:30:00Z,40.4985
2026-08-01T18:00:00Z,31.206
2026-08-01T18:30:00Z,31.7205
2026-08-01T19:00:00Z,30.6705
2026-08-01T19:30:00Z,31.5525
2026-08-01T20:00:00Z,30.114
2026-08-01T20:30:00Z,30.0825
2026-08-01T21:00:00Z,28.4445
2026-08-01T21:30:00Z,27.363
2026-08-01T22:00:00Z,28.4655
2026-08-01T22:30:00Z,28.644
2026-08-01T23:00:00Z,27.1425
2026-08-01T23:30:00Z,27.363
2026-08-02T00:00:00Z,25.599
2026-08-02T00:30:00Z,26.859
2026-08-02T01:00:00Z,26.271
2026-08-02T01:30:00Z,24.9375
2026-08-02T02:00:00Z,24.717
2026-08-02T02:30:00Z,24.339
2026-08-02T03:00:00Z,25.1475
2026-08-02T03:30:00Z,24.99
2026-08-02T04:00:00Z,24.486
2026-08-02T04:30:00Z,24.1395
2026-08-02T05:00:00Z,23.394
2026-08-02T05:30:00Z,23.919
2026-08-02T06:00:00Z,23.205
2026-08-02T06:30:00Z,24.0555
2026-08-02T07:00:00Z,24.0555
2026-08-02T07:30:00Z,25.599
2026-08-02T08:00:00Z,23.94
2026-08-02T08:30:00Z,23.3835
2026-08-02T09:00:00Z,22.953
2026-08-02T09:30:00Z,22.47
2026-08-02T10:00:00Z,21.8505
2026-08-02T10:30:00Z,21.8505
2026-08-02T11:00:00Z,21.8505
2026-08-02T11:30:00Z,21.8505
2026-08-02T12:00:00Z,21.9975
2026-08-02T12:30:00Z,21.189
2026-08-02T13:00:00Z,21.189
2026-08-02T13:30:00Z,21.189
2026-08-02T14:00:00Z,22.575
2026-08-02T14:30:00Z,23.52
2026-08-02T15:00:00Z,37.7265
2026-08-02T15:30:00Z,36.414
2026-08-02T16:00:00Z,39.081
2026-08-02T16:30:00Z,38.199
2026-08-02T17:00:00Z,42.231
2026-08-02T17:30:00Z,42.672
2026-08-02T18:00:00Z,31.206
2026-08-02T18:30:00Z,29.8515
2026-08-02T19:00:00Z,29.946
2026-08-02T19:30:00Z,29.883
2026-08-02T20:00:00Z,29.0115
2026-08-02T20:30:00Z,27.951
2026-08-02T21:00:00Z,26.2605
2026-08-02T21:30:00Z,22.491
2026-08-02T22:00:00Z,22.1655
2026-08-02T22:30:00Z,20.0445
2026-08-02T23:00:00Z,22.449
2026-08-02T23:30:00Z,22.071
2026-08-03T00:00:00Z,20.748
2026-08-03T00:30:00Z,21.483
2026-08-03T01:00:00Z,22.365
2026-08-03T01:30:00Z,22.071
2026-08-03T02:00:00Z,22.638
2026-08-03T02:30:00Z,22.6275
2026-08-03T03:00:00Z,24.5595
2026-08-03T03:30:00Z,23.772
2026-08-03T04:00:00Z,26.061
2026-08-03T04:30:00Z,27.1005
2026-08-03T05:00:00Z,26.3025
2026-08-03T05:30:00Z,27.279
2026-08-03T06:00:00Z,26.2605
2026-08-03T06:30:00Z,27.1425
2026-08-03T07:00:00Z,22.512
2026-08-03T07:30:00Z,24.318
2026-08-03T08:00:00Z,25.074
2026-08-03T08:30:00Z,24.1815
2026-08-03T09:00:00Z,20.0865
2026-08-03T09:30:00Z,19.2885
2026-08-03T10:00:00Z,19.446
2026-08-03T10:30:00Z,19.446
2026-08-03T11:00:00Z,19.2045
2026-08-03T11:30:00Z,19.425
2026-08-03T12:00:00Z,19.2465
2026-08-03T12:30:00Z,19.1625
2026-08-03T13:00:00Z,19.6455
2026-08-03T13:30:00Z,19.6455
2026-08-03T14:00:00Z,22.092
2026-08-03T14:30:00Z,22.1445
2026-08-03T15:00:00Z,37.422
2026-08-03T15:30:00Z,36.5085
2026-08-03T16:00:00Z,40.257
2026-08-03T16:30:00Z,41.034
2026-08-03T17:00:00Z,45.78
2026-08-03T17:30:00Z,46.1685
2026-08-03T18:00:00Z,34.419
2026-08-03T18:30:00Z,33.978
2026-08-03T19:00:00Z,33.3795
2026-08-03T19:30:00Z,32.8125
2026-08-03T20:00:00Z,31.9725
2026-08-03T20:30:00Z,30.6285
2026-08-03T21:00:00Z,29.568
2026-08-03T21:30:00Z,28.161
2026-08-03T22:00:00Z,26.9955
2026-08-03T22:30:00Z,26.481
2026-08-03T23:00:00Z,23.415
2026-08-03T23:30:00Z,22.533
2026-08-04T00:00:00Z,22.3755
2026-08-04T00:30:00Z,21.4935
2026-08-04T01:00:00Z,21.9555
2026-08-04T01:30:00Z,21.8085
2026-08-04T02:00:00Z,22.428
2026-08-04T02:30:00Z,22.071
2026-08-04T03:00:00Z,23.268
2026-08-04T03:30:00Z,22.953
2026-08-04T04:00:00Z,25.2945
2026-08-04T04:30:00Z,25.7565
2026-08-04T05:00:00Z,26.5755
2026-08-04T05:30:00Z,27.741
2026-08-04T06:00:00Z,26.418
2026-08-04T06:30:00Z,27.279
2026-08-04T07:00:00Z,24.276
2026-08-04T07:30:00Z,24.4965
2026-08-04T08:00:00Z,22.7325
2026-08-04T08:30:00Z,22.9215
2026-08-04T09:00:00Z,22.953
2026-08-04T09:30:00Z,23.1525
2026-08-04T10:00:00Z,21.8505
2026-08-04T10:30:00Z,21.0525
2026-08-04T11:00:00Z,21.8925
2026-08-04T11:30:00Z,20.475
2026-08-04T12:00:00Z,22.113
2026-08-04T12:30:00Z,21.3045
2026-08-04T13:00:00Z,20.538
2026-08-04T13:30:00Z,20.244
2026-08-04T14:00:00Z,20.9685
2026-08-04T14:30:00Z,20.748
2026-08-04T15:00:00Z,35.154
2026-08-04T15:30:00Z,34.062
2026-08-04T16:00:00Z,36.246
2026-08-04T16:30:00Z,37.611
2026-08-04T17:00:00Z,39.417
2026-08-04T17:30:00Z,40.95
2026-08-04T18:00:00Z,30.765
2026-08-04T18:30:00Z,30.7335
2026-08-04T19:00:00Z,31.164
2026-08-04T19:30:00Z,30.4815
2026-08-04T20:00:00Z,30.051
2026-08-04T20:30:00Z,29.085
2026-08-04T21:00:00Z,27.447
2026-08-04T21:30:00Z,25.3365
2026-08-04T22:00:00Z,24.171
2026-08-04T22:30:00Z,24.4965
2026-08-04T23:00:00Z,24.717
2026-08-04T23:30:00Z,23.835
2026-08-05T00:00:00Z,23.1315
2026-08-05T00:30:00Z,23.373
2026-08-05T01:00:00Z,23.1
2026-08-05T01:30:00Z,21.9765
2026-08-05T02:00:00Z,21.483
2026-08-05T02:30:00Z,20.517
2026-08-05T03:00:00Z,22.3125
2026-08-05T03:30:00Z,21.4935
2026-08-05T04:00:00Z,23.73
2026-08-05T04:30:00Z,23.6775
2026-08-05T05:00:00Z,21.9345
2026-08-05T05:30:00Z,23.5935
2026-08-05T06:00:00Z,22.2915
2026-08-05T06:30:00Z,22.5435
2026-08-05T07:00:00Z,17.7765
2026-08-05T07:30:00Z,16.9575
2026-08-05T08:00:00Z,10.2165
2026-08-05T08:30:00Z,5.6595
2026-08-05T09:00:00Z,-1.029
2026-08-05T09:30:00Z,-3.045
2026-08-05T10:00:00Z,-3.318
2026-08-05T10:30:00Z,-3.612
2026-08-05T11:00:00Z,-3.906
2026-08-05T11:30:00Z,-3.906
2026-08-05T12:00:00Z,-4.0635
2026-08-05T12:30:00Z,-4.032
2026-08-05T13:00:00Z,-4.0215
2026-08-05T13:30:00Z,-3.906
2026-08-05T14:00:00Z,-3.906
2026-08-05T14:30:00Z,-3.906
2026-08-05T15:00:00Z,13.041
2026-08-05T15:30:00Z,18.9315
2026-08-05T16:00:00Z,28.161
2026-08-05T16:30:00Z,30.408
2026-08-05T17:00:00Z,33.4005
2026-08-05T17:30:00Z,36.162
2026-08-05T18:00:00Z,25.095
2026-08-05T18:30:00Z,25.347
2026-08-05T19:00:00Z,25.1475
2026-08-05T19:30:00Z,25.032
2026-08-05T20:00:00Z,25.683
2026-08-05T20:30:00Z,25.3785
2026-08-05T21:00:00Z,25.368
2026-08-05T21:30:00Z,24.2025
2026-08-05T22:00:00Z,21.966
2026-08-05T22:30:00Z,19.1415
2026-08-05T23:00:00Z,19.677
2026-08-05T23:30:00Z,19.908
2026-08-06T00:00:00Z,18.774
2026-08-06T00:30:00Z,18.711
2026-08-06T01:00:00Z,18.165
2026-08-06T01:30:00Z,17.997
2026-08-06T02:00:00Z,17.451
2026-08-06T02:30:00Z,16.6005
2026-08-06T03:00:00Z,18.102
2026-08-06T03:30:00Z,18.144
2026-08-06T04:00:00Z,18.249
2026-08-06T04:30:00Z,19.6455
2026-08-06T05:00:00Z,21.084
2026-08-06T05:30:00Z,22.7115
2026-08-06T06:00:00Z,21.462
2026-08-06T06:30:00Z,21.63
2026-08-06T07:00:00Z,13.3455
2026-08-06T07:30:00Z,15.9495
2026-08-06T08:00:00Z,12.264
2026-08-06T08:30:00Z,12.2325
2026-08-06T09:00:00Z,11.298
2026-08-06T09:30:00Z,11.487
2026-08-06T10:00:00Z,11.571
2026-08-06T10:30:00Z,13.4085
2026-08-06T11:00:00Z,12.999
2026-08-06T11:30:00Z,15.2355
2026-08-06T12:00:00Z,16.485
2026-08-06T12:30:00Z,16.674
2026-08-06T13:00:00Z,16.779
2026-08-06T13:30:00Z,17.136
2026-08-06T14:00:00Z,17.766
2026-08-06T14:30:00Z,18.102
2026-08-06T15:00:00Z,34.23
2026-08-06T15:30:00Z,33.81
2026-08-06T16:00:00Z,35.196
2026-08-06T16:30:00Z,36.2145
2026-08-06T17:00:00Z,36.5715
2026-08-06T17:30:00Z,38.64
2026-08-06T18:00:00Z,30.2085
2026-08-06T18:30:00Z,29.9775
2026-08-06T19:00:00Z,30.009
2026-08-06T19:30:00Z,30.2295
2026-08-06T20:00:00Z,29.5995
2026-08-06T20:30:00Z,29.736
2026-08-06T21:00:00Z,28.98
2026-08-06T21:30:00Z,27.804
2026-08-06T22:00:00Z,25.158
2026-08-06T22:30:00Z,25.158
2026-08-06T23:00:00Z,24.0555
2026-08-06T23:30:00Z,23.457
2026-08-07T00:00:00Z,21.9135
2026-08-07T00:30:00Z,21.3465
2026-08-07T01:00:00Z,20.9685
2026-08-07T01:30:00Z,20.5275
2026-08-07T02:00:00Z,20.9685
2026-08-07T02:30:00Z,20.5275
2026-08-07T03:00:00Z,21.8505
2026-08-07T03:30:00Z,21.4095
2026-08-07T04:00:00Z,24.213
2026-08-07T04:30:00Z,24.0765
2026-08-07T05:00:00Z,24.339
2026-08-07T05:30:00Z,25.6935
2026-08-07T06:00:00Z,22.953
2026-08-07T06:30:00Z,24.3495
2026-08-07T07:00:00Z,20.748
2026-08-07T07:30:00Z,18.9945
2026-08-07T08:00:00Z,18.543
2026-08-07T08:30:00Z,14.658
2026-08-07T09:00:00Z,15.75
2026-08-07T09:30:00Z,14.574
2026-08-07T10:00:00Z,14.6265
2026-08-07T10:30:00Z,13.7655
2026-08-07T11:00:00Z,13.965
2026-08-07T11:30:00Z,14.2065
2026-08-07T12:00:00Z,14.133
2026-08-07T12:30:00Z,13.356
2026-08-07T13:00:00Z,14.133
2026-08-07T13:30:00Z,14.028
2026-08-07T14:00:00Z,13.461
2026-08-07T14:30:00Z,12.957
2026-08-07T15:00:00Z,29.568
2026-08-07T15:30:00Z,30.366
2026-08-07T16:00:00Z,34.986
2026-08-07T16:30:00Z,34.713
2026-08-07T17:00:00Z,37.6635
2026-08-07T17:30:00Z,39.165
2026-08-07T18:00:00Z,28.266
2026-08-07T18:30:00Z,28.245
2026-08-07T19:00:00Z,27.51
2026-08-07T19:30:00Z,27.804
2026-08-07T20:00:00Z,28.0875
2026-08-07T20:30:00Z,28.245
2026-08-07T21:00:00Z,26.88
2026-08-07T21:30:00Z,26.0925
2026-08-07T22:00:00Z,25.053
2026-08-07T22:30:00Z,24.276
2026-08-07T23:00:00Z,23.877
2026-08-07T23:30:00Z,22.89
2026-08-08T00:00:00Z,22.2915
2026-08-08T00:30:00Z,22.2915
2026-08-08T01:00:00Z,22.1235
2026-08-08T01:30:00Z,22.8375
2026-08-08T02:00:00Z,23.0895
2026-08-08T02:30:00Z,21.42
2026-08-08T03:00:00Z,22.638
2026-08-08T03:30:00Z,22.3545
2026-08-08T04:00:00Z,23.352
2026-08-08T04:30:00Z,22.932
2026-08-08T05:00:00Z,21.588
2026-08-08T05:30:00Z,22.2495
2026-08-08T06:00:00Z,15.0465
2026-08-08T06:30:00Z,17.661
2026-08-08T07:00:00Z,14.931
2026-08-08T07:30:00Z,13.0725
2026-08-08T08:00:00Z,12.1065
2026-08-08T08:30:00Z,8.064
2026-08-08T09:00:00Z,1.617
2026-08-08T09:30:00Z,-1.2915
2026-08-08T10:00:00Z,-0.861
2026-08-08T10:30:00Z,-2.7195
2026-08-08T11:00:00Z,-3.1185
2026-08-08T11:30:00Z,-4.2
2026-08-08T12:00:00Z,-2.8665
2026-08-08T12:30:00Z,-3.3705
2026-08-08T13:00:00Z,-2.961
2026-08-08T13:30:00Z,-2.9715
2026-08-08T14:00:00Z,-2.8455
2026-08-08T14:30:00Z,-2.079
2026-08-08T15:00:00Z,16.149
2026-08-08T15:30:00Z,21.0
2026-08-08T16:00:00Z,31.8045
2026-08-08T16:30:00Z,33.789
2026-08-08T17:00:00Z,39.081
2026-08-08T17:30:00Z,39.522
2026-08-08T18:00:00Z,27.9825
2026-08-08T18:30:00Z,28.0455
2026-08-08T19:00:00Z,28.833
2026-08-08T19:30:00Z,28.9485
2026-08-08T20:00:00Z,27.3945
2026-08-08T20:30:00Z,26.439
2026-08-08T21:00:00Z,25.0845
2026-08-08T21:30:00Z,23.0895
2026-08-08T22:00:00Z,22.9215
2026-08-08T22:30:00Z,23.73
2026-08-08T23:00:00Z,23.8455
2026-08-08T23:30:00Z,23.6145
2026-08-09T00:00:00Z,21.8505
2026-08-09T00:30:00Z,22.8375
2026-08-09T01:00:00Z,21.8505
2026-08-09T01:30:00Z,22.155
2026-08-09T02:00:00Z,23.2575
2026-08-09T02:30:00Z,22.9215
2026-08-09T03:00:00Z,23.436
2026-08-09T03:30:00Z,23.3415
2026-08-09T04:00:00Z,22.4175
2026-08-09T04:30:00Z,21.42
2026-08-09T05:00:00Z,19.0365
2026-08-09T05:30:00Z,18.5535
2026-08-09T06:00:00Z,13.9545
2026-08-09T06:30:00Z,14.259
2026-08-09T07:00:00Z,9.303
2026-08-09T07:30:00Z,8.1585
2026-08-09T08:00:00Z,4.7985
2026-08-09T08:30:00Z,2.751
2026-08-09T09:00:00Z,2.4465
2026-08-09T09:30:00Z,2.0895
2026-08-09T10:00:00Z,1.806
2026-08-09T10:30:00Z,1.68
2026-08-09T11:00:00Z,2.2365
2026-08-09T11:30:00Z,2.2365
2026-08-09T12:00:00Z,2.226
2026-08-09T12:30:00Z,1.008
2026-08-09T13:00:00Z,1.827
2026-08-09T13:30:00Z,2.415
2026-08-09T14:00:00Z,3.9375
2026-08-09T14:30:00Z,6.2475
2026-08-09T15:00:00Z,24.8535
2026-08-09T15:30:00Z,27.909
2026-08-09T16:00:00Z,36.8865
2026-08-09T16:30:00Z,35.7
2026-08-09T17:00:00Z,39.1755
2026-08-09T17:30:00Z,37.9365
2026-08-09T18:00:00Z,29.127
2026-08-09T18:30:00Z,29.568
2026-08-09T19:00:00Z,29.568
2026-08-09T19:30:00Z,30.03
2026-08-09T20:00:00Z,29.022
2026-08-09T20:30:00Z,28.9905
2026-08-09T21:00:00Z,27.9825
2026-08-09T21:30:00Z,25.8615
2026-08-09T22:00:00Z,24.8535
2026-08-09T22:30:00Z,23.31
2026-08-09T23:00:00Z,21.777
2026-08-09T23:30:00Z,22.575
2026-08-10T00:00:00Z,21.777
2026-08-10T00:30:00Z,21.924
2026-08-10T01:00:00Z,20.9685
2026-08-10T01:30:00Z,20.5905
2026-08-10T02:00:00Z,21.0945
2026-08-10T02:30:00Z,20.748
2026-08-10T03:00:00Z,21.441
2026-08-10T03:30:00Z,21.5565
2026-08-10T04:00:00Z,24.8115
2026-08-10T04:30:00Z,25.032
2026-08-10T05:00:00Z,24.675
2026-08-10T05:30:00Z,25.788
2026-08-10T06:00:00Z,24.5595
2026-08-10T06:30:00Z,25.767
2026-08-10T07:00:00Z,26.1345
2026-08-10T07:30:00Z,25.179
2026-08-10T08:00:00Z,20.3175
2026-08-10T08:30:00Z,21.483
2026-08-10T09:00:00Z,19.089
2026-08-10T09:30:00Z,20.412
2026-08-10T10:00:00Z,19.803
2026-08-10T10:30:00Z,19.383
2026-08-10T11:00:00Z,19.6035
2026-08-10T11:30:00Z,19.3935
2026-08-10T12:00:00Z,19.089
2026-08-10T12:30:00Z,19.089
2026-08-10T13:00:00Z,19.2675
2026-08-10T13:30:00Z,19.383
2026-08-10T14:00:00Z,19.866
2026-08-10T14:30:00Z,19.7505
2026-08-10T15:00:00Z,32.6865
2026-08-10T15:30:00Z,33.7155
2026-08-10T16:00:00Z,35.2905
2026-08-10T16:30:00Z,38.241
2026-08-10T17:00:00Z,42.0
2026-08-10T17:30:00Z,44.646
2026-08-10T18:00:00Z,34.0515
2026-08-10T18:30:00Z,33.642
2026-08-10T19:00:00Z,33.6315
2026-08-10T19:30:00Z,33.474
2026-08-10T20:00:00Z,34.293
2026-08-10T20:30:00Z,31.458
2026-08-10T21:00:00Z,29.5365
2026-08-10T21:30:00Z,27.6045
2026-08-10T22:00:00Z,24.9375
2026-08-10T22:30:00Z,24.717
2026-08-10T23:00:00Z,24.2865
2026-08-10T23:30:00Z,24.8325
2026-08-11T00:00:00Z,22.89
2026-08-11T00:30:00Z,22.6485
2026-08-11T01:00:00Z,23.0685
2026-08-11T01:30:00Z,22.7955
2026-08-11T02:00:00Z,22.47
2026-08-11T02:30:00Z,21.987
2026-08-11T03:00:00Z,24.108
2026-08-11T03:30:00Z,23.9715
2026-08-11T04:00:00Z,26.922
2026-08-11T04:30:00Z,27.1005
2026-08-11T05:00:00Z,26.3025
2026-08-11T05:30:00Z,28.9065
2026-08-11T06:00:00Z,26.481
2026-08-11T06:30:00Z,27.174
2026-08-11T07:00:00Z,26.2605
2026-08-11T07:30:00Z,25.7775
2026-08-11T08:00:00Z,24.9375
2026-08-11T08:30:00Z,25.641
2026-08-11T09:00:00Z,23.772
2026-08-11T09:30:00Z,22.953
2026-08-11T10:00:00Z,20.307
2026-08-11T10:30:00Z,19.32
2026-08-11T11:00:00Z,19.4565
2026-08-11T11:30:00Z,18.7635
2026-08-11T12:00:00Z,17.9655
2026-08-11T12:30:00Z,16.758
2026-08-11T13:00:00Z,17.136
2026-08-11T13:30:00Z,17.7555
2026-08-11T14:00:00Z,17.955
2026-08-11T14:30:00Z,18.228
2026-08-11T15:00:00Z,30.786
2026-08-11T15:30:00Z,31.143
2026-08-11T16:00:00Z,38.199
2026-08-11T16:30:00Z,37.758
2026-08-11T17:00:00Z,43.4175
2026-08-11T17:30:00Z,45.3705
2026-08-11T18:00:00Z,32.7495
2026-08-11T18:30:00Z,33.5475
2026-08-11T19:00:00Z,32.1825
2026-08-11T19:30:00Z,32.298
2026-08-11T20:00:00Z,30.492
2026-08-11T20:30:00Z,29.61
2026-08-11T21:00:00Z,27.888
2026-08-11T21:30:00Z,25.956
2026-08-11T22:00:00Z,26.649
2026-08-11T22:30:00Z,24.549
2026-08-11T23:00:00Z,24.003
2026-08-11T23:30:00Z,22.7745
2026-08-12T00:00:00Z,22.554
2026-08-12T00:30:00Z,22.911
2026-08-12T01:00:00Z,22.68
2026-08-12T01:30:00Z,22.176
2026-08-12T02:00:00Z,22.9635
2026-08-12T02:30:00Z,22.6485
2026-08-12T03:00:00Z,23.415
2026-08-12T03:30:00Z,22.827
2026-08-12T04:00:00Z,24.7485
2026-08-12T04:30:00Z,25.3365
2026-08-12T05:00:00Z,25.4835
2026-08-12T05:30:00Z,28.0245
2026-08-12T06:00:00Z,24.9375
2026-08-12T06:30:00Z,26.9535
2026-08-12T07:00:00Z,22.722
2026-08-12T07:30:00Z,22.239
2026-08-12T08:00:00Z,22.239
2026-08-12T08:30:00Z,22.7535
2026-08-12T09:00:00Z,20.3385
2026-08-12T09:30:00Z,18.396
2026-08-12T10:00:00Z,17.4615
2026-08-12T10:30:00Z,17.4615
2026-08-12T11:00:00Z,18.3645
2026-08-12T11:30:00Z,18.165
2026-08-12T12:00:00Z,17.661
2026-08-12T12:30:00Z,17.514
2026-08-12T13:00:00Z,17.85
2026-08-12T13:30:00Z,19.341
2026-08-12T14:00:00Z,20.748
2026-08-12T14:30:00Z,21.9765
2026-08-12T15:00:00Z,38.85
2026-08-12T15:30:00Z,36.834
2026-08-12T16:00:00Z,43.5855
2026-08-12T16:30:00Z,46.956
2026-08-12T17:00:00Z,57.0885
2026-08-12T17:30:00Z,60.102
2026-08-12T18:00:00Z,49.0035
2026-08-12T18:30:00Z,48.237
2026-08-12T19:00:00Z,42.84
2026-08-12T19:30:00Z,41.034
2026-08-12T20:00:00Z,35.4165
2026-08-12T20:30:00Z,33.537
2026-08-12T21:00:00Z,31.0065
2026-08-12T21:30:00Z,28.4025
2026-08-12T22:00:00Z,25.515
2026-08-12T22:30:00Z,26.124
2026-08-12T23:00:00Z,24.423
2026-08-12T23:30:00Z,24.213
2026-08-13T00:00:00Z,23.289
2026-08-13T00:30:00Z,23.793
2026-08-13T01:00:00Z,23.415
2026-08-13T01:30:00Z,23.415
2026-08-13T02:00:00Z,23.6565
2026-08-13T02:30:00Z,23.9715
2026-08-13T03:00:00Z,26.019
2026-08-13T03:30:00Z,25.9245
2026-08-13T04:00:00Z,28.0245
2026-08-13T04:30:00Z,28.2975
2026-08-13T05:00:00Z,28.329
2026-08-13T05:30:00Z,29.1585
2026-08-13T06:00:00Z,25.053
2026-08-13T06:30:00Z,27.0585
2026-08-13T07:00:00Z,26.88
2026-08-13T07:30:00Z,25.62
2026-08-13T08:00:00Z,27.6255
2026-08-13T08:30:00Z,27.93
2026-08-13T09:00:00Z,25.599
2026-08-13T09:30:00Z,23.394
2026-08-13T10:00:00Z,23.163
2026-08-13T10:30:00Z,22.575
2026-08-13T11:00:00Z,22.7115
2026-08-13T11:30:00Z,22.7955
2026-08-13T12:00:00Z,22.575
2026-08-13T12:30:00Z,22.4175
2026-08-13T13:00:00Z,22.2705
2026-08-13T13:30:00Z,22.302
2026-08-13T14:00:00Z,21.882
2026-08-13T14:30:00Z,22.512
2026-08-13T15:00:00Z,38.4615
2026-08-13T15:30:00Z,38.5035
2026-08-13T16:00:00Z,46.0845
2026-08-13T16:30:00Z,50.148
2026-08-13T17:00:00Z,70.6125
2026-08-13T17:30:00Z,71.631
2026-08-13T18:00:00Z,59.4195
2026-08-13T18:30:00Z,60.438
2026-08-13T19:00:00Z,47.103
2026-08-13T19:30:00Z,46.368
2026-08-13T20:00:00Z,40.593
2026-08-13T20:30:00Z,35.553
2026-08-13T21:00:00Z,33.621
2026-08-13T21:30:00Z,32.214
2026-08-13T22:00:00Z,29.4105
2026-08-13T22:30:00Z,29.043
2026-08-13T23:00:00Z,27.1425
2026-08-13T23:30:00Z,26.271
2026-08-14T00:00:00Z,25.5675
2026-08-14T00:30:00Z,24.9375
2026-08-14T01:00:00Z,24.801
2026-08-14T01:30:00Z,24.6435
2026-08-14T02:00:00Z,25.0635
2026-08-14T02:30:00Z,24.6855
2026-08-14T03:00:00Z,26.9745
2026-08-14T03:30:00Z,27.2265
2026-08-14T04:00:00Z,29.3055
2026-08-14T04:30:00Z,30.009
2026-08-14T05:00:00Z,29.547
2026-08-14T05:30:00Z,30.4815
2026-08-14T06:00:00Z,28.0245
2026-08-14T06:30:00Z,28.581
2026-08-14T07:00:00Z,24.843
2026-08-14T07:30:00Z,24.5595
2026-08-14T08:00:00Z,23.793
2026-08-14T08:30:00Z,24.717
2026-08-14T09:00:00Z,24.171
2026-08-14T09:30:00Z,22.68
2026-08-14T10:00:00Z,22.554
2026-08-14T10:30:00Z,22.1865
2026-08-14T11:00:00Z,22.1865
2026-08-14T11:30:00Z,22.1865
2026-08-14T12:00:00Z,21.8505
2026-08-14T12:30:00Z,21.7665
2026-08-14T13:00:00Z,21.7035
2026-08-14T13:30:00Z,22.008
2026-08-14T14:00:00Z,22.2495
2026-08-14T14:30:00Z,22.0185
2026-08-14T15:00:00Z,37.065
2026-08-14T15:30:00Z,36.876
2026-08-14T16:00:00Z,43.9425
2026-08-14T16:30:00Z,45.6855
2026-08-14T17:00:00Z,50.9355
2026-08-14T17:30:00Z,53.3925
2026-08-14T18:00:00Z,40.0995
2026-08-14T18:30:00Z,42.315
2026-08-14T19:00:00Z,39.753
2026-08-14T19:30:00Z,40.383
2026-08-14T20:00:00Z,35.1015
2026-08-14T20:30:00Z,34.6815
2026-08-14T21:00:00Z,31.9935
2026-08-14T21:30:00Z,30.807
2026-08-14T22:00:00Z,27.804
2026-08-14T22:30:00Z,29.085
2026-08-14T23:00:00Z,28.4655
2026-08-14T23:30:00Z,27.1845
2026-08-15T00:00:00Z,27.573
2026-08-15T00:30:00Z,26.502
2026-08-15T01:00:00Z,25.599
2026-08-15T01:30:00Z,24.7905
2026-08-15T02:00:00Z,25.0845
2026-08-15T02:30:00Z,24.6225
2026-08-15T03:00:00Z,27.0165
2026-08-15T03:30:00Z,26.4705
2026-08-15T04:00:00Z,26.25
2026-08-15T04:30:00Z,26.397
2026-08-15T05:00:00Z,25.704
2026-08-15T05:30:00Z,27.6255
2026-08-15T06:00:00Z,22.7325
2026-08-15T06:30:00Z,26.7015
2026-08-15T07:00:00Z,22.9215
2026-08-15T07:30:00Z,22.4805
2026-08-15T08:00:00Z,23.5515
2026-08-15T08:30:00Z,23.6355
2026-08-15T09:00:00Z,19.656
2026-08-15T09:30:00Z,17.661
2026-08-15T10:00:00Z,16.5585
2026-08-15T10:30:00Z,15.456
2026-08-15T11:00:00Z,16.9995
2026-08-15T11:30:00Z,16.338
2026-08-15T12:00:00Z,15.3615
2026-08-15T12:30:00Z,15.7395
2026-08-15T13:00:00Z,14.574
2026-08-15T13:30:00Z,13.7655
2026-08-15T14:00:00Z,15.015
2026-08-15T14:30:00Z,15.8655
2026-08-15T15:00:00Z,33.1275
2026-08-15T15:30:00Z,33.1275
2026-08-15T16:00:00Z,38.4615
2026-08-15T16:30:00Z,40.4355
2026-08-15T17:00:00Z,41.5485
2026-08-15T17:30:00Z,43.8165
2026-08-15T18:00:00Z,32.5815
2026-08-15T18:30:00Z,32.8965
2026-08-15T19:00:00Z,31.9935
2026-08-15T19:30:00Z,32.0985
2026-08-15T20:00:00Z,31.71
2026-08-15T20:30:00Z,31.668
2026-08-15T21:00:00Z,31.773
2026-08-15T21:30:00Z,29.8095
2026-08-15T22:00:00Z,30.0195
2026-08-15T22:30:00Z,27.804
2026-08-15T23:00:00Z,28.182
2026-08-15T23:30:00Z,27.384
2026-08-16T00:00:00Z,26.7015
2026-08-16T00:30:00Z,26.313
2026-08-16T01:00:00Z,25.788
2026-08-16T01:30:00Z,25.8615
2026-08-16T02:00:00Z,26.1345
2026-08-16T02:30:00Z,25.8615
2026-08-16T03:00:00Z,26.271
2026-08-16T03:30:00Z,26.145
2026-08-16T04:00:00Z,27.027
2026-08-16T04:30:00Z,26.2815
2026-08-16T05:00:00Z,25.683
2026-08-16T05:30:00Z,26.103
2026-08-16T06:00:00Z,24.276
2026-08-16T06:30:00Z,24.9375
2026-08-16T07:00:00Z,24.0555
2026-08-16T07:30:00Z,24.3915
2026-08-16T08:00:00Z,24.6645
2026-08-16T08:30:00Z,24.0555
2026-08-16T09:00:00Z,25.5045
2026-08-16T09:30:00Z,24.9375
2026-08-16T10:00:00Z,24.255
2026-08-16T10:30:00Z,23.4885
2026-08-16T11:00:00Z,23.4255
2026-08-16T11:30:00Z,22.3335
2026-08-16T12:00:00Z,22.764
2026-08-16T12:30:00Z,22.302
2026-08-16T13:00:00Z,21.4095
2026-08-16T13:30:00Z,21.651
2026-08-16T14:00:00Z,22.953
2026-08-16T14:30:00Z,22.827
2026-08-16T15:00:00Z,36.8445
2026-08-16T15:30:00Z,37.5375
2026-08-16T16:00:00Z,41.79
2026-08-16T16:30:00Z,43.701
2026-08-16T17:00:00Z,44.3415
2026-08-16T17:30:00Z,45.276
2026-08-16T18:00:00Z,34.7865
2026-08-16T18:30:00Z,34.755
2026-08-16T19:00:00Z,35.616
2026-08-16T19:30:00Z,35.301
2026-08-16T20:00:00Z,35.889
2026-08-16T20:30:00Z,35.7105
2026-08-16T21:00:00Z,33.747
2026-08-16T21:30:00Z,32.004
2026-08-16T22:00:00Z,34.4085
2026-08-16T22:30:00Z,32.298
2026-08-16T23:00:00Z,31.1955
2026-08-16T23:30:00Z,31.5525
2026-08-17T00:00:00Z,30.66
2026-08-17T00:30:00Z,29.631
2026-08-17T01:00:00Z,29.358
2026-08-17T01:30:00Z,29.4315
2026-08-17T02:00:00Z,29.8095
2026-08-17T02:30:00Z,29.3265
2026-08-17T03:00:00Z,31.0275
2026-08-17T03:30:00Z,29.2845
2026-08-17T04:00:00Z,33.663
2026-08-17T04:30:00Z,34.0305
2026-08-17T05:00:00Z,34.944
2026-08-17T05:30:00Z,35.7
2026-08-17T06:00:00Z,36.4245
2026-08-17T06:30:00Z,38.4405
2026-08-17T07:00:00Z,37.611
2026-08-17T07:30:00Z,37.5375
2026-08-17T08:00:00Z,32.13
2026-08-17T08:30:00Z,32.7285
2026-08-17T09:00:00Z,34.755
2026-08-17T09:30:00Z,34.482
2026-08-17T10:00:00Z,30.639
2026-08-17T10:30:00Z,30.891
2026-08-17T11:00:00Z,31.122
2026-08-17T11:30:00Z,30.555
2026-08-17T12:00:00Z,30.6705
2026-08-17T12:30:00Z,30.45
2026-08-17T13:00:00Z,28.434
2026-08-17T13:30:00Z,28.3185
2026-08-17T14:00:00Z,29.232
2026-08-17T14:30:00Z,30.45
2026-08-17T15:00:00Z,42.6615
2026-08-17T15:30:00Z,41.202
2026-08-17T16:00:00Z,45.3915
2026-08-17T16:30:00Z,48.783
2026-08-17T17:00:00Z,50.7465
2026-08-17T17:30:00Z,50.988
2026-08-17T18:00:00Z,35.9625
2026-08-17T18:30:00Z,35.0595
2026-08-17T19:00:00Z,36.204
2026-08-17T19:30:00Z,35.826
2026-08-17T20:00:00Z,35.3325
2026-08-17T20:30:00Z,33.789
2026-08-17T21:00:00Z,31.206
2026-08-17T21:30:00Z,28.602
2026-08-17T22:00:00Z,28.8225
2026-08-17T22:30:00Z,28.056
2026-08-17T23:00:00Z,27.594
2026-08-17T23:30:00Z,26.1765
2026-08-18T00:00:00Z,24.276
2026-08-18T00:30:00Z,25.074
2026-08-18T01:00:00Z,25.3995
2026-08-18T01:30:00Z,24.36
2026-08-18T02:00:00Z,24.171
2026-08-18T02:30:00Z,23.6145
2026-08-18T03:00:00Z,24.3915
2026-08-18T03:30:00Z,24.234
2026-08-18T04:00:00Z,26.397
2026-08-18T04:30:00Z,26.6595
2026-08-18T05:00:00Z,28.2765
2026-08-18T05:30:00Z,29.9775
2026-08-18T06:00:00Z,28.4655
2026-08-18T06:30:00Z,29.568
2026-08-18T07:00:00Z,27.363
2026-08-18T07:30:00Z,28.1295
2026-08-18T08:00:00Z,25.263
2026-08-18T08:30:00Z,25.074
2026-08-18T09:00:00Z,23.6145
2026-08-18T09:30:00Z,22.4175
2026-08-18T10:00:00Z,21.9345
2026-08-18T10:30:00Z,22.5225
2026-08-18T11:00:00Z,22.848
2026-08-18T11:30:00Z,22.176
2026-08-18T12:00:00Z,22.008
2026-08-18T12:30:00Z,21.672
2026-08-18T13:00:00Z,22.554
2026-08-18T13:30:00Z,22.071
2026-08-18T14:00:00Z,22.953
2026-08-18T14:30:00Z,23.6775
2026-08-18T15:00:00Z,37.926
2026-08-18T15:30:00Z,38.8395
2026-08-18T16:00:00Z,42.483
2026-08-18T16:30:00Z,44.7195
2026-08-18T17:00:00Z,46.3995
2026-08-18T17:30:00Z,47.3865
2026-08-18T18:00:00Z,34.02
2026-08-18T18:30:00Z,35.112
2026-08-18T19:00:00Z,34.188
2026-08-18T19:30:00Z,34.7235
2026-08-18T20:00:00Z,34.7655
2026-08-18T20:30:00Z,33.453
2026-08-18T21:00:00Z,31.71
2026-08-18T21:30:00Z,28.686
2026-08-18T22:00:00Z,30.072
2026-08-18T22:30:00Z,30.9435
2026-08-18T23:00:00Z,28.2555
2026-08-18T23:30:00Z,27.5835
2026-08-19T00:00:00Z,26.04
2026-08-19T00:30:00Z,25.9665
2026-08-19T01:00:00Z,26.334
2026-08-19T01:30:00Z,25.767
2026-08-19T02:00:00Z,26.25
2026-08-19T02:30:00Z,25.893
2026-08-19T03:00:00Z,26.418
2026-08-19T03:30:00Z,26.586
2026-08-19T04:00:00Z,30.954
2026-08-19T04:30:00Z,31.332
2026-08-19T05:00:00Z,31.584
2026-08-19T05:30:00Z,32.109
2026-08-19T06:00:00Z,29.7675
2026-08-19T06:30:00Z,30.807
2026-08-19T07:00:00Z,28.9485
2026-08-19T07:30:00Z,27.804
2026-08-19T08:00:00Z,27.1215
2026-08-19T08:30:00Z,26.082
2026-08-19T09:00:00Z,25.0215
2026-08-19T09:30:00Z,24.4125
2026-08-19T10:00:00Z,23.877
2026-08-19T10:30:00Z,23.835
2026-08-19T11:00:00Z,23.835
2026-08-19T11:30:00Z,23.835
2026-08-19T12:00:00Z,23.5305
2026-08-19T12:30:00Z,23.4045
2026-08-19T13:00:00Z,23.5305
2026-08-19T13:30:00Z,23.5305
2026-08-19T14:00:00Z,23.6145
2026-08-19T14:30:00Z,23.835
2026-08-19T15:00:00Z,38.8605
2026-08-19T15:30:00Z,39.627
2026-08-19T16:00:00Z,41.727
2026-08-19T16:30:00Z,43.449
2026-08-19T17:00:00Z,46.452
2026-08-19T17:30:00Z,48.069
2026-08-19T18:00:00Z,37.2855
2026-08-19T18:30:00Z,37.2855
2026-08-19T19:00:00Z,37.2855
2026-08-19T19:30:00Z,37.0545
2026-08-19T20:00:00Z,37.065
2026-08-19T20:30:00Z,34.419
2026-08-19T21:00:00Z,34.419
2026-08-19T21:30:00Z,31.4055
2026-08-19T22:00:00Z,28.7385
2026-08-19T22:30:00Z,30.2925
2026-08-19T23:00:00Z,27.4575
2026-08-19T23:30:00Z,25.7775
2026-08-20T00:00:00Z,25.8825
2026-08-20T00:30:00Z,24.717
2026-08-20T01:00:00Z,24.717
2026-08-20T01:30:00Z,24.1185
2026-08-20T02:00:00Z,24.9375
2026-08-20T02:30:00Z,24.7065
2026-08-20T03:00:00Z,25.893
2026-08-20T03:30:00Z,25.935
2026-08-20T04:00:00Z,28.182
2026-08-20T04:30:00Z,28.455
2026-08-20T05:00:00Z,29.7045
2026-08-20T05:30:00Z,31.1115
2026-08-20T06:00:00Z,27.8985
2026-08-20T06:30:00Z,28.875
2026-08-20T07:00:00Z,24.8535
2026-08-20T07:30:00Z,27.783
2026-08-20T08:00:00Z,24.801
2026-08-20T08:30:00Z,23.835
2026-08-20T09:00:00Z,24.276
2026-08-20T09:30:00Z,23.919
2026-08-20T10:00:00Z,24.0975
2026-08-20T10:30:00Z,23.478
2026-08-20T11:00:00Z,23.835
2026-08-20T11:30:00Z,23.646
2026-08-20T12:00:00Z,23.667
2026-08-20T12:30:00Z,23.688
2026-08-20T13:00:00Z,23.016
2026-08-20T13:30:00Z,22.8585
2026-08-20T14:00:00Z,23.6145
2026-08-20T14:30:00Z,22.869
2026-08-20T15:00:00Z,34.4505
2026-08-20T15:30:00Z,36.2145
2026-08-20T16:00:00Z,38.703
2026-08-20T16:30:00Z,40.446
2026-08-20T17:00:00Z,42.168
2026-08-20T17:30:00Z,43.2705
2026-08-20T18:00:00Z,32.529
2026-08-20T18:30:00Z,32.7705
2026-08-20T19:00:00Z,32.9595
2026-08-20T19:30:00Z,33.4845
2026-08-20T20:00:00Z,33.2955
2026-08-20T20:30:00Z,33.0225
2026-08-20T21:00:00Z,30.576
2026-08-20T21:30:00Z,29.0325
2026-08-20T22:00:00Z,28.266
2026-08-20T22:30:00Z,28.686
2026-08-20T23:00:00Z,26.6805
2026-08-20T23:30:00Z,26.439
2026-08-21T00:00:00Z,25.977
2026-08-21T00:30:00Z,26.103
2026-08-21T01:00:00Z,25.9665
2026-08-21T01:30:00Z,25.4625
2026-08-21T02:00:00Z,25.83
2026-08-21T02:30:00Z,25.368
2026-08-21T03:00:00Z,26.817
2026-08-21T03:30:00Z,26.5755
2026-08-21T04:00:00Z,30.4185
2026-08-21T04:30:00Z,30.975
2026-08-21T05:00:00Z,32.319
2026-08-21T05:30:00Z,33.0015
2026-08-21T06:00:00Z,32.0355
2026-08-21T06:30:00Z,32.8545
2026-08-21T07:00:00Z,28.245
2026-08-21T07:30:00Z,28.203
2026-08-21T08:00:00Z,27.4785
2026-08-21T08:30:00Z,26.04
2026-08-21T09:00:00Z,24.0555
2026-08-21T09:30:00Z,23.6145
2026-08-21T10:00:00Z,24.2235
2026-08-21T10:30:00Z,24.717
2026-08-21T11:00:00Z,24.1605
2026-08-21T11:30:00Z,24.0555
2026-08-21T12:00:00Z,24.423
2026-08-21T12:30:00Z,24.0555
2026-08-21T13:00:00Z,24.297
2026-08-21T13:30:00Z,24.0555
2026-08-21T14:00:00Z,24.8115
2026-08-21T14:30:00Z,24.822
2026-08-21T15:00:00Z,40.236
2026-08-21T15:30:00Z,39.7005
2026-08-21T16:00:00Z,41.2335
2026-08-21T16:30:00Z,43.1445
2026-08-21T17:00:00Z,43.7325
2026-08-21T17:30:00Z,44.919
2026-08-21T18:00:00Z,34.041
2026-08-21T18:30:00Z,34.314
2026-08-21T19:00:00Z,34.86
2026-08-21T19:30:00Z,34.86
2026-08-21T20:00:00Z,34.4505
2026-08-21T20:30:00Z,33.0435
2026-08-21T21:00:00Z,30.6705
2026-08-21T21:30:00Z,28.2135
2026-08-21T22:00:00Z,26.523
2026-08-21T22:30:00Z,28.4655
2026-08-21T23:00:00Z,27.6045
2026-08-21T23:30:00Z,27.804
2026-08-22T00:00:00Z,26.7225
2026-08-22T00:30:00Z,27.363
2026-08-22T01:00:00Z,25.452
2026-08-22T01:30:00Z,25.872
2026-08-22T02:00:00Z,26.1345
2026-08-22T02:30:00Z,25.116
2026-08-22T03:00:00Z,25.3995
2026-08-22T03:30:00Z,24.9165
2026-08-22T04:00:00Z,26.0085
2026-08-22T04:30:00Z,25.2105
2026-08-22T05:00:00Z,22.1865
2026-08-22T05:30:00Z,22.3335
2026-08-22T06:00:00Z,20.0445
2026-08-22T06:30:00Z,20.5485
2026-08-22T07:00:00Z,17.3355
2026-08-22T07:30:00Z,16.8
2026-08-22T08:00:00Z,14.8995
2026-08-22T08:30:00Z,14.364
2026-08-22T09:00:00Z,16.779
2026-08-22T09:30:00Z,16.5795
2026-08-22T10:00:00Z,16.8525
2026-08-22T10:30:00Z,15.918
2026-08-22T11:00:00Z,17.1885
2026-08-22T11:30:00Z,16.464
2026-08-22T12:00:00Z,16.8525
2026-08-22T12:30:00Z,16.8
2026-08-22T13:00:00Z,15.477
2026-08-22T13:30:00Z,16.548
2026-08-22T14:00:00Z,16.674
2026-08-22T14:30:00Z,16.905
2026-08-22T15:00:00Z,32.8755
2026-08-22T15:30:00Z,33.348
2026-08-22T16:00:00Z,38.7765
2026-08-22T16:30:00Z,41.5065
2026-08-22T17:00:00Z,41.685
2026-08-22T17:30:00Z,42.588
2026-08-22T18:00:00Z,30.45
2026-08-22T18:30:00Z,31.668
2026-08-22T19:00:00Z,32.2035
2026-08-22T19:30:00Z,32.739
2026-08-22T20:00:00Z,32.8755
2026-08-22T20:30:00Z,31.3845
2026-08-22T21:00:00Z,32.9175
2026-08-22T21:30:00Z,29.967
2026-08-22T22:00:00Z,27.9195
2026-08-22T22:30:00Z,27.657
2026-08-22T23:00:00Z,27.51
2026-08-22T23:30:00Z,27.258
2026-08-23T00:00:00Z,27.9825
2026-08-23T00:30:00Z,27.594
2026-08-23T01:00:00Z,27.5835
2026-08-23T01:30:00Z,26.2815
2026-08-23T02:00:00Z,26.544
2026-08-23T02:30:00Z,25.2105
2026-08-23T03:00:00Z,25.683
2026-08-23T03:30:00Z,24.969
2026-08-23T04:00:00Z,25.914
2026-08-23T04:30:00Z,25.011
2026-08-23T05:00:00Z,26.082
2026-08-23T05:30:00Z,26.271
2026-08-23T06:00:00Z,26.4285
2026-08-23T06:30:00Z,26.082
2026-08-23T07:00:00Z,25.6095
2026-08-23T07:30:00Z,25.0215
2026-08-23T08:00:00Z,22.2075
2026-08-23T08:30:00Z,21.357
2026-08-23T09:00:00Z,21.3885
2026-08-23T09:30:00Z,21.4095
2026-08-23T10:00:00Z,21.105
2026-08-23T10:30:00Z,20.9685
2026-08-23T11:00:00Z,20.391
2026-08-23T11:30:00Z,20.643
2026-08-23T12:00:00Z,22.176
2026-08-23T12:30:00Z,22.2915
2026-08-23T13:00:00Z,22.2915
2026-08-23T13:30:00Z,22.6065
2026-08-23T14:00:00Z,24.276
2026-08-23T14:30:00Z,24.864
2026-08-23T15:00:00Z,41.328
2026-08-23T15:30:00Z,40.1835
2026-08-23T16:00:00Z,40.7295
2026-08-23T16:30:00Z,43.3965
2026-08-23T17:00:00Z,45.444
2026-08-23T17:30:00Z,46.2315
2026-08-23T18:00:00Z,33.306
2026-08-23T18:30:00Z,33.3165
2026-08-23T19:00:00Z,33.537
2026-08-23T19:30:00Z,33.3165
2026-08-23T20:00:00Z,33.537
2026-08-23T20:30:00Z,32.382
2026-08-23T21:00:00Z,31.731
2026-08-23T21:30:00Z,29.127
2026-08-23T22:00:00Z,23.835
2026-08-23T22:30:00Z,25.0635
2026-08-23T23:00:00Z,26.1135
2026-08-23T23:30:00Z,25.8195
2026-08-24T00:00:00Z,25.8825
2026-08-24T00:30:00Z,26.0295
2026-08-24T01:00:00Z,25.809
2026-08-24T01:30:00Z,25.41
2026-08-24T02:00:00Z,25.683
2026-08-24T02:30:00Z,25.4205
2026-08-24T03:00:00Z,27.5835
2026-08-24T03:30:00Z,25.9035
2026-08-24T04:00:00Z,32.55
2026-08-24T04:30:00Z,31.332
2026-08-24T05:00:00Z,32.949
2026-08-24T05:30:00Z,33.537
2026-08-24T06:00:00Z,31.4055
2026-08-24T06:30:00Z,32.3715
2026-08-24T07:00:00Z,30.4605
2026-08-24T07:30:00Z,30.597
2026-08-24T08:00:00Z,28.9065
2026-08-24T08:30:00Z,28.0245
2026-08-24T09:00:00Z,27.4995
2026-08-24T09:30:00Z,26.8905
2026-08-24T10:00:00Z,27.2055
2026-08-24T10:30:00Z,25.8825
2026-08-24T11:00:00Z,25.5465
2026-08-24T11:30:00Z,25.242
2026-08-24T12:00:00Z,25.2
2026-08-24T12:30:00Z,24.7275
2026-08-24T13:00:00Z,24.129
2026-08-24T13:30:00Z,24.024
2026-08-24T14:00:00Z,23.6565
2026-08-24T14:30:00Z,24.381
2026-08-24T15:00:00Z,37.6005
2026-08-24T15:30:00Z,37.8525
2026-08-24T16:00:00Z,41.0445
2026-08-24T16:30:00Z,43.9425
2026-08-24T17:00:00Z,46.7985
2026-08-24T17:30:00Z,48.0165
2026-08-24T18:00:00Z,34.125
2026-08-24T18:30:00Z,34.1985
2026-08-24T19:00:00Z,33.2325
2026-08-24T19:30:00Z,32.4975
2026-08-24T20:00:00Z,31.0905
2026-08-24T20:30:00Z,29.7885
2026-08-24T21:00:00Z,27.426
2026-08-24T21:30:00Z,25.6935
2026-08-24T22:00:00Z,26.943
2026-08-24T22:30:00Z,27.636
2026-08-24T23:00:00Z,26.124
2026-08-24T23:30:00Z,25.7565
2026-08-25T00:00:00Z,25.326
2026-08-25T00:30:00Z,25.851
2026-08-25T01:00:00Z,26.124
2026-08-25T01:30:00Z,25.578
2026-08-25T02:00:00Z,25.2525
2026-08-25T02:30:00Z,24.6645
2026-08-25T03:00:00Z,26.46
2026-08-25T03:30:00Z,26.103
2026-08-25T04:00:00Z,30.45
2026-08-25T04:30:00Z,30.954
2026-08-25T05:00:00Z,32.1825
2026-08-25T05:30:00Z,32.424
2026-08-25T06:00:00Z,31.3005
2026-08-25T06:30:00Z,32.046
2026-08-25T07:00:00Z,31.773
2026-08-25T07:30:00Z,31.1115
2026-08-25T08:00:00Z,28.4655
2026-08-25T08:30:00Z,24.7485
2026-08-25T09:00:00Z,23.94
2026-08-25T09:30:00Z,20.0865
2026-08-25T10:00:00Z,19.824
2026-08-25T10:30:00Z,21.147
2026-08-25T11:00:00Z,19.2675
2026-08-25T11:30:00Z,19.593
2026-08-25T12:00:00Z,19.3515
2026-08-25T12:30:00Z,19.6665
2026-08-25T13:00:00Z,21.6195
2026-08-25T13:30:00Z,20.1915
2026-08-25T14:00:00Z,21.084
2026-08-25T14:30:00Z,23.1105
2026-08-25T15:00:00Z,37.5375
2026-08-25T15:30:00Z,37.758
2026-08-25T16:00:00Z,41.832
2026-08-25T16:30:00Z,47.565
2026-08-25T17:00:00Z,48.2265
2026-08-25T17:30:00Z,49.7385
2026-08-25T18:00:00Z,36.8865
2026-08-25T18:30:00Z,37.17
2026-08-25T19:00:00Z,32.9595
2026-08-25T19:30:00Z,32.7285
2026-08-25T20:00:00Z,32.3925
2026-08-25T20:30:00Z,30.4605
2026-08-25T21:00:00Z,29.631
2026-08-25T21:30:00Z,27.5415
2026-08-25T22:00:00Z,27.552
2026-08-25T22:30:00Z,25.851
2026-08-25T23:00:00Z,24.9375
2026-08-25T23:30:00Z,24.444
2026-08-26T00:00:00Z,24.3915
2026-08-26T00:30:00Z,24.4965
2026-08-26T01:00:00Z,24.276
2026-08-26T01:30:00Z,24.276
2026-08-26T02:00:00Z,24.6015
2026-08-26T02:30:00Z,24.276
2026-08-26T03:00:00Z,24.8745
2026-08-26T03:30:00Z,24.4965
2026-08-26T04:00:00Z,28.014
2026-08-26T04:30:00Z,29.841
2026-08-26T05:00:00Z,29.7885
2026-08-26T05:30:00Z,32.34
2026-08-26T06:00:00Z,32.613
2026-08-26T06:30:00Z,33.369
2026-08-26T07:00:00Z,28.707
2026-08-26T07:30:00Z,29.3895
2026-08-26T08:00:00Z,29.2005
2026-08-26T08:30:00Z,28.7385
2026-08-26T09:00:00Z,30.282
2026-08-26T09:30:00Z,28.182
2026-08-26T10:00:00Z,27.678
2026-08-26T10:30:00Z,25.704
2026-08-26T11:00:00Z,24.2445
2026-08-26T11:30:00Z,23.961
2026-08-26T12:00:00Z,24.0345
2026-08-26T12:30:00Z,22.953
2026-08-26T13:00:00Z,24.129
2026-08-26T13:30:00Z,24.6855
2026-08-26T14:00:00Z,23.5305
2026-08-26T14:30:00Z,24.276
2026-08-26T15:00:00Z,39.522
2026-08-26T15:30:00Z,39.795
2026-08-26T16:00:00Z,44.142
2026-08-26T16:30:00Z,46.3575
2026-08-26T17:00:00Z,48.489
2026-08-26T17:30:00Z,49.2345
2026-08-26T18:00:00Z,33.747
2026-08-26T18:30:00Z,34.209
2026-08-26T19:00:00Z,32.6865
2026-08-26T19:30:00Z,32.697
2026-08-26T20:00:00Z,31.731
2026-08-26T20:30:00Z,26.9955
2026-08-26T21:00:00Z,27.909
2026-08-26T21:30:00Z,26.838
2026-08-26T22:00:00Z,27.426
2026-08-26T22:30:00Z,25.62
2026-08-26T23:00:00Z,25.1895
2026-08-26T23:30:00Z,24.6645
2026-08-27T00:00:00Z,24.0765
2026-08-27T00:30:00Z,24.0765
2026-08-27T01:00:00Z,23.7405
2026-08-27T01:30:00Z,22.302
2026-08-27T02:00:00Z,22.7745
2026-08-27T02:30:00Z,22.5855
2026-08-27T03:00:00Z,22.7745
2026-08-27T03:30:00Z,23.6985
2026-08-27T04:00:00Z,27.363
2026-08-27T04:30:00Z,28.455
2026-08-27T05:00:00Z,28.4655
2026-08-27T05:30:00Z,30.2925
2026-08-27T06:00:00Z,29.001
2026-08-27T06:30:00Z,31.1535
2026-08-27T07:00:00Z,30.6705
2026-08-27T07:30:00Z,31.1745
2026-08-27T08:00:00Z,29.589
2026-08-27T08:30:00Z,29.043
2026-08-27T09:00:00Z,29.3055
2026-08-27T09:30:00Z,28.5495
2026-08-27T10:00:00Z,27.4365
2026-08-27T10:30:00Z,25.8195
2026-08-27T11:00:00Z,26.5965
2026-08-27T11:30:00Z,25.578
2026-08-27T12:00:00Z,24.654
2026-08-27T12:30:00Z,23.835
2026-08-27T13:00:00Z,24.2445
2026-08-27T13:30:00Z,24.0765
2026-08-27T14:00:00Z,22.911
2026-08-27T14:30:00Z,23.9715
2026-08-27T15:00:00Z,37.233
2026-08-27T15:30:00Z,38.178
2026-08-27T16:00:00Z,42.42
2026-08-27T16:30:00Z,45.36
2026-08-27T17:00:00Z,46.137
2026-08-27T17:30:00Z,47.1135
2026-08-27T18:00:00Z,34.398
2026-08-27T18:30:00Z,34.44
2026-08-27T19:00:00Z,33.3165
2026-08-27T19:30:00Z,33.0855
2026-08-27T20:00:00Z,32.8755
2026-08-27T20:30:00Z,30.6495
2026-08-27T21:00:00Z,29.757
2026-08-27T21:30:00Z,28.0245
2026-08-27T22:00:00Z,29.568
2026-08-27T22:30:00Z,29.568
2026-08-27T23:00:00Z,29.463
2026-08-27T23:30:00Z,28.203
2026-08-28T00:00:00Z,28.245
2026-08-28T00:30:00Z,27.6045
2026-08-28T01:00:00Z,26.859
2026-08-28T01:30:00Z,25.788
2026-08-28T02:00:00Z,25.851
2026-08-28T02:30:00Z,25.704
2026-08-28T03:00:00Z,27.5835
2026-08-28T03:30:00Z,27.1425
2026-08-28T04:00:00Z,29.8725
2026-08-28T04:30:00Z,29.61
2026-08-28T05:00:00Z,29.8515
2026-08-28T05:30:00Z,31.4685
2026-08-28T06:00:00Z,29.526
2026-08-28T06:30:00Z,31.0065
2026-08-28T07:00:00Z,30.1455
2026-08-28T07:30:00Z,29.2845
2026-08-28T08:00:00Z,28.2555
2026-08-28T08:30:00Z,26.2395
2026-08-28T09:00:00Z,26.817
2026-08-28T09:30:00Z,28.2345
2026-08-28T10:00:00Z,28.497
2026-08-28T10:30:00Z,28.3185
2026-08-28T11:00:00Z,26.922
2026-08-28T11:30:00Z,25.074
2026-08-28T12:00:00Z,24.8325
2026-08-28T12:30:00Z,23.2995
2026-08-28T13:00:00Z,23.1315
2026-08-28T13:30:00Z,22.953
2026-08-28T14:00:00Z,20.748
2026-08-28T14:30:00Z,20.748
2026-08-28T15:00:00Z,35.0805
2026-08-28T15:30:00Z,35.553
2026-08-28T16:00:00Z,40.257
2026-08-28T16:30:00Z,39.5535
2026-08-28T17:00:00Z,43.1655
2026-08-28T17:30:00Z,43.491
2026-08-28T18:00:00Z,30.639
2026-08-28T18:30:00Z,30.828
2026-08-28T19:00:00Z,31.059
2026-08-28T19:30:00Z,31.1535
2026-08-28T20:00:00Z,31.7205
2026-08-28T20:30:00Z,29.988
2026-08-28T21:00:00Z,28.1925
2026-08-28T21:30:00Z,24.633
2026-08-28T22:00:00Z,22.953
2026-08-28T22:30:00Z,19.4145
2026-08-28T23:00:00Z,17.0835
2026-08-28T23:30:00Z,16.338
2026-08-29T00:00:00Z,16.338
2026-08-29T00:30:00Z,16.338
2026-08-29T01:00:00Z,16.338
2026-08-29T01:30:00Z,16.338
2026-08-29T02:00:00Z,16.1175
2026-08-29T02:30:00Z,15.12
2026-08-29T03:00:00Z,16.338
2026-08-29T03:30:00Z,16.338
2026-08-29T04:00:00Z,16.1175
2026-08-29T04:30:00Z,16.338
2026-08-29T05:00:00Z,16.338
2026-08-29T05:30:00Z,18.7215
2026-08-29T06:00:00Z,18.8685
2026-08-29T06:30:00Z,23.0685
2026-08-29T07:00:00Z,26.376
2026-08-29T07:30:00Z,29.274
2026-08-29T08:00:00Z,30.7545
2026-08-29T08:30:00Z,31.7205
2026-08-29T09:00:00Z,31.9305
2026-08-29T09:30:00Z,32.3715
2026-08-29T10:00:00Z,31.248
2026-08-29T10:30:00Z,31.773
2026-08-29T11:00:00Z,32.235
2026-08-29T11:30:00Z,32.2665
2026-08-29T12:00:00Z,31.773
2026-08-29T12:30:00Z,30.7545
2026-08-29T13:00:00Z,28.791
2026-08-29T13:30:00Z,28.455
2026-08-29T14:00:00Z,28.0455
2026-08-29T14:30:00Z,28.77
2026-08-29T15:00:00Z,44.457
2026-08-29T15:30:00Z,46.074
2026-08-29T16:00:00Z,46.9455
2026-08-29T16:30:00Z,46.8825
2026-08-29T17:00:00Z,46.389
2026-08-29T17:30:00Z,45.9375
2026-08-29T18:00:00Z,33.8415
2026-08-29T18:30:00Z,33.6
2026-08-29T19:00:00Z,34.419
2026-08-29T19:30:00Z,34.062
2026-08-29T20:00:00Z,33.978
2026-08-29T20:30:00Z,31.7415
2026-08-29T21:00:00Z,31.668
2026-08-29T21:30:00Z,26.124
2026-08-29T22:00:00Z,27.9615
2026-08-29T22:30:00Z,27.342
2026-08-29T23:00:00Z,28.434
2026-08-29T23:30:00Z,27.6465
2026-08-30T00:00:00Z,28.245
2026-08-30T00:30:00Z,27.825
2026-08-30T01:00:00Z,26.6385
2026-08-30T01:30:00Z,24.9585
2026-08-30T02:00:00Z,22.7325
2026-08-30T02:30:00Z,22.9005
2026-08-30T03:00:00Z,23.6565
2026-08-30T03:30:00Z,24.192
2026-08-30T04:00:00Z,23.9295
2026-08-30T04:30:00Z,23.121
2026-08-30T05:00:00Z,24.192
2026-08-30T05:30:00Z,24.192
2026-08-30T06:00:00Z,24.4125
2026-08-30T06:30:00Z,26.67
2026-08-30T07:00:00Z,27.2895
2026-08-30T07:30:00Z,28.392
2026-08-30T08:00:00Z,27.5625
2026-08-30T08:30:00Z,26.8695
2026-08-30T09:00:00Z,27.363
2026-08-30T09:30:00Z,26.817
2026-08-30T10:00:00Z,26.124
2026-08-30T10:30:00Z,24.3705
2026-08-30T11:00:00Z,24.9375
2026-08-30T11:30:00Z,24.192
2026-08-30T12:00:00Z,24.192
2026-08-30T12:30:00Z,24.192
2026-08-30T13:00:00Z,23.1735
2026-08-30T13:30:00Z,23.6145
2026-08-30T14:00:00Z,23.73
2026-08-30T14:30:00Z,24.192
2026-08-30T15:00:00Z,36.456
2026-08-30T15:30:00Z,38.892
2026-08-30T16:00:00Z,40.635
2026-08-30T16:30:00Z,41.937
2026-08-30T17:00:00Z,44.4465
2026-08-30T17:30:00Z,44.373
2026-08-30T18:00:00Z,33.7575
2026-08-30T18:30:00Z,33.7575
2026-08-30T19:00:00Z,33.7155
2026-08-30T19:30:00Z,33.3795
2026-08-30T20:00:00Z,31.9935
2026-08-30T20:30:00Z,30.135
2026-08-30T21:00:00Z,27.5835
2026-08-30T21:30:00Z,27.5835
2026-08-30T22:00:00Z,30.156
2026-08-30T22:30:00Z,28.1505
2026-08-30T23:00:00Z,26.985
2026-08-30T23:30:00Z,25.9455
2026-08-31T00:00:00Z,25.116
2026-08-31T00:30:00Z,25.7985
2026-08-31T01:00:00Z,24.5805
2026-08-31T01:30:00Z,24.2235
2026-08-31T02:00:00Z,23.394
2026-08-31T02:30:00Z,22.953
2026-08-31T03:00:00Z,23.415
2026-08-31T03:30:00Z,23.1105
2026-08-31T04:00:00Z,26.901
2026-08-31T04:30:00Z,27.006
2026-08-31T05:00:00Z,30.639
2026-08-31T05:30:00Z,30.177
2026-08-31T06:00:00Z,26.8905
2026-08-31T06:30:00Z,26.8485
2026-08-31T07:00:00Z,21.8505
2026-08-31T07:30:00Z,23.6985
2026-08-31T08:00:00Z,14.6265
2026-08-31T08:30:00Z,10.0695
2026-08-31T09:00:00Z,6.5415
2026-08-31T09:30:00Z,3.7485
2026-08-31T10:00:00Z,3.087
2026-08-31T10:30:00Z,1.596
2026-08-31T11:00:00Z,1.26
2026-08-31T11:30:00Z,-0.315
2026-08-31T12:00:00Z,-0.399
2026-08-31T12:30:00Z,-1.5225
2026-08-31T13:00:00Z,-1.302
2026-08-31T13:30:00Z,-1.0815
2026-08-31T14:00:00Z,-0.189
2026-08-31T14:30:00Z,1.0395
2026-08-31T15:00:00Z,26.355
2026-08-31T15:30:00Z,31.395
2026-08-31T16:00:00Z,42.462
2026-08-31T16:30:00Z,44.268
2026-08-31T17:00:00Z,44.5305
2026-08-31T17:30:00Z,44.1315
2026-08-31T18:00:00Z,33.9255
2026-08-31T18:30:00Z,35.7945
2026-08-31T19:00:00Z,31.332
2026-08-31T19:30:00Z,32.1195
2026-08-31T20:00:00Z,30.3345
2026-08-31T20:30:00Z,29.484
2026-08-31T21:00:00Z,29.4105
2026-08-31T21:30:00Z,26.544
2026-08-31T22:00:00Z,27.804
2026-08-31T22:30:00Z,28.245
2026-08-31T23:00:00Z,28.14
2026-08-31T23:30:00Z,28.0875
2026-09-01T00:00:00Z,25.9455
2026-09-01T00:30:00Z,25.4205
2026-09-01T01:00:00Z,25.4835
2026-09-01T01:30:00Z,25.3785
2026-09-01T02:00:00Z,25.0845
2026-09-01T02:30:00Z,24.276
2026-09-01T03:00:00Z,26.6805
2026-09-01T03:30:00Z,26.523
2026-09-01T04:00:00Z,32.6445
2026-09-01T04:30:00Z,32.382
2026-09-01T05:00:00Z,34.44
2026-09-01T05:30:00Z,35.511
2026-09-01T06:00:00Z,32.4555
2026-09-01T06:30:00Z,33.7155
2026-09-01T07:00:00Z,29.043
2026-09-01T07:30:00Z,26.187
2026-09-01T08:00:00Z,25.0845
2026-09-01T08:30:00Z,19.593
2026-09-01T09:00:00Z,15.792
2026-09-01T09:30:00Z,15.6765
2026-09-01T10:00:00Z,11.046
2026-09-01T10:30:00Z,10.3845
2026-09-01T11:00:00Z,10.8255
2026-09-01T11:30:00Z,10.248
2026-09-01T12:00:00Z,10.8255
2026-09-01T12:30:00Z,10.8255
2026-09-01T13:00:00Z,11.046
2026-09-01T13:30:00Z,11.802
2026-09-01T14:00:00Z,16.1175
2026-09-01T14:30:00Z,15.75
2026-09-01T15:00:00Z,35.91
2026-09-01T15:30:00Z,37.0965
2026-09-01T16:00:00Z,43.932
2026-09-01T16:30:00Z,42.7245
2026-09-01T17:00:00Z,48.888
2026-09-01T17:30:00Z,49.224
2026-09-01T18:00:00Z,37.8
2026-09-01T18:30:00Z,38.388
2026-09-01T19:00:00Z,37.716
2026-09-01T19:30:00Z,36.5505
2026-09-01T20:00:00Z,34.587
2026-09-01T20:30:00Z,32.4345
2026-09-01T21:00:00Z,31.122
2026-09-01T21:30:00Z,29.7885
2026-09-01T22:00:00Z,28.9065
2026-09-01T22:30:00Z,28.4655
2026-09-01T23:00:00Z,26.2185
2026-09-01T23:30:00Z,26.544
2026-09-02T00:00:00Z,25.8615
2026-09-02T00:30:00Z,26.1135
2026-09-02T01:00:00Z,25.8615
2026-09-02T01:30:00Z,25.746
2026-09-02T02:00:00Z,25.8615
2026-09-02T02:30:00Z,25.5675
2026-09-02T03:00:00Z,27.4155
2026-09-02T03:30:00Z,27.279
2026-09-02T04:00:00Z,30.639
2026-09-02T04:30:00Z,31.5525
2026-09-02T05:00:00Z,30.9435
2026-09-02T05:30:00Z,35.427
2026-09-02T06:00:00Z,34.2825
2026-09-02T06:30:00Z,36.393
2026-09-02T07:00:00Z,31.6155
2026-09-02T07:30:00Z,31.773
2026-09-02T08:00:00Z,32.067
2026-09-02T08:30:00Z,30.891
2026-09-02T09:00:00Z,30.6705
2026-09-02T09:30:00Z,29.61
2026-09-02T10:00:00Z,29.3895
2026-09-02T10:30:00Z,29.127
2026-09-02T11:00:00Z,27.3105
2026-09-02T11:30:00Z,26.481
2026-09-02T12:00:00Z,26.922
2026-09-02T12:30:00Z,26.481
2026-09-02T13:00:00Z,26.4915
2026-09-02T13:30:00Z,25.8615
2026-09-02T14:00:00Z,25.8615
2026-09-02T14:30:00Z,26.0295
2026-09-02T15:00:00Z,40.9605
2026-09-02T15:30:00Z,42.105
2026-09-02T16:00:00Z,45.4125
2026-09-02T16:30:00Z,46.578
2026-09-02T17:00:00Z,50.883
2026-09-02T17:30:00Z,49.896
2026-09-02T18:00:00Z,37.7685
2026-09-02T18:30:00Z,37.2435
2026-09-02T19:00:00Z,36.7815
2026-09-02T19:30:00Z,34.2405
2026-09-02T20:00:00Z,32.5185
2026-09-02T20:30:00Z,30.6075
2026-09-02T21:00:00Z,28.0035
2026-09-02T21:30:00Z,25.4205
2026-09-02T22:00:00Z,30.009
2026-09-02T22:30:00Z,29.841
2026-09-02T23:00:00Z,31.8675
2026-09-02T23:30:00Z,27.909
2026-09-03T00:00:00Z,27.657
2026-09-03T00:30:00Z,26.1765
2026-09-03T01:00:00Z,25.284
2026-09-03T01:30:00Z,24.381
2026-09-03T02:00:00Z,24.276
2026-09-03T02:30:00Z,23.7195
2026-09-03T03:00:00Z,25.5255
2026-09-03T03:30:00Z,25.158
2026-09-03T04:00:00Z,27.993
2026-09-03T04:30:00Z,30.8805
2026-09-03T05:00:00Z,30.366
2026-09-03T05:30:00Z,33.957
2026-09-03T06:00:00Z,30.954
2026-09-03T06:30:00Z,33.7575
2026-09-03T07:00:00Z,26.88
2026-09-03T07:30:00Z,26.9745
2026-09-03T08:00:00Z,19.2045
2026-09-03T08:30:00Z,20.706
2026-09-03T09:00:00Z,15.834
2026-09-03T09:30:00Z,15.0885
2026-09-03T10:00:00Z,10.7835
2026-09-03T10:30:00Z,10.668
2026-09-03T11:00:00Z,9.5445
2026-09-03T11:30:00Z,9.2715
2026-09-03T12:00:00Z,8.463
2026-09-03T12:30:00Z,8.232
2026-09-03T13:00:00Z,8.6205
2026-09-03T13:30:00Z,11.1195
2026-09-03T14:00:00Z,13.2825
2026-09-03T14:30:00Z,16.653
2026-09-03T15:00:00Z,33.348
2026-09-03T15:30:00Z,35.469
2026-09-03T16:00:00Z,42.4725
2026-09-03T16:30:00Z,45.8745
2026-09-03T17:00:00Z,48.342
2026-09-03T17:30:00Z,48.384
2026-09-03T18:00:00Z,37.506
2026-09-03T18:30:00Z,37.6845
2026-09-03T19:00:00Z,36.4035
2026-09-03T19:30:00Z,34.419
2026-09-03T20:00:00Z,34.629
2026-09-03T20:30:00Z,28.4655
2026-09-03T21:00:00Z,29.526
2026-09-03T21:30:00Z,26.145
2026-09-03T22:00:00Z,27.8775
2026-09-03T22:30:00Z,25.4205
2026-09-03T23:00:00Z,25.935
2026-09-03T23:30:00Z,23.7825
2026-09-04T00:00:00Z,21.0735
2026-09-04T00:30:00Z,20.8635
2026-09-04T01:00:00Z,21.798
2026-09-04T01:30:00Z,20.811
2026-09-04T02:00:00Z,22.512
2026-09-04T02:30:00Z,21.63
2026-09-04T03:00:00Z,22.512
2026-09-04T03:30:00Z,21.63
2026-09-04T04:00:00Z,23.0895
2026-09-04T04:30:00Z,23.8035
2026-09-04T05:00:00Z,23.4675
2026-09-04T05:30:00Z,26.5335
2026-09-04T06:00:00Z,26.817
2026-09-04T06:30:00Z,27.2895
2026-09-04T07:00:00Z,24.4965
2026-09-04T07:30:00Z,20.664
2026-09-04T08:00:00Z,16.2435
2026-09-04T08:30:00Z,11.151
2026-09-04T09:00:00Z,8.2425
2026-09-04T09:30:00Z,0.903
2026-09-04T10:00:00Z,1.638
2026-09-04T10:30:00Z,-1.0185
2026-09-04T11:00:00Z,-2.709
2026-09-04T11:30:00Z,-2.079
2026-09-04T12:00:00Z,-2.1735
2026-09-04T12:30:00Z,-2.5935
2026-09-04T13:00:00Z,-1.9635
2026-09-04T13:30:00Z,-2.4045
2026-09-04T14:00:00Z,-1.6065
2026-09-04T14:30:00Z,0.2835
2026-09-04T15:00:00Z,16.7475
2026-09-04T15:30:00Z,23.646
2026-09-04T16:00:00Z,32.382
2026-09-04T16:30:00Z,35.196
2026-09-04T17:00:00Z,35.679
2026-09-04T17:30:00Z,36.33
2026-09-04T18:00:00Z,22.3335
2026-09-04T18:30:00Z,24.1395
2026-09-04T19:00:00Z,24.1395
2026-09-04T19:30:00Z,23.1735
2026-09-04T20:00:00Z,22.953
2026-09-04T20:30:00Z,22.2915
2026-09-04T21:00:00Z,18.543
2026-09-04T21:30:00Z,15.8025
2026-09-04T22:00:00Z,11.4135
2026-09-04T22:30:00Z,8.232
2026-09-04T23:00:00Z,8.673
2026-09-04T23:30:00Z,8.2005
2026-09-05T00:00:00Z,8.1795
2026-09-05T00:30:00Z,8.904
2026-09-05T01:00:00Z,7.077
2026-09-05T01:30:00Z,7.0875
2026-09-05T02:00:00Z,6.3315
2026-09-05T02:30:00Z,6.552
2026-09-05T03:00:00Z,4.6515
2026-09-05T03:30:00Z,4.473
2026-09-05T04:00:00Z,5.4705
2026-09-05T04:30:00Z,5.4705
2026-09-05T05:00:00Z,5.4915
2026-09-05T05:30:00Z,5.8905
2026-09-05T06:00:00Z,2.9715
2026-09-05T06:30:00Z,4.431
2026-09-05T07:00:00Z,5.313
2026-09-05T07:30:00Z,4.2105
2026-09-05T08:00:00Z,-0.0525
2026-09-05T08:30:00Z,-2.4045
2026-09-05T09:00:00Z,-1.26
2026-09-05T09:30:00Z,-1.911
2026-09-05T10:00:00Z,-3.15
2026-09-05T10:30:00Z,-2.4255
2026-09-05T11:00:00Z,-2.793
2026-09-05T11:30:00Z,-1.974
2026-09-05T12:00:00Z,-2.751
2026-09-05T12:30:00Z,-2.8035
2026-09-05T13:00:00Z,-2.6355
2026-09-05T13:30:00Z,-0.735
2026-09-05T14:00:00Z,-4.3995
2026-09-05T14:30:00Z,-0.1995
2026-09-05T15:00:00Z,19.0785
2026-09-05T15:30:00Z,28.896
2026-09-05T16:00:00Z,42.609
2026-09-05T16:30:00Z,43.2495
2026-09-05T17:00:00Z,44.5935
2026-09-05T17:30:00Z,45.0345
2026-09-05T18:00:00Z,35.2695
2026-09-05T18:30:00Z,34.8075
2026-09-05T19:00:00Z,35.5215
2026-09-05T19:30:00Z,35.4165
2026-09-05T20:00:00Z,35.091
2026-09-05T20:30:00Z,34.6395
2026-09-05T21:00:00Z,31.773
2026-09-05T21:30:00Z,30.366
2026-09-05T22:00:00Z,32.9595
2026-09-05T22:30:00Z,31.5525
2026-09-05T23:00:00Z,32.403
2026-09-05T23:30:00Z,32.172
2026-09-06T00:00:00Z,30.1875
2026-09-06T00:30:00Z,29.568
2026-09-06T01:00:00Z,28.0665
2026-09-06T01:30:00Z,24.4335
2026-09-06T02:00:00Z,23.9295
2026-09-06T02:30:00Z,19.971
2026-09-06T03:00:00Z,20.685
2026-09-06T03:30:00Z,17.9025
2026-09-06T04:00:00Z,22.3755
2026-09-06T04:30:00Z,20.286
2026-09-06T05:00:00Z,19.6455
2026-09-06T05:30:00Z,18.375
2026-09-06T06:00:00Z,14.7525
2026-09-06T06:30:00Z,12.9885
2026-09-06T07:00:00Z,-1.302
2026-09-06T07:30:00Z,1.89
2026-09-06T08:00:00Z,-0.777
2026-09-06T08:30:00Z,-2.226
2026-09-06T09:00:00Z,-2.2575
2026-09-06T09:30:00Z,-3.171
2026-09-06T10:00:00Z,-3.8115
2026-09-06T10:30:00Z,-3.6645
2026-09-06T11:00:00Z,-3.2445
2026-09-06T11:30:00Z,-4.5255
2026-09-06T12:00:00Z,-4.389
2026-09-06T12:30:00Z,-4.452
2026-09-06T13:00:00Z,-3.2655
2026-09-06T13:30:00Z,-3.507
2026-09-06T14:00:00Z,-3.99
2026-09-06T14:30:00Z,-2.31
2026-09-06T15:00:00Z,28.5285
2026-09-06T15:30:00Z,35.679
2026-09-06T16:00:00Z,43.5645
2026-09-06T16:30:00Z,48.342
2026-09-06T17:00:00Z,47.6805
2026-09-06T17:30:00Z,48.258
2026-09-06T18:00:00Z,36.204
2026-09-06T18:30:00Z,37.3275
2026-09-06T19:00:00Z,35.7525
2026-09-06T19:30:00Z,35.0805
2026-09-06T20:00:00Z,34.9755
2026-09-06T20:30:00Z,31.4685
2026-09-06T21:00:00Z,31.6155
2026-09-06T21:30:00Z,28.833
2026-09-06T22:00:00Z,26.607
2026-09-06T22:30:00Z,28.119
2026-09-06T23:00:00Z,27.8565
2026-09-06T23:30:00Z,28.329
2026-09-07T00:00:00Z,27.489
2026-09-07T00:30:00Z,28.0665
2026-09-07T01:00:00Z,27.8565
2026-09-07T01:30:00Z,27.405
2026-09-07T02:00:00Z,27.405
2026-09-07T02:30:00Z,27.72
2026-09-07T03:00:00Z,29.9985
2026-09-07T03:30:00Z,29.568
2026-09-07T04:00:00Z,33.558
2026-09-07T04:30:00Z,34.2825
2026-09-07T05:00:00Z,36.183
2026-09-07T05:30:00Z,38.1675
2026-09-07T06:00:00Z,34.881
2026-09-07T06:30:00Z,36.204
2026-09-07T07:00:00Z,36.288
2026-09-07T07:30:00Z,34.1565
2026-09-07T08:00:00Z,31.3215
2026-09-07T08:30:00Z,29.3265
2026-09-07T09:00:00Z,25.3785
2026-09-07T09:30:00Z,22.827
2026-09-07T10:00:00Z,20.9895
2026-09-07T10:30:00Z,18.7635
2026-09-07T11:00:00Z,18.2175
2026-09-07T11:30:00Z,17.7135
2026-09-07T12:00:00Z,17.724
2026-09-07T12:30:00Z,16.884
2026-09-07T13:00:00Z,16.842
2026-09-07T13:30:00Z,14.7735
2026-09-07T14:00:00Z,18.543
2026-09-07T14:30:00Z,19.7925
2026-09-07T15:00:00Z,39.144
2026-09-07T15:30:00Z,41.2335
2026-09-07T16:00:00Z,44.1735
2026-09-07T16:30:00Z,47.502
2026-09-07T17:00:00Z,50.043
2026-09-07T17:30:00Z,50.61
2026-09-07T18:00:00Z,38.241
2026-09-07T18:30:00Z,37.905
2026-09-07T19:00:00Z,36.624
2026-09-07T19:30:00Z,34.3665
2026-09-07T20:00:00Z,33.7575
2026-09-07T20:30:00Z,30.6705
2026-09-07T21:00:00Z,28.686
2026-09-07T21:30:00Z,26.964
2026-09-07T22:00:00Z,31.1115
2026-09-07T22:30:00Z,27.531
2026-09-07T23:00:00Z,26.607
2026-09-07T23:30:00Z,23.205
2026-09-08T00:00:00Z,23.289
2026-09-08T00:30:00Z,21.8295
2026-09-08T01:00:00Z,23.1735
2026-09-08T01:30:00Z,22.2915
2026-09-08T02:00:00Z,20.9895
2026-09-08T02:30:00Z,21.3465
2026-09-08T03:00:00Z,22.2495
2026-09-08T03:30:00Z,22.071
2026-09-08T04:00:00Z,19.2045
2026-09-08T04:30:00Z,20.349
2026-09-08T05:00:00Z,27.531
2026-09-08T05:30:00Z,32.256
2026-09-08T06:00:00Z,31.1115
2026-09-08T06:30:00Z,35.1015
2026-09-08T07:00:00Z,28.4025
2026-09-08T07:30:00Z,28.245
2026-09-08T08:00:00Z,23.6145
2026-09-08T08:30:00Z,22.953
2026-09-08T09:00:00Z,21.525
2026-09-08T09:30:00Z,18.7635
2026-09-08T10:00:00Z,15.6135
2026-09-08T10:30:00Z,13.251
2026-09-08T11:00:00Z,12.8415
2026-09-08T11:30:00Z,12.18
2026-09-08T12:00:00Z,9.891
2026-09-08T12:30:00Z,8.778
2026-09-08T13:00:00Z,8.1795
2026-09-08T13:30:00Z,7.182
2026-09-08T14:00:00Z,7.959
2026-09-08T14:30:00Z,10.269
2026-09-08T15:00:00Z,33.348
2026-09-08T15:30:00Z,35.343
2026-09-08T16:00:00Z,40.131
2026-09-08T16:30:00Z,44.919
2026-09-08T17:00:00Z,46.3575
2026-09-08T17:30:00Z,47.859
2026-09-08T18:00:00Z,33.7155
2026-09-08T18:30:00Z,35.1015
2026-09-08T19:00:00Z,36.1935
2026-09-08T19:30:00Z,35.616
2026-09-08T20:00:00Z,34.734
2026-09-08T20:30:00Z,28.896
2026-09-08T21:00:00Z,30.03
2026-09-08T21:30:00Z,26.0715
2026-09-08T22:00:00Z,24.276
2026-09-08T22:30:00Z,22.533
2026-09-08T23:00:00Z,23.058
2026-09-08T23:30:00Z,24.0555
2026-09-09T00:00:00Z,24.0555
2026-09-09T00:30:00Z,25.3785
2026-09-09T01:00:00Z,24.0555
2026-09-09T01:30:00Z,24.0555
2026-09-09T02:00:00Z,22.953
2026-09-09T02:30:00Z,22.638
2026-09-09T03:00:00Z,23.436
2026-09-09T03:30:00Z,23.1105
2026-09-09T04:00:00Z,25.599
2026-09-09T04:30:00Z,30.429
2026-09-09T05:00:00Z,31.6365
2026-09-09T05:30:00Z,36.498
2026-09-09T06:00:00Z,32.634
2026-09-09T06:30:00Z,35.721
2026-09-09T07:00:00Z,31.7205
2026-09-09T07:30:00Z,29.484
2026-09-09T08:00:00Z,30.8385
2026-09-09T08:30:00Z,29.484
2026-09-09T09:00:00Z,29.505
2026-09-09T09:30:00Z,28.686
2026-09-09T10:00:00Z,31.1115
2026-09-09T10:30:00Z,30.912
2026-09-09T11:00:00Z,30.4815
2026-09-09T11:30:00Z,30.177
2026-09-09T12:00:00Z,28.2555
2026-09-09T12:30:00Z,29.253
2026-09-09T13:00:00Z,31.1955
2026-09-09T13:30:00Z,29.568
2026-09-09T14:00:00Z,29.7885
2026-09-09T14:30:00Z,31.395
2026-09-09T15:00:00Z,44.373
2026-09-09T15:30:00Z,45.297
2026-09-09T16:00:00Z,50.9565
2026-09-09T16:30:00Z,54.957
2026-09-09T17:00:00Z,56.28
2026-09-09T17:30:00Z,56.721
2026-09-09T18:00:00Z,44.898
2026-09-09T18:30:00Z,46.221
2026-09-09T19:00:00Z,46.5465
2026-09-09T19:30:00Z,45.402
2026-09-09T20:00:00Z,44.121
2026-09-09T20:30:00Z,39.228
2026-09-09T21:00:00Z,33.4005
2026-09-09T21:30:00Z,30.5655
2026-09-09T22:00:00Z,39.312
2026-09-09T22:30:00Z,35.721
2026-09-09T23:00:00Z,34.2405
2026-09-09T23:30:00Z,32.571
2026-09-10T00:00:00Z,31.752
2026-09-10T00:30:00Z,31.0275
2026-09-10T01:00:00Z,31.017
2026-09-10T01:30:00Z,29.61
2026-09-10T02:00:00Z,30.996
2026-09-10T02:30:00Z,29.3475
2026-09-10T03:00:00Z,31.1955
2026-09-10T03:30:00Z,30.2085
2026-09-10T04:00:00Z,35.238
2026-09-10T04:30:00Z,35.679
2026-09-10T05:00:00Z,36.309
2026-09-10T05:30:00Z,38.325
2026-09-10T06:00:00Z,35.0805
2026-09-10T06:30:00Z,37.2855
2026-09-10T07:00:00Z,32.907
2026-09-10T07:30:00Z,35.1225
2026-09-10T08:00:00Z,36.183
2026-09-10T08:30:00Z,33.579
2026-09-10T09:00:00Z,31.29
2026-09-10T09:30:00Z,27.909
2026-09-10T10:00:00Z,27.258
2026-09-10T10:30:00Z,25.158
2026-09-10T11:00:00Z,25.1895
2026-09-10T11:30:00Z,23.7825
2026-09-10T12:00:00Z,22.995
2026-09-10T12:30:00Z,22.1865
2026-09-10T13:00:00Z,25.158
2026-09-10T13:30:00Z,25.7355
2026-09-10T14:00:00Z,25.7775
2026-09-10T14:30:00Z,28.2555
2026-09-10T15:00:00Z,44.814
2026-09-10T15:30:00Z,44.373
2026-09-10T16:00:00Z,48.1635
2026-09-10T16:30:00Z,49.4445
2026-09-10T17:00:00Z,49.3185
2026-09-10T17:30:00Z,49.4445
2026-09-10T18:00:00Z,37.59
2026-09-10T18:30:00Z,39.312
2026-09-10T19:00:00Z,40.53
2026-09-10T19:30:00Z,39.7845
2026-09-10T20:00:00Z,37.7685
2026-09-10T20:30:00Z,35.994
2026-09-10T21:00:00Z,32.592
2026-09-10T21:30:00Z,29.946
2026-09-10T22:00:00Z,30.7965
2026-09-10T22:30:00Z,30.6075
2026-09-10T23:00:00Z,29.7885
2026-09-10T23:30:00Z,31.5105
2026-09-11T00:00:00Z,29.568
2026-09-11T00:30:00Z,29.568
2026-09-11T01:00:00Z,28.098
2026-09-11T01:30:00Z,28.1085
2026-09-11T02:00:00Z,29.442
2026-09-11T02:30:00Z,29.568
2026-09-11T03:00:00Z,29.085
2026-09-11T03:30:00Z,29.0115
2026-09-11T04:00:00Z,33.6525
2026-09-11T04:30:00Z,34.3035
2026-09-11T05:00:00Z,33.432
2026-09-11T05:30:00Z,36.8445
2026-09-11T06:00:00Z,35.343
2026-09-11T06:30:00Z,37.758
2026-09-11T07:00:00Z,35.2905
2026-09-11T07:30:00Z,34.5555
2026-09-11T08:00:00Z,31.332
2026-09-11T08:30:00Z,29.8725
2026-09-11T09:00:00Z,30.45
2026-09-11T09:30:00Z,29.7885
2026-09-11T10:00:00Z,29.7885
2026-09-11T10:30:00Z,29.652
2026-09-11T11:00:00Z,30.387
2026-09-11T11:30:00Z,30.4815
2026-09-11T12:00:00Z,30.9855
2026-09-11T12:30:00Z,30.5445
2026-09-11T13:00:00Z,30.9855
2026-09-11T13:30:00Z,31.1535
2026-09-11T14:00:00Z,30.0825
2026-09-11T14:30:00Z,28.4655
2026-09-11T15:00:00Z,44.8035
2026-09-11T15:30:00Z,46.4625
2026-09-11T16:00:00Z,55.041
2026-09-11T16:30:00Z,60.8475
2026-09-11T17:00:00Z,63.63
2026-09-11T17:30:00Z,63.525
2026-09-11T18:00:00Z,48.2475
2026-09-11T18:30:00Z,49.1925
2026-09-11T19:00:00Z,46.389
2026-09-11T19:30:00Z,41.79
2026-09-11T20:00:00Z,43.6065
2026-09-11T20:30:00Z,37.1595
2026-09-11T21:00:00Z,36.372
2026-09-11T21:30:00Z,32.4765
2026-09-11T22:00:00Z,34.1985
2026-09-11T22:30:00Z,33.579
2026-09-11T23:00:00Z,33.5685
2026-09-11T23:30:00Z,33.201
2026-09-12T00:00:00Z,30.891
2026-09-12T00:30:00Z,32.466
2026-09-12T01:00:00Z,32.655
2026-09-12T01:30:00Z,28.854
2026-09-12T02:00:00Z,29.967
2026-09-12T02:30:00Z,27.6675
2026-09-12T03:00:00Z,30.9435
2026-09-12T03:30:00Z,28.245
2026-09-12T04:00:00Z,28.602
2026-09-12T04:30:00Z,27.4995
2026-09-12T05:00:00Z,26.649
2026-09-12T05:30:00Z,26.649
2026-09-12T06:00:00Z,25.515
2026-09-12T06:30:00Z,24.9375
2026-09-12T07:00:00Z,20.433
2026-09-12T07:30:00Z,18.9525
2026-09-12T08:00:00Z,11.046
2026-09-12T08:30:00Z,5.796
2026-09-12T09:00:00Z,-0.1785
2026-09-12T09:30:00Z,-2.079
2026-09-12T10:00:00Z,-2.625
2026-09-12T10:30:00Z,-2.625
2026-09-12T11:00:00Z,-2.625
2026-09-12T11:30:00Z,-2.625
2026-09-12T12:00:00Z,-2.373
2026-09-12T12:30:00Z,-1.9635
2026-09-12T13:00:00Z,-1.5015
2026-09-12T13:30:00Z,1.764
2026-09-12T14:00:00Z,-0.483
2026-09-12T14:30:00Z,6.741
2026-09-12T15:00:00Z,26.124
2026-09-12T15:30:00Z,35.889
2026-09-12T16:00:00Z,43.4595
2026-09-12T16:30:00Z,49.1715
2026-09-12T17:00:00Z,48.153
2026-09-12T17:30:00Z,48.972
2026-09-12T18:00:00Z,35.7
2026-09-12T18:30:00Z,37.086
2026-09-12T19:00:00Z,36.876
2026-09-12T19:30:00Z,36.183
2026-09-12T20:00:00Z,36.0675
2026-09-12T20:30:00Z,36.7395
2026-09-12T21:00:00Z,35.07
2026-09-12T21:30:00Z,32.7495
2026-09-12T22:00:00Z,31.815
2026-09-12T22:30:00Z,31.773
2026-09-12T23:00:00Z,31.92
2026-09-12T23:30:00Z,31.1745
2026-09-13T00:00:00Z,30.723
2026-09-13T00:30:00Z,30.912
2026-09-13T01:00:00Z,31.2165
2026-09-13T01:30:00Z,30.807
2026-09-13T02:00:00Z,31.1325
2026-09-13T02:30:00Z,30.891
2026-09-13T03:00:00Z,31.773
2026-09-13T03:30:00Z,31.5105
2026-09-13T04:00:00Z,33.18
2026-09-13T04:30:00Z,31.9515
2026-09-13T05:00:00Z,33.7995
2026-09-13T05:30:00Z,33.4005
2026-09-13T06:00:00Z,32.76
2026-09-13T06:30:00Z,31.311
2026-09-13T07:00:00Z,31.92
2026-09-13T07:30:00Z,37.359
2026-09-13T08:00:00Z,37.653
2026-09-13T08:30:00Z,39.711
2026-09-13T09:00:00Z,38.6085
2026-09-13T09:30:00Z,36.6765
2026-09-13T10:00:00Z,34.3035
2026-09-13T10:30:00Z,34.986
2026-09-13T11:00:00Z,36.1095
2026-09-13T11:30:00Z,35.385
2026-09-13T12:00:00Z,35.0805
2026-09-13T12:30:00Z,33.999
2026-09-13T13:00:00Z,31.836
2026-09-13T13:30:00Z,32.571
2026-09-13T14:00:00Z,32.466
2026-09-13T14:30:00Z,33.6735
2026-09-13T15:00:00Z,48.8565
2026-09-13T15:30:00Z,53.1405
2026-09-13T16:00:00Z,53.4135
2026-09-13T16:30:00Z,53.4135
2026-09-13T17:00:00Z,56.763
2026-09-13T17:30:00Z,55.482
2026-09-13T18:00:00Z,43.1025
2026-09-13T18:30:00Z,45.0975
2026-09-13T19:00:00Z,45.024
2026-09-13T19:30:00Z,44.163
2026-09-13T20:00:00Z,42.357
2026-09-13T20:30:00Z,38.703
2026-09-13T21:00:00Z,37.3695
2026-09-13T21:30:00Z,34.6395
2026-09-13T22:00:00Z,36.708
2026-09-13T22:30:00Z,33.747
2026-09-13T23:00:00Z,34.6185
2026-09-13T23:30:00Z,33.537
2026-09-14T00:00:00Z,33.3165
2026-09-14T00:30:00Z,35.2905
2026-09-14T01:00:00Z,35.091
2026-09-14T01:30:00Z,33.033
2026-09-14T02:00:00Z,32.8755
2026-09-14T02:30:00Z,32.8755
2026-09-14T03:00:00Z,34.776
2026-09-14T03:30:00Z,34.2405
2026-09-14T04:00:00Z,40.4985
2026-09-14T04:30:00Z,43.68
2026-09-14T05:00:00Z,42.798
2026-09-14T05:30:00Z,45.444
2026-09-14T06:00:00Z,45.003
2026-09-14T06:30:00Z,46.977
2026-09-14T07:00:00Z,43.953
2026-09-14T07:30:00Z,43.932
2026-09-14T08:00:00Z,39.8265
2026-09-14T08:30:00Z,37.2855
2026-09-14T09:00:00Z,35.658
2026-09-14T09:30:00Z,34.608
2026-09-14T10:00:00Z,35.994
2026-09-14T10:30:00Z,33.978
2026-09-14T11:00:00Z,31.8885
2026-09-14T11:30:00Z,32.0775
2026-09-14T12:00:00Z,32.193
2026-09-14T12:30:00Z,30.345
2026-09-14T13:00:00Z,31.5525
2026-09-14T13:30:00Z,30.2715
2026-09-14T14:00:00Z,35.2695
2026-09-14T14:30:00Z,38.0835
2026-09-14T15:00:00Z,49.539
2026-09-14T15:30:00Z,54.054
2026-09-14T16:00:00Z,58.926
2026-09-14T16:30:00Z,58.086
2026-09-14T17:00:00Z,58.7055
2026-09-14T17:30:00Z,58.7055
2026-09-14T18:00:00Z,43.113
2026-09-14T18:30:00Z,43.0185
2026-09-14T19:00:00Z,42.5565
2026-09-14T19:30:00Z,39.522
2026-09-14T20:00:00Z,36.4035
2026-09-14T20:30:00Z,34.1985
2026-09-14T21:00:00Z,35.7945
2026-09-14T21:30:00Z,32.214
2026-09-14T22:00:00Z,34.86
2026-09-14T22:30:00Z,35.2275
2026-09-14T23:00:00Z,34.419
2026-09-14T23:30:00Z,33.978
2026-09-15T00:00:00Z,32.7495
2026-09-15T00:30:00Z,32.655
2026-09-15T01:00:00Z,31.1115
2026-09-15T01:30:00Z,30.5025
2026-09-15T02:00:00Z,31.332
2026-09-15T02:30:00Z,30.303
2026-09-15T03:00:00Z,32.592
2026-09-15T03:30:00Z,32.1195
2026-09-15T04:00:00Z,33.5265
2026-09-15T04:30:00Z,34.9335
2026-09-15T05:00:00Z,37.9365
2026-09-15T05:30:00Z,39.4065
2026-09-15T06:00:00Z,39.4065
2026-09-15T06:30:00Z,41.685
2026-09-15T07:00:00Z,35.5635
2026-09-15T07:30:00Z,33.8415
2026-09-15T08:00:00Z,31.332
2026-09-15T08:30:00Z,29.169
2026-09-15T09:00:00Z,28.4655
2026-09-15T09:30:00Z,27.1425
2026-09-15T10:00:00Z,23.667
2026-09-15T10:30:00Z,23.289
2026-09-15T11:00:00Z,24.9375
2026-09-15T11:30:00Z,24.717
2026-09-15T12:00:00Z,23.289
2026-09-15T12:30:00Z,24.0345
2026-09-15T13:00:00Z,25.242
2026-09-15T13:30:00Z,25.1475
2026-09-15T14:00:00Z,28.686
2026-09-15T14:30:00Z,28.938
2026-09-15T15:00:00Z,43.869
2026-09-15T15:30:00Z,45.255
2026-09-15T16:00:00Z,49.3605
2026-09-15T16:30:00Z,51.408
2026-09-15T17:00:00Z,54.8205
2026-09-15T17:30:00Z,56.175
2026-09-15T18:00:00Z,42.7245
2026-09-15T18:30:00Z,44.121
2026-09-15T19:00:00Z,40.3725
2026-09-15T19:30:00Z,37.569
2026-09-15T20:00:00Z,36.4035
2026-09-15T20:30:00Z,31.2795
2026-09-15T21:00:00Z,32.655
2026-09-15T21:30:00Z,29.2845
2026-09-15T22:00:00Z,28.4655
2026-09-15T22:30:00Z,26.3865
2026-09-15T23:00:00Z,27.7725
2026-09-15T23:30:00Z,27.741
2026-09-16T00:00:00Z,28.1505
2026-09-16T00:30:00Z,28.959
2026-09-16T01:00:00Z,30.366
2026-09-16T01:30:00Z,30.0405
2026-09-16T02:00:00Z,30.1875
2026-09-16T02:30:00Z,29.358
2026-09-16T03:00:00Z,32.4765
2026-09-16T03:30:00Z,31.941
2026-09-16T04:00:00Z,35.7525
2026-09-16T04:30:00Z,37.233
2026-09-16T05:00:00Z,37.7265
2026-09-16T05:30:00Z,37.947
2026-09-16T06:00:00Z,37.947
2026-09-16T06:30:00Z,39.5955
2026-09-16T07:00:00Z,35.973
2026-09-16T07:30:00Z,34.23
2026-09-16T08:00:00Z,32.508
2026-09-16T08:30:00Z,31.0275
2026-09-16T09:00:00Z,30.6285
2026-09-16T09:30:00Z,30.744
2026-09-16T10:00:00Z,30.45
2026-09-16T10:30:00Z,30.45
2026-09-16T11:00:00Z,31.647
2026-09-16T11:30:00Z,31.647
2026-09-16T12:00:00Z,31.3215
2026-09-16T12:30:00Z,30.4395
2026-09-16T13:00:00Z,29.5995
2026-09-16T13:30:00Z,29.2005
2026-09-16T14:00:00Z,29.904
2026-09-16T14:30:00Z,30.45
2026-09-16T15:00:00Z,45.5385
2026-09-16T15:30:00Z,48.258
2026-09-16T16:00:00Z,52.941
2026-09-16T16:30:00Z,53.193
2026-09-16T17:00:00Z,55.398
2026-09-16T17:30:00Z,55.398
2026-09-16T18:00:00Z,42.42
2026-09-16T18:30:00Z,41.979
2026-09-16T19:00:00Z,38.388
2026-09-16T19:30:00Z,37.065
2026-09-16T20:00:00Z,33.495
2026-09-16T20:30:00Z,31.5525
2026-09-16T21:00:00Z,31.332
2026-09-16T21:30:00Z,29.568
2026-09-16T22:00:00Z,30.1245
2026-09-16T22:30:00Z,27.804
2026-09-16T23:00:00Z,26.25
2026-09-16T23:30:00Z,24.948
2026-09-17T00:00:00Z,23.079
2026-09-17T00:30:00Z,22.7325
2026-09-17T01:00:00Z,22.407
2026-09-17T01:30:00Z,21.735
2026-09-17T02:00:00Z,21.084
2026-09-17T02:30:00Z,20.412
2026-09-17T03:00:00Z,23.2575
2026-09-17T03:30:00Z,23.2155
2026-09-17T04:00:00Z,24.024
2026-09-17T04:30:00Z,24.9375
2026-09-17T05:00:00Z,25.599
2026-09-17T05:30:00Z,30.891
2026-09-17T06:00:00Z,30.387
2026-09-17T06:30:00Z,33.18
2026-09-17T07:00:00Z,30.618
2026-09-17T07:30:00Z,27.363
2026-09-17T08:00:00Z,20.6325
2026-09-17T08:30:00Z,12.012
2026-09-17T09:00:00Z,4.872
2026-09-17T09:30:00Z,2.8665
2026-09-17T10:00:00Z,-0.2205
2026-09-17T10:30:00Z,-1.7115
2026-09-17T11:00:00Z,-1.7325
2026-09-17T11:30:00Z,-2.079
2026-09-17T12:00:00Z,-1.302
2026-09-17T12:30:00Z,-1.743
2026-09-17T13:00:00Z,-1.9845
2026-09-17T13:30:00Z,-1.2495
2026-09-17T14:00:00Z,4.872
2026-09-17T14:30:00Z,6.678
2026-09-17T15:00:00Z,22.323
2026-09-17T15:30:00Z,32.109
2026-09-17T16:00:00Z,37.716
2026-09-17T16:30:00Z,42.168
2026-09-17T17:00:00Z,46.9035
2026-09-17T17:30:00Z,47.46
2026-09-17T18:00:00Z,35.1435
2026-09-17T18:30:00Z,35.784
2026-09-17T19:00:00Z,34.293
2026-09-17T19:30:00Z,33.537
2026-09-17T20:00:00Z,32.5185
2026-09-17T20:30:00Z,29.106
2026-09-17T21:00:00Z,29.2635
2026-09-17T21:30:00Z,24.507
2026-09-17T22:00:00Z,25.158
2026-09-17T22:30:00Z,20.4855
2026-09-17T23:00:00Z,20.3385
2026-09-17T23:30:00Z,22.0395
2026-09-18T00:00:00Z,22.26
2026-09-18T00:30:00Z,23.1525
2026-09-18T01:00:00Z,23.457
2026-09-18T01:30:00Z,21.966
2026-09-18T02:00:00Z,20.727
2026-09-18T02:30:00Z,19.6455
2026-09-18T03:00:00Z,20.559
2026-09-18T03:30:00Z,19.614
2026-09-18T04:00:00Z,19.299
2026-09-18T04:30:00Z,24.528
2026-09-18T05:00:00Z,26.838
2026-09-18T05:30:00Z,30.6495
2026-09-18T06:00:00Z,34.86
2026-09-18T06:30:00Z,37.107
2026-09-18T07:00:00Z,31.1115
2026-09-18T07:30:00Z,28.7175
2026-09-18T08:00:00Z,25.473
2026-09-18T08:30:00Z,17.388
2026-09-18T09:00:00Z,10.9725
2026-09-18T09:30:00Z,6.699
2026-09-18T10:00:00Z,3.8115
2026-09-18T10:30:00Z,1.512
2026-09-18T11:00:00Z,1.785
2026-09-18T11:30:00Z,1.323
2026-09-18T12:00:00Z,0.84
2026-09-18T12:30:00Z,-0.1575
2026-09-18T13:00:00Z,1.1025
2026-09-18T13:30:00Z,-0.357
2026-09-18T14:00:00Z,-0.5355
2026-09-18T14:30:00Z,4.6935
2026-09-18T15:00:00Z,23.0265
2026-09-18T15:30:00Z,30.0825
2026-09-18T16:00:00Z,37.317
2026-09-18T16:30:00Z,39.9315
2026-09-18T17:00:00Z,41.6955
2026-09-18T17:30:00Z,41.5695
2026-09-18T18:00:00Z,28.1295
2026-09-18T18:30:00Z,28.245
2026-09-18T19:00:00Z,31.437
2026-09-18T19:30:00Z,28.8015
2026-09-18T20:00:00Z,26.901
2026-09-18T20:30:00Z,22.722
2026-09-18T21:00:00Z,18.06
2026-09-18T21:30:00Z,14.0595
2026-09-18T22:00:00Z,4.494
2026-09-18T22:30:00Z,0.6825
2026-09-18T23:00:00Z,3.654
2026-09-18T23:30:00Z,0.462
2026-09-19T00:00:00Z,-0.021
2026-09-19T00:30:00Z,-3.7275
2026-09-19T01:00:00Z,-1.365
2026-09-19T01:30:00Z,-1.974
2026-09-19T02:00:00Z,-4.3155
2026-09-19T02:30:00Z,-4.0845
2026-09-19T03:00:00Z,-3.7275
2026-09-19T03:30:00Z,-3.864
2026-09-19T04:00:00Z,-3.696
2026-09-19T04:30:00Z,-4.305
2026-09-19T05:00:00Z,-2.5935
2026-09-19T05:30:00Z,-2.94
2026-09-19T06:00:00Z,-2.226
2026-09-19T06:30:00Z,-2.457
2026-09-19T07:00:00Z,-1.4385
2026-09-19T07:30:00Z,-0.6615
2026-09-19T08:00:00Z,0.2835
2026-09-19T08:30:00Z,-0.1575
2026-09-19T09:00:00Z,-2.0055
2026-09-19T09:30:00Z,-2.73
2026-09-19T10:00:00Z,-2.94
2026-09-19T10:30:00Z,-2.373
2026-09-19T11:00:00Z,-2.7615
2026-09-19T11:30:00Z,-2.8455
2026-09-19T12:00:00Z,-3.2235
2026-09-19T12:30:00Z,-3.3495
2026-09-19T13:00:00Z,-4.095
2026-09-19T13:30:00Z,-3.57
2026-09-19T14:00:00Z,-1.449
2026-09-19T14:30:00Z,0.735
2026-09-19T15:00:00Z,9.6075
2026-09-19T15:30:00Z,15.981
2026-09-19T16:00:00Z,22.1655
2026-09-19T16:30:00Z,28.6545
2026-09-19T17:00:00Z,34.146
2026-09-19T17:30:00Z,34.902
2026-09-19T18:00:00Z,21.4725
2026-09-19T18:30:00Z,21.462
2026-09-19T19:00:00Z,17.4405
2026-09-19T19:30:00Z,14.994
2026-09-19T20:00:00Z,18.144
2026-09-19T20:30:00Z,14.133
2026-09-19T21:00:00Z,13.251
2026-09-19T21:30:00Z,7.518
2026-09-19T22:00:00Z,-0.1995
2026-09-19T22:30:00Z,-0.1995
2026-09-19T23:00:00Z,-3.507
2026-09-19T23:30:00Z,-3.57
2026-09-20T00:00:00Z,-1.7115
2026-09-20T00:30:00Z,-1.89
2026-09-20T01:00:00Z,-2.4045
2026-09-20T01:30:00Z,-3.003
2026-09-20T02:00:00Z,-3.7275
2026-09-20T02:30:00Z,-4.2315
2026-09-20T03:00:00Z,-1.7535
2026-09-20T03:30:00Z,-2.9295
2026-09-20T04:00:00Z,-2.6145
2026-09-20T04:30:00Z,-3.7275
2026-09-20T05:00:00Z,-3.087
2026-09-20T05:30:00Z,-3.15
2026-09-20T06:00:00Z,-2.184
2026-09-20T06:30:00Z,-1.5645
2026-09-20T07:00:00Z,-2.4045
2026-09-20T07:30:00Z,-2.4045
2026-09-20T08:00:00Z,-2.52
2026-09-20T08:30:00Z,-2.4045
2026-09-20T09:00:00Z,-3.507
2026-09-20T09:30:00Z,-3.7275
2026-09-20T10:00:00Z,-3.948
2026-09-20T10:30:00Z,-3.717
2026-09-20T11:00:00Z,-4.053
2026-09-20T11:30:00Z,-3.738
2026-09-20T12:00:00Z,-5.124
2026-09-20T12:30:00Z,-4.5675
2026-09-20T13:00:00Z,-4.2945
2026-09-20T13:30:00Z,-2.499
2026-09-20T14:00:00Z,-4.6515
2026-09-20T14:30:00Z,-1.659
2026-09-20T15:00:00Z,7.6965
2026-09-20T15:30:00Z,21.567
2026-09-20T16:00:00Z,47.565
2026-09-20T16:30:00Z,46.3365
2026-09-20T17:00:00Z,51.0615
2026-09-20T17:30:00Z,52.269
2026-09-20T18:00:00Z,39.9315
2026-09-20T18:30:00Z,40.593
2026-09-20T19:00:00Z,40.9605
2026-09-20T19:30:00Z,39.7635
2026-09-20T20:00:00Z,38.6085
2026-09-20T20:30:00Z,38.01
2026-09-20T21:00:00Z,35.742
2026-09-20T21:30:00Z,30.8805
2026-09-20T22:00:00Z,33.6945
2026-09-20T22:30:00Z,32.928
2026-09-20T23:00:00Z,31.1115
2026-09-20T23:30:00Z,32.571
2026-09-21T00:00:00Z,29.757
2026-09-21T00:30:00Z,31.647
2026-09-21T01:00:00Z,32.2665
2026-09-21T01:30:00Z,31.5525
2026-09-21T02:00:00Z,30.2505
2026-09-21T02:30:00Z,29.9355
2026-09-21T03:00:00Z,31.479
2026-09-21T03:30:00Z,30.891
2026-09-21T04:00:00Z,33.096
2026-09-21T04:30:00Z,33.873
2026-09-21T05:00:00Z,38.8605
2026-09-21T05:30:00Z,39.8685
2026-09-21T06:00:00Z,41.7375
2026-09-21T06:30:00Z,42.357
2026-09-21T07:00:00Z,41.2545
2026-09-21T07:30:00Z,41.37
2026-09-21T08:00:00Z,37.6425
2026-09-21T08:30:00Z,35.5215
2026-09-21T09:00:00Z,34.881
2026-09-21T09:30:00Z,33.6525
2026-09-21T10:00:00Z,32.3085
2026-09-21T10:30:00Z,30.4605
2026-09-21T11:00:00Z,30.009
2026-09-21T11:30:00Z,29.4945
2026-09-21T12:00:00Z,29.0955
2026-09-21T12:30:00Z,28.9485
2026-09-21T13:00:00Z,28.4655
2026-09-21T13:30:00Z,28.4655
2026-09-21T14:00:00Z,29.0955
2026-09-21T14:30:00Z,29.4735
2026-09-21T15:00:00Z,43.218
2026-09-21T15:30:00Z,47.964
2026-09-21T16:00:00Z,52.0275
2026-09-21T16:30:00Z,54.3795
2026-09-21T17:00:00Z,57.939
2026-09-21T17:30:00Z,58.3485
2026-09-21T18:00:00Z,43.26
2026-09-21T18:30:00Z,43.05
2026-09-21T19:00:00Z,42.5775
2026-09-21T19:30:00Z,39.4905
2026-09-21T20:00:00Z,39.249
2026-09-21T20:30:00Z,33.2745
2026-09-21T21:00:00Z,35.0805
2026-09-21T21:30:00Z,31.9935
2026-09-21T22:00:00Z,31.6575
2026-09-21T22:30:00Z,29.3475
2026-09-21T23:00:00Z,29.505
2026-09-21T23:30:00Z,28.5075
2026-09-22T00:00:00Z,30.3555
2026-09-22T00:30:00Z,30.66
2026-09-22T01:00:00Z,30.4605
2026-09-22T01:30:00Z,28.9695
2026-09-22T02:00:00Z,28.6545
2026-09-22T02:30:00Z,28.2765
2026-09-22T03:00:00Z,29.7885
2026-09-22T03:30:00Z,28.2765
2026-09-22T04:00:00Z,29.736
2026-09-22T04:30:00Z,32.571
2026-09-22T05:00:00Z,36.351
2026-09-22T05:30:00Z,40.1835
2026-09-22T06:00:00Z,39.9315
2026-09-22T06:30:00Z,44.5725
2026-09-22T07:00:00Z,38.2305
2026-09-22T07:30:00Z,37.086
2026-09-22T08:00:00Z,32.5815
2026-09-22T08:30:00Z,29.3895
2026-09-22T09:00:00Z,28.9485
2026-09-22T09:30:00Z,28.8435
2026-09-22T10:00:00Z,29.568
2026-09-22T10:30:00Z,29.3055
2026-09-22T11:00:00Z,29.5785
2026-09-22T11:30:00Z,30.261
2026-09-22T12:00:00Z,30.4815
2026-09-22T12:30:00Z,30.891
2026-09-22T13:00:00Z,29.8305
2026-09-22T13:30:00Z,30.3975
2026-09-22T14:00:00Z,31.9305
2026-09-22T14:30:00Z,34.6395
2026-09-22T15:00:00Z,42.441
2026-09-22T15:30:00Z,57.8865
2026-09-22T16:00:00Z,76.902
2026-09-22T16:30:00Z,85.491
2026-09-22T17:00:00Z,86.268
2026-09-22T17:30:00Z,90.6045
2026-09-22T18:00:00Z,76.2195
2026-09-22T18:30:00Z,78.708
2026-09-22T19:00:00Z,62.8635
2026-09-22T19:30:00Z,51.072
2026-09-22T20:00:00Z,47.649
2026-09-22T20:30:00Z,41.7165
2026-09-22T21:00:00Z,38.388
2026-09-22T21:30:00Z,33.978
2026-09-22T22:00:00Z,28.938
2026-09-22T22:30:00Z,27.804
2026-09-22T23:00:00Z,29.085
2026-09-22T23:30:00Z,27.594
2026-09-23T00:00:00Z,29.3475
2026-09-23T00:30:00Z,28.1295
2026-09-23T01:00:00Z,28.854
2026-09-23T01:30:00Z,28.119
2026-09-23T02:00:00Z,28.917
2026-09-23T02:30:00Z,27.804
2026-09-23T03:00:00Z,28.224
2026-09-23T03:30:00Z,27.594
2026-09-23T04:00:00Z,28.9065
2026-09-23T04:30:00Z,29.82
2026-09-23T05:00:00Z,33.201
2026-09-23T05:30:00Z,37.3275
2026-09-23T06:00:00Z,36.9075
2026-09-23T06:30:00Z,39.123
2026-09-23T07:00:00Z,30.45
2026-09-23T07:30:00Z,30.2925
2026-09-23T08:00:00Z,28.4655
2026-09-23T08:30:00Z,28.4655
2026-09-23T09:00:00Z,32.3085
2026-09-23T09:30:00Z,28.4235
2026-09-23T10:00:00Z,27.258
2026-09-23T10:30:00Z,25.158
2026-09-23T11:00:00Z,24.717
2026-09-23T11:30:00Z,23.9925
2026-09-23T12:00:00Z,24.948
2026-09-23T12:30:00Z,23.0895
2026-09-23T13:00:00Z,22.47
2026-09-23T13:30:00Z,22.47
2026-09-23T14:00:00Z,23.184
2026-09-23T14:30:00Z,24.507
2026-09-23T15:00:00Z,41.0655
2026-09-23T15:30:00Z,41.3595
2026-09-23T16:00:00Z,44.5935
2026-09-23T16:30:00Z,49.077
2026-09-23T17:00:00Z,50.988
2026-09-23T17:30:00Z,53.823
2026-09-23T18:00:00Z,39.3645
2026-09-23T18:30:00Z,40.236
2026-09-23T19:00:00Z,36.309
2026-09-23T19:30:00Z,33.117
2026-09-23T20:00:00Z,30.744
2026-09-23T20:30:00Z,30.3345
2026-09-23T21:00:00Z,29.4525
2026-09-23T21:30:00Z,29.4945
2026-09-23T22:00:00Z,31.0905
2026-09-23T22:30:00Z,29.3055
2026-09-23T23:00:00Z,28.917
2026-09-23T23:30:00Z,28.623
2026-09-24T00:00:00Z,27.426
2026-09-24T00:30:00Z,26.1975
2026-09-24T01:00:00Z,25.2
2026-09-24T01:30:00Z,26.397
2026-09-24T02:00:00Z,26.292
2026-09-24T02:30:00Z,25.7565
2026-09-24T03:00:00Z,25.998
2026-09-24T03:30:00Z,25.305
2026-09-24T04:00:00Z,28.161
2026-09-24T04:30:00Z,29.358
2026-09-24T05:00:00Z,33.285
2026-09-24T05:30:00Z,35.91
2026-09-24T06:00:00Z,35.0805
2026-09-24T06:30:00Z,37.485
2026-09-24T07:00:00Z,36.9075
2026-09-24T07:30:00Z,33.075
2026-09-24T08:00:00Z,30.891
2026-09-24T08:30:00Z,26.1555
2026-09-24T09:00:00Z,29.568
2026-09-24T09:30:00Z,27.342
2026-09-24T10:00:00Z,23.835
2026-09-24T10:30:00Z,19.908
2026-09-24T11:00:00Z,21.3465
2026-09-24T11:30:00Z,20.4015
2026-09-24T12:00:00Z,20.706
2026-09-24T12:30:00Z,18.3855
2026-09-24T13:00:00Z,18.7425
2026-09-24T13:30:00Z,19.005
2026-09-24T14:00:00Z,19.5615
2026-09-24T14:30:00Z,21.966
2026-09-24T15:00:00Z,40.6245
2026-09-24T15:30:00Z,42.1365
2026-09-24T16:00:00Z,48.216
2026-09-24T16:30:00Z,49.077
2026-09-24T17:00:00Z,49.476
2026-09-24T17:30:00Z,50.6205
2026-09-24T18:00:00Z,38.8815
2026-09-24T18:30:00Z,39.291
2026-09-24T19:00:00Z,40.152
2026-09-24T19:30:00Z,38.493
2026-09-24T20:00:00Z,35.2695
2026-09-24T20:30:00Z,31.122
2026-09-24T21:00:00Z,32.592
2026-09-24T21:30:00Z,30.618
2026-09-24T22:00:00Z,30.009
2026-09-24T22:30:00Z,28.434
2026-09-24T23:00:00Z,28.1505
2026-09-24T23:30:00Z,27.804
2026-09-25T00:00:00Z,27.363
2026-09-25T00:30:00Z,27.888
2026-09-25T01:00:00Z,27.1425
2026-09-25T01:30:00Z,27.804
2026-09-25T02:00:00Z,27.258
2026-09-25T02:30:00Z,27.1425
2026-09-25T03:00:00Z,27.5835
2026-09-25T03:30:00Z,27.5835
2026-09-25T04:00:00Z,31.3845
2026-09-25T04:30:00Z,31.9935
2026-09-25T05:00:00Z,35.742
2026-09-25T05:30:00Z,37.17
2026-09-25T06:00:00Z,39.4695
2026-09-25T06:30:00Z,42.378
2026-09-25T07:00:00Z,34.5975
2026-09-25T07:30:00Z,34.3455
2026-09-25T08:00:00Z,30.7125
2026-09-25T08:30:00Z,30.282
2026-09-25T09:00:00Z,29.8305
2026-09-25T09:30:00Z,29.0535
2026-09-25T10:00:00Z,27.594
2026-09-25T10:30:00Z,27.2055
2026-09-25T11:00:00Z,27.5415
2026-09-25T11:30:00Z,27.3945
2026-09-25T12:00:00Z,26.229
2026-09-25T12:30:00Z,26.859
2026-09-25T13:00:00Z,26.6805
2026-09-25T13:30:00Z,26.586
2026-09-25T14:00:00Z,26.4495
2026-09-25T14:30:00Z,25.158
2026-09-25T15:00:00Z,44.415
2026-09-25T15:30:00Z,46.683
2026-09-25T16:00:00Z,52.731
2026-09-25T16:30:00Z,54.6525
2026-09-25T17:00:00Z,56.385
2026-09-25T17:30:00Z,57.4245
2026-09-25T18:00:00Z,43.134
2026-09-25T18:30:00Z,42.462
2026-09-25T19:00:00Z,39.312
2026-09-25T19:30:00Z,37.9365
2026-09-25T20:00:00Z,35.154
2026-09-25T20:30:00Z,32.928
2026-09-25T21:00:00Z,30.6915
2026-09-25T21:30:00Z,30.5655
2026-09-25T22:00:00Z,34.8285
2026-09-25T22:30:00Z,32.445
2026-09-25T23:00:00Z,31.7625
2026-09-25T23:30:00Z,30.009
2026-09-26T00:00:00Z,29.316
2026-09-26T00:30:00Z,28.245
2026-09-26T01:00:00Z,28.1925
2026-09-26T01:30:00Z,27.741
2026-09-26T02:00:00Z,27.783
2026-09-26T02:30:00Z,27.0375
2026-09-26T03:00:00Z,28.56
2026-09-26T03:30:00Z,27.804
2026-09-26T04:00:00Z,30.9225
2026-09-26T04:30:00Z,31.3845
2026-09-26T05:00:00Z,33.348
2026-09-26T05:30:00Z,35.931
2026-09-26T06:00:00Z,32.739
2026-09-26T06:30:00Z,34.9965
2026-09-26T07:00:00Z,29.2005
2026-09-26T07:30:00Z,28.413
2026-09-26T08:00:00Z,18.543
2026-09-26T08:30:00Z,15.981
2026-09-26T09:00:00Z,13.356
2026-09-26T09:30:00Z,7.6335
2026-09-26T10:00:00Z,5.229
2026-09-26T10:30:00Z,4.1265
2026-09-26T11:00:00Z,3.2655
2026-09-26T11:30:00Z,2.226
2026-09-26T12:00:00Z,2.9085
2026-09-26T12:30:00Z,1.533
2026-09-26T13:00:00Z,5.0295
2026-09-26T13:30:00Z,5.964
2026-09-26T14:00:00Z,18.7635
2026-09-26T14:30:00Z,20.5065
2026-09-26T15:00:00Z,36.75
2026-09-26T15:30:00Z,39.3015
2026-09-26T16:00:00Z,46.347
2026-09-26T16:30:00Z,50.232
2026-09-26T17:00:00Z,48.846
2026-09-26T17:30:00Z,49.6755
2026-09-26T18:00:00Z,37.317
2026-09-26T18:30:00Z,36.288
2026-09-26T19:00:00Z,35.7315
2026-09-26T19:30:00Z,31.8465
2026-09-26T20:00:00Z,31.878
2026-09-26T20:30:00Z,30.072
2026-09-26T21:00:00Z,29.3475
2026-09-26T21:30:00Z,29.652
2026-09-26T22:00:00Z,31.5525
2026-09-26T22:30:00Z,31.227
2026-09-26T23:00:00Z,30.1665
2026-09-26T23:30:00Z,29.106
2026-09-27T00:00:00Z,29.778
2026-09-27T00:30:00Z,28.644
2026-09-27T01:00:00Z,28.875
2026-09-27T01:30:00Z,27.1845
2026-09-27T02:00:00Z,27.1425
2026-09-27T02:30:00Z,26.271
2026-09-27T03:00:00Z,26.565
2026-09-27T03:30:00Z,24.675
2026-09-27T04:00:00Z,30.45
2026-09-27T04:30:00Z,25.536
2026-09-27T05:00:00Z,26.481
2026-09-27T05:30:00Z,25.998
2026-09-27T06:00:00Z,21.8505
2026-09-27T06:30:00Z,21.8505
2026-09-27T07:00:00Z,9.6915
2026-09-27T07:30:00Z,9.723
2026-09-27T08:00:00Z,1.5015
2026-09-27T08:30:00Z,0.42
2026-09-27T09:00:00Z,-1.302
2026-09-27T09:30:00Z,-1.302
2026-09-27T10:00:00Z,-2.1105
2026-09-27T10:30:00Z,-2.541
2026-09-27T11:00:00Z,-2.331
2026-09-27T11:30:00Z,-1.9635
2026-09-27T12:00:00Z,-1.9635
2026-09-27T12:30:00Z,-1.47
2026-09-27T13:00:00Z,-2.4045
2026-09-27T13:30:00Z,-1.302
2026-09-27T14:00:00Z,-2.0895
2026-09-27T14:30:00Z,2.079
2026-09-27T15:00:00Z,29.82
2026-09-27T15:30:00Z,34.0095
2026-09-27T16:00:00Z,39.774
2026-09-27T16:30:00Z,45.297
2026-09-27T17:00:00Z,46.578
2026-09-27T17:30:00Z,47.355
2026-09-27T18:00:00Z,33.7575
2026-09-27T18:30:00Z,33.096
2026-09-27T19:00:00Z,31.8255
2026-09-27T19:30:00Z,30.219
2026-09-27T20:00:00Z,29.589
2026-09-27T20:30:00Z,29.106
2026-09-27T21:00:00Z,28.161
2026-09-27T21:30:00Z,23.835
2026-09-27T22:00:00Z,28.686
2026-09-27T22:30:00Z,28.686
2026-09-27T23:00:00Z,28.266
2026-09-27T23:30:00Z,27.8775
2026-09-28T00:00:00Z,26.9955
2026-09-28T00:30:00Z,27.4785
2026-09-28T01:00:00Z,26.481
2026-09-28T01:30:00Z,25.851
2026-09-28T02:00:00Z,26.922
2026-09-28T02:30:00Z,26.6385
2026-09-28T03:00:00Z,28.77
2026-09-28T03:30:00Z,28.9905
2026-09-28T04:00:00Z,33.873
2026-09-28T04:30:00Z,33.8415
2026-09-28T05:00:00Z,37.8735
2026-09-28T05:30:00Z,40.4355
2026-09-28T06:00:00Z,41.034
2026-09-28T06:30:00Z,43.869
2026-09-28T07:00:00Z,41.034
2026-09-28T07:30:00Z,39.4905
2026-09-28T08:00:00Z,37.7265
2026-09-28T08:30:00Z,34.6395
2026-09-28T09:00:00Z,32.2245
2026-09-28T09:30:00Z,29.8935
2026-09-28T10:00:00Z,26.922
2026-09-28T10:30:00Z,26.04
2026-09-28T11:00:00Z,25.683
2026-09-28T11:30:00Z,25.3575
2026-09-28T12:00:00Z,26.4495
2026-09-28T12:30:00Z,26.04
2026-09-28T13:00:00Z,28.0245
2026-09-28T13:30:00Z,28.5285
2026-09-28T14:00:00Z,34.419
2026-09-28T14:30:00Z,36.3615
2026-09-28T15:00:00Z,53.193
2026-09-28T15:30:00Z,58.926
2026-09-28T16:00:00Z,63.7875
2026-09-28T16:30:00Z,66.864
2026-09-28T17:00:00Z,69.7515
2026-09-28T17:30:00Z,69.951
2026-09-28T18:00:00Z,51.4395
2026-09-28T18:30:00Z,49.035
2026-09-28T19:00:00Z,42.1365
2026-09-28T19:30:00Z,37.842
2026-09-28T20:00:00Z,36.813
2026-09-28T20:30:00Z,32.6865
2026-09-28T21:00:00Z,32.0775
2026-09-28T21:30:00Z,33.537
2026-09-28T22:00:00Z,33.054
2026-09-28T22:30:00Z,32.214
2026-09-28T23:00:00Z,29.19
2026-09-28T23:30:00Z,28.4865
2026-09-29T00:00:00Z,28.9275
2026-09-29T00:30:00Z,27.804
2026-09-29T01:00:00Z,27.804
2026-09-29T01:30:00Z,27.699
2026-09-29T02:00:00Z,27.72
2026-09-29T02:30:00Z,26.775
2026-09-29T03:00:00Z,27.7935
2026-09-29T03:30:00Z,27.7935
2026-09-29T04:00:00Z,30.051
2026-09-29T04:30:00Z,30.828
2026-09-29T05:00:00Z,34.3245
2026-09-29T05:30:00Z,37.485
2026-09-29T06:00:00Z,36.7605
2026-09-29T06:30:00Z,37.485
2026-09-29T07:00:00Z,33.1695
2026-09-29T07:30:00Z,31.9725
2026-09-29T08:00:00Z,32.445
2026-09-29T08:30:00Z,32.151
2026-09-29T09:00:00Z,27.72
2026-09-29T09:30:00Z,24.57
2026-09-29T10:00:00Z,21.0105
2026-09-29T10:30:00Z,15.6765
2026-09-29T11:00:00Z,15.7395
2026-09-29T11:30:00Z,13.9125
2026-09-29T12:00:00Z,14.511
2026-09-29T12:30:00Z,12.2745
2026-09-29T13:00:00Z,17.0625
2026-09-29T13:30:00Z,18.879
2026-09-29T14:00:00Z,24.234
2026-09-29T14:30:00Z,28.6335
2026-09-29T15:00:00Z,44.373
2026-09-29T15:30:00Z,47.6385
2026-09-29T16:00:00Z,49.959
2026-09-29T16:30:00Z,51.429
2026-09-29T17:00:00Z,52.5315
2026-09-29T17:30:00Z,52.3005
2026-09-29T18:00:00Z,37.4955
2026-09-29T18:30:00Z,35.364
2026-09-29T19:00:00Z,33.684
2026-09-29T19:30:00Z,29.2215
2026-09-29T20:00:00Z,29.6625
2026-09-29T20:30:00Z,24.6855
2026-09-29T21:00:00Z,24.339
2026-09-29T21:30:00Z,16.5165
2026-09-29T22:00:00Z,15.372
2026-09-29T22:30:00Z,12.0015
2026-09-29T23:00:00Z,11.8125
2026-09-29T23:30:00Z,11.151
2026-09-30T00:00:00Z,11.3505
2026-09-30T00:30:00Z,10.542
2026-09-30T01:00:00Z,8.7465
2026-09-30T01:30:00Z,9.0615
2026-09-30T02:00:00Z,9.849
2026-09-30T02:30:00Z,9.849
2026-09-30T03:00:00Z,10.143
2026-09-30T03:30:00Z,9.9435
2026-09-30T04:00:00Z,13.671
2026-09-30T04:30:00Z,16.443
2026-09-30T05:00:00Z,20.5275
2026-09-30T05:30:00Z,29.442
2026-09-30T06:00:00Z,30.198
2026-09-30T06:30:00Z,34.6395
2026-09-30T07:00:00Z,29.568
2026-09-30T07:30:00Z,29.568
2026-09-30T08:00:00Z,28.4655
2026-09-30T08:30:00Z,27.258
2026-09-30T09:00:00Z,22.428
2026-09-30T09:30:00Z,20.328
2026-09-30T10:00:00Z,17.4405
2026-09-30T10:30:00Z,15.981
2026-09-30T11:00:00Z,14.3955
2026-09-30T11:30:00Z,13.965
2026-09-30T12:00:00Z,16.632
2026-09-30T12:30:00Z,15.8235
2026-09-30T13:00:00Z,18.543
2026-09-30T13:30:00Z,18.6795
2026-09-30T14:00:00Z,21.8505
2026-09-30T14:30:00Z,24.0345
2026-09-30T15:00:00Z,39.963
2026-09-30T15:30:00Z,41.9475
2026-09-30T16:00:00Z,39.7425
2026-09-30T16:30:00Z,44.6775
2026-09-30T17:00:00Z,47.502
2026-09-30T17:30:00Z,49.1505
2026-09-30T18:00:00Z,37.8525
2026-09-30T18:30:00Z,38.0835
2026-09-30T19:00:00Z,37.1385
2026-09-30T19:30:00Z,34.461
2026-09-30T20:00:00Z,32.214
2026-09-30T20:30:00Z,28.581
2026-09-30T21:00:00Z,27.909
2026-09-30T21:30:00Z,28.161
2026-09-30T22:00:00Z,28.9065
2026-09-30T22:30:00Z,28.119
